128
0000000000000000000000000000000000000000000000000000000000000000000000000000000000000000000000000000000000000000000000000000000000000000000000000000000000000000000000000000000000000000000000000000000000000000000000000000000000000000000000000000000000000000000000000000000000000000000000000000000000000000000000000000000000000000000000000000000000000000000000000000000000000000000000000000000000000000 0000000000000000000000000000000000000000000000000000000000000000000000000000000000000000000000000000000000000000000000000000000000000000000000000000000000000000000000000000000000000000000000000000000000000000000000000000000000000000000000000000000000000000000000000000000000000000000000000000000000000000000000000000000000000000000000000000000000000000000000000000000000000000000000000000000000000000 0000000000000000000000000000000000000000000000000000000000000000000000000000000000000000000000000000000000000000000000000000000000000000000000000000000000000000000000000000000000000000000000000000000000000000000000000000000000000000000000000000000000000000000000000000000000000000000000000000000000000000000000000000000000000000000000000000000000000000000000000000000000000000000000000000000000000000 0000000000000000000000000000000000000000000000000000000000000000000000000000000000000000000000000000000000000000000000000000000000000000000000000000000000000000000000000000000000000000000000000000000000000000000000000000000000000000000000000000000000000000000000000000000000000000000000000000000000000000000000000000000000000000000000000000000000000000000000000000000000000000000000000000000000000000 eaf1ff7b5ceca24975f644e97f30a13b16f53526e70465c21841f924a2c509e4940c7922ae3a26148c3ee88a1ccf32c8b87c5a554fd00ecb613670957bc4661164befef28cc970f205e5635a21d9ae6101f22f1a11a5569f43b831cd0347c82681a57c16dbcf555fa9a6e6260d712103eb5aa93f2317d63530935ab7d08ffc64ad30a6f71b19059c8c5bda0cd6192e7690fee5a0a44647c4ff97a42d7f8e6fd48b284e056253d057bd1547306f80494dd598261ea65aa9ee84d5ccf933c0478af1258f7940e1dde7 eaf1ff7b5ceca24975f644e97f30a13b16f53526e70465c21841f924a2c509e4940c7922ae3a26148c3ee88a1ccf32c8b87c5a554fd00ecb613670957bc4661164befef28cc970f205e5635a21d9ae6101f22f1a11a5569f43b831cd0347c82681a57c16dbcf555fa9a6e6260d712103eb5aa93f2317d63530935ab7d08ffc64ad30a6f71b19059c8c5bda0cd6192e7690fee5a0a44647c4ff97a42d7f8e6fd48b284e056253d057bd1547306f80494dd598261ea65aa9ee84d5ccf933c0478af1258f7940e1dde7 eaf1ff7b5ceca24975f644e97f30a13b16f53526e70465c21841f924a2c509e4940c7922ae3a26148c3ee88a1ccf32c8b87c5a554fd00ecb613670957bc4661164befef28cc970f205e5635a21d9ae6101f22f1a11a5569f43b831cd0347c82681a57c16dbcf555fa9a6e6260d712103eb5aa93f2317d63530935ab7d08ffc64ad30a6f71b19059c8c5bda0cd6192e7690fee5a0a44647c4ff97a42d7f8e6fd48b284e056253d057bd1547306f80494dd598261ea65aa9ee84d5ccf933c0478af1258f7940e1dde7 eaf1ff7b5ceca24975f644e97f30a13b16f53526e70465c21841f924a2c509e4940c7922ae3a26148c3ee88a1ccf32c8b87c5a554fd00ecb613670957bc4661164befef28cc970f205e5635a21d9ae6101f22f1a11a5569f43b831cd0347c82681a57c16dbcf555fa9a6e6260d712103eb5aa93f2317d63530935ab7d08ffc64ad30a6f71b19059c8c5bda0cd6192e7690fee5a0a44647c4ff97a42d7f8e6fd48b284e056253d057bd1547306f80494dd598261ea65aa9ee84d5ccf933c0478af1258f7940e1dde7
ffffffffffffffffffffffffffffffffffffffffffffffffffffffffffffffffffffffffffffffffffffffffffffffffffffffffffffffffffffffffffffffffffffffffffffffffffffffffffffffffffffffffffffffffffffffffffffffffffffffffffffffffffffffffffffffffffffffffffffffffffffffffffffffffffffffffffffffffffffffffffffffffffffffffffffffffffffffffffffffffffffffffffffffffffffffffffffffffffffffffffffffffffffffffffffffffffffffffffffffff ffffffffffffffffffffffffffffffffffffffffffffffffffffffffffffffffffffffffffffffffffffffffffffffffffffffffffffffffffffffffffffffffffffffffffffffffffffffffffffffffffffffffffffffffffffffffffffffffffffffffffffffffffffffffffffffffffffffffffffffffffffffffffffffffffffffffffffffffffffffffffffffffffffffffffffffffffffffffffffffffffffffffffffffffffffffffffffffffffffffffffffffffffffffffffffffffffffffffffffffff ffffffffffffffffffffffffffffffffffffffffffffffffffffffffffffffffffffffffffffffffffffffffffffffffffffffffffffffffffffffffffffffffffffffffffffffffffffffffffffffffffffffffffffffffffffffffffffffffffffffffffffffffffffffffffffffffffffffffffffffffffffffffffffffffffffffffffffffffffffffffffffffffffffffffffffffffffffffffffffffffffffffffffffffffffffffffffffffffffffffffffffffffffffffffffffffffffffffffffffffff ffffffffffffffffffffffffffffffffffffffffffffffffffffffffffffffffffffffffffffffffffffffffffffffffffffffffffffffffffffffffffffffffffffffffffffffffffffffffffffffffffffffffffffffffffffffffffffffffffffffffffffffffffffffffffffffffffffffffffffffffffffffffffffffffffffffffffffffffffffffffffffffffffffffffffffffffffffffffffffffffffffffffffffffffffffffffffffffffffffffffffffffffffffffffffffffffffffffffffffffff 3f82afe91ca4b9b0caa831f1a5dc86cec6bc1f3512a665aee8c3c28faf02c7f519866a26cbc8bdc2554d327de6fbad9b2725f1f14230421340cf4eba54a2285dcc4cc7fca665bfadf63b60e27cea6f0e1a9ce5e4b37ddcd3ce442e92c6728660f03ce56503e82921ddad454b84d7ab05004650c533b7bfb39e5d924f1a65ed480bfaeb81a299b5d4eb5e5b55ca4fb4902213b79d9055207c4f44330558eb182ff0f711ba0547331d8bb6f30a010f8228d6539abf24095b97cdf5aa0d21af5e789f00f21bba6817c4 3f82afe91ca4b9b0caa831f1a5dc86cec6bc1f3512a665aee8c3c28faf02c7f519866a26cbc8bdc2554d327de6fbad9b2725f1f14230421340cf4eba54a2285dcc4cc7fca665bfadf63b60e27cea6f0e1a9ce5e4b37ddcd3ce442e92c6728660f03ce56503e82921ddad454b84d7ab05004650c533b7bfb39e5d924f1a65ed480bfaeb81a299b5d4eb5e5b55ca4fb4902213b79d9055207c4f44330558eb182ff0f711ba0547331d8bb6f30a010f8228d6539abf24095b97cdf5aa0d21af5e789f00f21bba6817c4 3f82afe91ca4b9b0caa831f1a5dc86cec6bc1f3512a665aee8c3c28faf02c7f519866a26cbc8bdc2554d327de6fbad9b2725f1f14230421340cf4eba54a2285dcc4cc7fca665bfadf63b60e27cea6f0e1a9ce5e4b37ddcd3ce442e92c6728660f03ce56503e82921ddad454b84d7ab05004650c533b7bfb39e5d924f1a65ed480bfaeb81a299b5d4eb5e5b55ca4fb4902213b79d9055207c4f44330558eb182ff0f711ba0547331d8bb6f30a010f8228d6539abf24095b97cdf5aa0d21af5e789f00f21bba6817c4 3f82afe91ca4b9b0caa831f1a5dc86cec6bc1f3512a665aee8c3c28faf02c7f519866a26cbc8bdc2554d327de6fbad9b2725f1f14230421340cf4eba54a2285dcc4cc7fca665bfadf63b60e27cea6f0e1a9ce5e4b37ddcd3ce442e92c6728660f03ce56503e82921ddad454b84d7ab05004650c533b7bfb39e5d924f1a65ed480bfaeb81a299b5d4eb5e5b55ca4fb4902213b79d9055207c4f44330558eb182ff0f711ba0547331d8bb6f30a010f8228d6539abf24095b97cdf5aa0d21af5e789f00f21bba6817c4
0f23f019de087055ff5f576dff0ecf0bb37339e1955b0d518923bc564561f377bdae1703842957d81a793e7080eb849196d6bf5750f25861d95d89a12e7081e2e99cad48a79fe4eb94ccf797d2b9e97993674afe6793ff475fa9ec0e24d4a54d26e0c090ad4d89de52d873359e3e23d9e9b9d4e2feca80d888f9a0b2aa7568081f69f901f7b317e79f00942eba9cc52d31ea2a2c06d6dd578ef8dc1bcc6ae9843e23af875e8f644c6cf2af81492cb42441dfb69a11db93c30ce7c497a6b09c3bfe800d6569fa1b4d 83b16615ef069daa7b432d71cf4146e7895d14b945714935188f29b705574cacd15f57a0843abc95031c42b3da0e1967fd3ec079855e48372f103273263adf8832b8eddf5fac98f91d0a6ebf264d28a89eec16a73e04334e85a2ae066abc8e93f9bff3a129fb17bc5fcad996b966580cde00b47b05c45d36787185be10d7349fc16aa746ae7e2a0be8ac7131b14bd5a0e60c214163e80932d1bd9e3d4042dfcdb4b531a29747e2493525658ed7cb5b3f2aba9538473cc9ac396344cc656b991e655c490aca48d5f5 fa8616f1e4ace79d6dd8a0abd61963dac69d6391f6d3839d6a1d6c561a56917f0efaf2445d8464777436548609ef5a0379e299411b0f38f256e5bf5f7b43fd085963a16c06bf800835b9a5f0342ecadde020ceced1f4871394fcb0712193c79c09923dfc5db33b6aead1a4dad0ab252071fdc53f03c8a870639eae9ab02eeeed12e4d46382c4c83d72e41ef4d7174ea0aac662de9f3528b1045a9683e92343b6f9a3470c447177580966a315cd708058c835845e0217b1fb479800c23e8bcf25d6a891d7a2e8ba11 416aaec0e18ed3ffaab57cb8d2a26f61a19618b3e014754bdd5b36a129881afe31f78df0841bfcc784e2c8c258f4e7490fda1df99d556a9c9d5c475d2ddd45d74f8e259aa61d92333ff995b15d07e1f03afaa90dba7d057ad383c0896a6a9493a057fa5435ed2c0b6f646d97096095612000d5acaff14af4b36e84ae9cf632d1dafc290734f7f1b2790d70f68ca4f88361687ef4c45a37ec38b852a515acf9dfc2fe3a66088014378d1dc7e3f942761b9e4e4f5758a657b48572d8bd9512ea600c49fb6f428bf912 5784d4ea0626d1add45003db687c1c5b0b050fcb2855927608bfb6fe1a45596b28d30772dded2c58231bbdf50de7054891da5fa7ebe838036c59cbd81bfadba8e1d79fa6992e62f936e42ab5470fb479de924d27c7c1ab5507fb52b945aeeb6468bf39e2a5190eb6b553d68cae8c57ad9a746d29160763ef99b3e3db50000a9ea26aa46292f9dbd1530f81645e334c2b857d5ce3ae7426f4c5323b3ee7f756c34da2d34ba9ae727bc8b879b0f454cd9dd13117d0225a16a6bac8f601236554182ca619a46f1010df cc33667f11ceaa794bd1e75d1789067b658399369f7362fffc8b2703fa592008327cabf8e9896b74c0b4c66a1219bfe17271459af08638ca362a6e46846b0158f55c8ab5688159b97977d5c6f253b8992ab6d7109a223266f0d5b458ef20247b429dec51fb4c664397181cb75310ab132ea0a11c73e128bdc71db37b2e9ac988b6ce30bb2493285d4d000ba7661a22eb3bb7e1a2234bef9451c2175150c3b024d7c8ff0492c45a33ef27ff2fe545304fd70de5ccf816c78aba026eee6a7bc8e5f0f13498ea613995 546a73947979322abc123299cf15e49e19a6a222f1db942aff0ca9310b022eb744fc25872adf288ceb7bf98bcefff7856b2f4487f38aa7e042ae715ac74d79086d3e3104ba22cf37d26118682eac5bb7b5e8317f3a905a3e4475d5a98ca7417d6b9e350a98e3ec9bb77c236d6f5efe37908530c72a8538cb77e91e4d9814846d585c781dd3ce3be3d7b8176f1a6cfc490364f1211a197ce0c700e05b4e73e6ebf205545f90dd6ff766164240558fd05664cc67602849e83cdd70d104d9715dc80c14d51033d8209e 5da03fc8551ceac6af87d84d5d6e716a5572d7ed626fc74563a7a65033050a290ab1586258b6544bf7e084abc0158a600092dc1e018fb5503828d1cfdaaf99fb9c41d61d7fe6d8aa492c371fc44f3eda88b974966c69772b0447ce6190599d625d3a5975d17f5a33a7f2a1c8c24e1fb6e2689816f29ea598fcfbcdcb53f1e2ad73faf70268b04912c8acd68e541c34f8bf199236d792d361c94b64f969f9116946bc85d6fe4492d7216c2aebd5cace08a2098d6cdbfd9c58b71a67834db2ac0c3964bf205a7d28d3
5da9086eab36258606665314946a3fb90eb8147ff477ebee2f4c37b896d385a5a46c92df848438d43a837a5c984e3ee9f69d7331a6d4a97ba56b24e28bea02fe8e2adbb2d3fe3e02432e24378ed7de3ed4a8a631d34a8730e7105551ef22cb2678e68de4f27eea727b641e8da85c149b26a32f94859a5b6d5f27563ef1d6570352eeff78a9931ebecad1a4766000c0ffa56d0507cba662ba675f92f443130c22c6274c9802def1811a5e1c49e956762d10e133803dca514fe47f76d18bb2da3bbbb264997ab6d198 caccd240ef7fcb143e3da1dc6b53f17635fb71b2ca053b0029887a7fe6518fdf60ead2b1178b74b6ff2e0a3fb5ca365a3c159d1a439a47951a1174c314aba6d864df905ff3bfd5b3e046387c57a8ef2da6c086ccfb313bdaa0f9c425094ce714f3be37a747a92054a14905f69ffc56b922ba173e63174471031d0a5322dec6fc159dff4a1173b4d5537ad82949903ea8b33c1ba1d2599addb7956299d274d82dc371c4ddb7ecac353c664ae12f7ee8e4fcbd7b2be540e0242205ef9998d5dcdd55396a01afc3e84d f2603fd80a5c6d3e247f45ba51ec739971e02bd9af1b621d178ce26ce84a415f4e99b76b4a9a82dae3c7f85a40651472a908c8fe7d45c276f8b13aeec43f7e0a7580c4ddc4ebed917b1fc838171dfc29c9ccf988a7ad96450c18d3bf10de93e265c8915f511cfcdb5b05f8809aec431db49b63bbd52fadc6b65ffd7305a0281644eaf2b6e40effa93887af4dbb96f0091eb8b53c99a695a2721e614ef6424effff3f0b890f5d0de4d71360e2e1c200a590302f69a56679d64c06c72c1acd3be1dc455652ab357182 44278c0a6a4642e49793a2f353a59f5ae43416549c7a36f7ef170e3adf6c023351b67e01543404ba309f4ccc2efaaa6e34bbad2155799c97d1b87d19f08c6115cb295fd707e31c6d407e487c52e9795f2443a9d297b3f1bc77c69226b752d21862fbe6395a05d53286d748376c37fb850f5baf053ac8cd9ee1d9b7a8117dfea3f60640e0dc4f10431ebcdaa598213cba2d481db7c39d50db9f18056dbf4ead80fc77c43f4ca7fc7885690bbcd0781c4051b30107e58313a76d39a80aebee3bd0e5ad4906143c5a64 2a0c96d89fdfd8451ae3e116b26f7e623b05027ede0cfecebc4972c7a74be1a58883b9e7d2f5994c359c8e3ddb3f7c5ad14bf70c65be2ab82dd28b19975c17f65c9a676ca37c124da3e1a2351e343238b550641c43bc434d3f2a14aeddac18dee445d496a14b9300488101c440aed73861d2c0214cc9679d4d44e3aa90ff866907d11defa86f61f06c5993d8fe08ba6ae745283c3bcb318fe706e3e1819bac0d99afe7393730f99d5021e59e78ed98a440184cd9c6d6c3052ca810252e83fb28edca554261625768 c851c816d799d034d0328c8391f0f17f45f69ff1b50efdbf8b858744b19b01916d7078c86ee1f549a652c5ff0d05a013fd0310d69007ca90bf928afddfb661a692643cc2aad4fd34ec199a14b2d4f0da2b4f4daf59d0c9060bb27917aa08e04190e56e257c353f8005ac602cc353beb70b1fac33b648407c16d77187881453fa35c9dc85269cc2870164f44b141c2f11ea93fefa99eeb002e7fd529d5a1c0bd421a0d6504a031379abf1be56ce9dcd080184ada868071250d93cf581d6d64f1d5550dbaba3dbc868 f41b61b6c3e58d29540d1344cd4e63aec92ccd7676c7bead3f5cff4e119ea3557d97a38fe4dd297a18391fa45106d2c551bb61abfdc21d1aeaf18434f4b6efd522c7574256c15d49286d04dba63d77cd5d85724824f03d81407d3a62e60520a1b82c14cce879fc829b566102187d8a707052a441cf9b9d64412e863e6f312aec688fbdb368a2ea4f5911b8ef4efcffea1d3861566fcc12a5e6fdaa8746979a8e8e7312cb998fc152fe73288124fd2c12d8f0d10f603eaf65a7f39fc30890bf43b89d16766d9d6fc2 4ea625b119cb23cf747985ad4622ce924ac42ab00218ae396d1cc4fbfd84b27d3eadf3a241181416a9cf45cac33f65dc887a252e3df34544067567a49cb0f2e4aa0efb8f46d3febd2cebc34137025d072a3ae528f8dcce8521839a945190220a854555150658118caefaf4cda33f357dc57891ae87fd9d3d937ff4cbe32061d0002955f52dce5896172bc65cdc5438a9c68ce02fdf0bd1611ea2baee80e8d09d83bcff660a57c59152e6337832a2823eb332285e0729a952bc452465fe40c00040383f399a6e98db
8c5a36d41946251999d1a54e2d9c2dc27303c1c7f63c064ea6d5e76d1b17f3e955fe7e91c7df7a5dfa1cfcff14c742d85f28ccd3bda7137ef142dfa2474a505e858aafaa01de2d048fa9da30edcd244c220c6e7bc6606506398fbac31e91850c5eba054d8fa74f1240aa95151992357870ceb45273ba5552bace31271772e7dd71965a03b7658d075d996a3ebc8a7027775c62fdb71eb8d6fd4aa3a998816ac392a0edd70359b1a00f963b7f293fc4284a9dbd84f31ce562ea59e804a64036cfad4dc27dc99cf761 2d8fe2185d84d35d28c96c3f2a41faa8ea633c41c2a9a2ad9360fab52d6cdf929ad5ad14ea8787ddfb9d79f2c6fbc5d6afa497ce71070b8154f2677023920a94cabc56354e747a609b80b4ed6c104366e93d852ea6c500a76fb89079a85f5a920b118e1414112842991ce3d95bb208936ee8d7f46d8d64da4f08f27f1ed78989b2d1785138dd014b71fedfae2ae7a89a57dbb3a62a14c510d47b2aeca2f33a64ce88b3be5ea2e4ed8a53fd7cc7c2cc35408274b8e2222639706307885c479a4da23bfc2aba78cf13 fff7e45d02084c0b7a392d9753c8aadeaa149506e759d4b7916146a12879d3516c3a59c0334f71735c3e208c2aaa4e2ffaa9ee8284d0195d3a3e2e2ad4a8ea8819e3cd5b8bc66787fa4b58e59fc70f9847f079eddb1a36b548492bc2e1049c8c7fd804c0f865c7c3fd42ae2a5725e8927c6e207a049291f1824112ca6768765d1ac49a5c08219c25dc69933ba3f0c76bb7a7cdf1bb9487258f2baf04f940aa319ccfcd6fe26044b8a0785bfa74fea57290b3f44d3926a73c0d5d4a3334d08e2030985cbacd16adbb 59c6f40b9c17d9160a1819a741c28ecb8eb6311dd83d85c049a754d5cb431d7a712abdb988d9e03abc74a65fa0cb2f64c42e67c4839085afb6acf300e4330fb0b9402ec0d86dcfef8133d6542aab7c96e1f415a728e4615441f915a27154577aca0ef0d399b461f945783a60b33f3e840f58317bcf21f7ab19bfa0a43bfd65213c651a898823124519f51a90ba84b3a2e735e2ac1bf3160e0bd7bff309e50adb19e0e4bc69d3cd013cf1188ed0a0b7ee480dcf82967d9a5a1ab2312ca3bdbaef7a52dba84f383e53 7e22c177f24e7c946d6a7e2733301d378700668f4c9b346ebde2f861e45e2f24ea941b616b78a15ec0c43dbbaface26a12c642ebf72277297dcda6a88dfecf82e9eb96fb2e26bff95473aa6f75534a8a84f1becd97da52026a0388f457842bd9f41f4aee93b9a7d2c2bdeaa44b1ca5a1ca888df6d8976e3477c2f7faeb0efa6b1770ed6b589a106fc7d118a08d9bf8d51082bacd5277dcdcfa8a9c5d303ec75a94b0d133719bece7547f71ffc4c34522c2c01927ae1f1658ad62ff8b9b0ab595ba080eb269713a57 15ab31f63de98e450efa42234b40b9aab2ab8d3ee3ffc5fd1b0c8360fd3f29c27bc50224ca61354b8ad5616bf6dd367a89ffbab44e0aea3e1a30783f3a3f589bcdd44043cc9609b8bfe389b70b96549278188008b02ef0bf250f2b14dd4b682da7ffed109b28f292a4f4b3a50c9a3b79d909cb3eb9f1451ed75ef9b4cdf100e74485aa1245ff956cffb5e995c3e7ac4eb91b83efed8af5cd71d82d2972c6768c28f7ae461a478affa42911ab82f5d389d00910a44be017d63023b27ea37ef37fd1c67780264d4474 f549f783850c06838c41e7a1bae031cecae909995dc02b69070e5e2ba8acf9a8c9763b2204f7a17842181d634705bac7f67b8b7cd62199d801a7ad76bcc681be0683eddc2c187c1fe870f4b3871ed82d3a5e0d20ea430c3b59100386dc425558e308550c05fe2c9054698388a1193c0bab7aeb77c925710afc639d2cc7d652dc942f5473e3f9f8a65a78b763730b62fb596e74277a9e1e94c7e628e70abf1af6efb62acb4a6b5bd9816a89031be0b48e67ba6ed2e11800428aabab426c4f99760493efa43a3a3e9b 5f278628979ef005127bb2e77df8c6aa33831b22ff711989954e9f34107503b97f7479f414f531b84d08d5c97542dad387615b15748f8056f105b67d33ab3af256bb83d674d89f9cf8cb61df0649839165d22d4812af3706b9bd2cecd9b83b876b524e1b0f14f179c8bd68052364904d8da135763997e6ad2ab08c6e16093d2b5ae215bcd6612e1d1baec9fe66de45a6e96e24cf155c00d8353370261f7ef27deaf8339e5b9bad79f1fc58f179b3a20de1fc1b3ef97e5585a75442b9219df5d7b3b911dbc6a4fd6f
772330a3bddebd3d07987bf857840c6549042e6acf0cb78a408ea0a7d24d7560da29c0cb80b809b3f3b73ac01e2c361fd934beb5232794b624fd44a9f3f2b799bbc3268bf88298a8de6072f5d2532766274371378fec3b10f55eb83457f1d73ebffee1c13b1c3f409f6fadb3a7c3afdf9fa5d0873d0c40dea12b66d16d01986e193017c2d19b79dd2bfca5935c7a337bc4327e7aa5211511e5af0b6f76c4b03145b76869d7767f0f82f5928f0694a6c2ff93a97ea9427cfb66b446bc49a85cc29745e37093b37324 14b269b0c32675dd7b08f300d2d27baa0d0030342a9616061feb40251704d42eb006900517a2520a273bca977da44fd54283c6dbc97e1b23dcb7782131b709710d7d6cec9ccaa071eb7271f1eea3cd2b6105dfb50a9588ba90c9020fdc566ca3868038a0c678e6ee4c84a33a58190a7a34686af1e5e985703d3b0164d58c8070a876171cbd0089a388f5bef51aff0a77cd580cd1525b41f4104c1aecb211f5dfb0179dd37c245339b37a82a7b99a515b456cf2f11d65e84ba941f9625883891942399ccd84a3ef07 5572c46207ec8be9ef8b9ffc9fdc0ef4523c59671c32e43cefd2fb53dd07794e3e04c28677dd1f70c8d2b09b1e0f165c336284ed7a78611e4e8ca48b5b88baab088da8b330c24765b8a8c11811ef2065f20467af3fee59172ee1257634f34c4f04ee87f6d702b36991e2e1c5899ea7a67669fecf95bd181632197c86d131ab40ecb1c65a0592946821a7a80bcbb0eafddf6ebf21f5e68f231b40a7857faba0e2ee42177cb9319246903938d290054e5afba14aec9764de662b9f5637c6b9662aab58323a796aee76 85eefc7052e810e08e39f7b394cd9d5a850ae002f1f13138959cf4084789365495122ddee3bcd372a23bc21caee351912be1d62224caffeec081555b09e0e6e31b6309db20b3f141d7e6bfa0ba4d52e4fbc166eef9baab32b3e9dcf84010dbc54064ade9692833636b827e22035cfc5b9d4f2e9cf05130ba081c6fad862e3c42e0b6681498dbcd9986b5cf996cd3498aefb84766f21a35a1268114e2dd56a0e02dda81fb3fc52326f0a1c9d46daeba93863438ec9bf5382316fa7b458adae62ffec82aefb8c088be 6fbeb07a5af8a49d862a0923ad0571fd81b45ce2a2124b792969dedf10865590a1323da9c325958c2ed1e5e5ba427350d018fdd085af7a99971896765aa6641cd81dbdc2a0a6f8880ef8bbd623ee4ffe2eee4739708f69a0e2e55c624b85f450ea46cd09bae5f4d543b01a88eb7c5aa164e63d379630b1e692adbadb978c3b296bca4f5632953479eb4450cda288af021f9d872e81c182e4b10d483de17efb210418c443281ef6b5153a747591c859cef0239c4500db2b1d8f3f881751e17f773fc5ecb7721c00ee 0c8dff7d727011490ac16a452ac6ef1c66c9b15fdfa247815855cda39dd74b09dc24cba11551995890e08fb17563d340b3f9b429be6f23a5bbfe06be0524714e492495549b5c7e18a04ae266f1ffb01106f5d16ab63beabe08f3649e461aaa57e018fad50fd61e64e3d1b314861fffba5b120dcd3241f4681b574bfd850f100ec16f6efc29f37923b97eaac4d56809acefd40583d62e4e878a4cb835d905d412933043cd4078c623756076aa2423126a4ee792a277b7229948ded7ec0b11ca4f533bbf89682732f3 aca62f43e17c942e1d1cbcd0f1aedb81e48e648e19f40b9be8f09929761d2d2595062d581f447a75b3011b8178d47aea18ae709db8bee4d1e5284dbc1be649fa06fa2f83b6e08c8e1b9477b30d4cbd0b374b453b42f4af5aa96298222c5fc09ad74409ad5ad4e1d49dd96a62dca61f75252f40779c759a8cb194fbed4192306d0a8e994e16aea1e5288c3a9e08a55e02e08d39ef5fa17c73cb4f6a3a4621811c7935f954eb6f7d6a7e7fd809582f6b609fec4726dfeecca834fea515d46a7c33e6b61490b460bc78 8ea2d925bc30554d5bfdd1b5ecb505dc55bb6b18de5d19d86dd62c178e89af0a6477121c62e314d315ffeb6b65e7ccc01424d7af78ac1252424287b9cd81812fc81f4975c23f692d14dac2b3c45aee868d7925c3f2bba6e2774c44e8f976dfaa10574fcd2a136ba366a92ac6d13b578c4326d3372d091e68bffb156cc3108e98e775255e7159ff2b2c8112b4ec39b5700c5bbe428d387d64899143269d51960998dcc4702af84b9d3575c357433501cced26b3f543c9b33b0b3063b27f22b817bc69f1d8f92f6d27
a0cb41b03a7e233ae439b0f235d6c03aa577b4346f8292df41fd2ec222d2c0dee913cf83061139ed1d1deb21e4df28bc3d390603a4482576b569fe92940ae9e56c89db4b59c7ca31cbd1341e8eaeadead0d139c3ad84f4c3335c0b2e4b64572d4b27ddf96a57436bd04c90c1eb0a3686e4e8677fa4afb0661ef128f8d93d1d5cd990c8286293a9cf221577d01854e28afd4a247b1d2be5406c0436118998d8b1aafa479086d15b861a1fcbb9f3c20bd1f7e759978df1d7fee5094364aa2647703556236afbd7f8c1 379d534594e5c4670f277af716aa718406d9560fb7ed336261d4734fe065bf1ca9fab1c3dd1c1fe3ac7f6f49bc7e93c455ea473038a757abdeaadf79e36aef354bb6f6359e32243d0927b12769d42239d3287b081c902829d77e0b168165ceb491f90fe9a4927a40710df78d07748244338d1a4b1670fcfdb5e06d0146a01d078c4081168f5057a8e5a75ebbff7bb34ea8ecbee59c5ec99d8e233a2ab6fa92b86ba6f4842ac008e97d30985378eef582b1bd9c2281e17ab70e6aa8c9d68c945fb188bfb8a21d51fc 2f96be6496b7eff8d12d3c025028bf06caa6d9f448f59934af91ec6fc44b9dcf493e01a0335ad2eab93d4ac56db0eef7fbb0bd25facd9017c921141ac3076dcc7c27f250644e7c34b632fffd7a04ef6a76ed6e851a1184a3f3e0a4b81ee62023bd03e486d80c406380fcbfafc1951cdaa555d2657b9560db3b469c2de274f571626a1b74fbe71a05342afe55d39a8b92338f421d67424d08f05d912ec83b31aba486de6469b336075a52a7a9ec1de817e1882c77f0e8c8470fe1bb6261b5420388fb3679726ff62f 950da904d7333679f7d6fc341272e96b3f399074197b7998f4121c0bf16ab37ecf42e1d90bf69e83ab43eee2ede33023c9a449bcdd8248734d91101724529ece1718ec477e53ecd731630d1977113273803723941103501328b959a01643bd29f596f3f516a1c76710731ab49473ce3b3349b275b61e96967b5a0225da3c2d8de384c7d9c27b702d9d1bc31d8302d4843004135ad60e51e784222095cbe36b7196a9362fa9f4b45991937c1f4cb4f2bc1846ba34af6da4b5b28a3a87c9dab71bc87c87d7f3d07e27 d688ff7d3fa36b6f923cfa757bcb46088f3d904dc0ec0ab8d592c7e335c0d08d17a3e2b2aa46208af6fa30843ba740c3655ec24d5fd2bb4eace412d5ebd618baa0b9fc97a3252e52dd71cd7573598c9c59286888cb860cd6b409cde6e523a68e2440c99226a846cf01ecf212ce7bdbcdf52585fa1d58d7ce04e308132051a5638b9df5ca31514293903565adb089e3f619d84c778d8e4c95777293946324eb0da42b270c608bd7480e27bf584ad60ddc09830176845f8c49c11b9702015d2359eed76fbd48c2818d 28206f383c80b361455789ef2dd1744edf7cb91f33bd1a8d81f2baa779915b493c67b4c3a592e35dfca838e99c893a127c46b807004994da176e306b691d311035e24b552d36e61b5980a06a27880ea757167baf4d98159fa63ba9bfd9e6948f2cab1a7e5a3ce01ceddec532339f84d73c450e027ecfd0b1923bf137f0b8d64667c95bb64e6fe8dd43cdaab49b8f76add4d77159f6ad008f2ba28ee995e4c56ea64ff85a78cefb62ae46137820491a8e1a918684fc752a2c747347021b65e40011b4a3e559b7aed1 4b9d39c7df8e828fb249f1c1189f899b19d031f95b1297646febfc3e06495945e960fe3e05d3e464c382ee8329eaa163f831819961c5d1944dfe8102b14e1eaaecab4c0e3a5acd207a0bde396913753849578fc1786099dcdca5ced6b2191df84ac2fc12e4530e688ab6ad8c931794290bd6c5f3456e4581f19a367335aad7858546fcc1b12421057afb066842b7b90a36e8bb780d4fd09f27212487ab1bab22491168a9922751bb913c19065bf7d0d4d9fc0ccc3b3bca0f3c3dff2a0a064bb58ca4ea4c43e18890 8c19c646f23bc8683753949a96381325f70391573470c2454a65e7381790a29c0a88151f61c4d3826c0d425a28d094fe9840a865f0d524dea1ae31d92facc9d314d07c102fcfdd080af17b311936c26c7109d99c23b221a485500d75d19fdf6c4d4a20f8ed15517800afc5c8333054e55e6b330343f9c87915aad9db4210162d5e67507f8f34c94d0420984d6a6f614a4660c9f3cc820ff2219128a4d1b751ffda65a5d732e8bf07c64feb3743ad62d35de19be148c76dcbe2b1c42d232960800eb1a9621e096f5b
87cddba81c957ffd8e799109e93ab94f2caf7e8923e2952528c6f1a3cb528e795ee6566af4ce28691fa3e92fdacc920d72ba238d0047abda7620e4d8fa2cb82a704738d3937b072458716db700ce03e30f7c8bff749541214fec6dbde27f8469a384eecf61626cb0031ce1892640e1b346b0946e284009a036adae3cc1f7f44853a4eb95de32824c61dc7136d50902485474814f4cd1bdf3c2624a07039ee8a2db5e331d3c36c930f2f7b605bdb3a3b796971fbce83b2fe86b58efbe0c46b0c9f36780baa835ee55 141db2fdc76bcf0c768b1450b276be70161395537edd0fafc50bf629ef58589e0722ba591c5f3e62d91148685c076ffd6e794603df54705d7c130f7e790fcf0339d63704d98aacdae4f59bfdc611ce8774d656db0bb0556d41b8ee48cd4567636b5fcaf91331764f123091042446112d1f11b848a1637703ac27f4bd959e32e6e3e337e8fd0cfcdfbcc1183d5ebc7d6532e97d8ce4fb3c5d9c592ef32b542259092bbf8fd1deb1baa6b0daae52a8b45290b354cd7c6628c38cc81bf3c1cbcad66fd42592d2880a42 440a8a7e19821cae1fa66c6794c25d140e33905e8b7e3864dbb0d328fc1a87ab6d86e1b5a5730db069b1fde3dbeac7ff8b4a4742b559921bd944cda249b78d412e690517c937c3074cfaa350ca052f194f20a89a23ebcb4ff8b99777def9d22b143145083d28ee377ebb2dbd9828427356b8076dc19310d2ae2bb9332c4dca874fd3b718efcca3c002dc187acbcb26cd21e85699a428d83d00b6e4f654b40a69eb0912cebbfccef4a5e79c60aca319461e3fd36ebac248566b93d755106c59a5bf0fb1ea28d35b92 fd15442ee4923d84232140babc7250244e24e9fd3d7c21a784370f550c8fda92a2def0a8dbee43143c98433fbb9bfea97d9ee8f92e782727b834a6caadc957880687cde8d9eb830ec11112ffe93c30af95c2896aa751710d4aa6cdd7b2e7085dd9340fc0f47e42d8e6a7394657ea815ad1308f05e4cc4a4e20c9757ebcf06e12d0c4c9948f9110f372744d92a6d4c6feaaff7c3cb15da3f97d77a2eb3008971767693e9eaf72855d601763ce5c8a3baafa9793ab11d0c0eb1a0c377a11b0cd3192d64e9b208df317 121b5704df04d33d59ff0fa0c8e2634141f89f7291f1ebdc520d90e767728b16ca34df0c8299062d5f296162ff4608355f00a4ae68b01e5c3601aee20846e5eab97552ce299664e1808361673f8803fbb495255e0b8ab1d8e5c22f7b5c883dd91123a0c2bcbf14c0e0455de4d203f06a90fa544aa498915fe93ada080cdc097fe3229f700ad83446c4c75815bd4deea196cef8f49d244a03319b5c888c1306dd2af8d35d01dff5abe4d0623d5f727734835d8d39b75fd8ff44977c1997775ec288393a0bf2707f70 408ee77575adddb92362658215ba52a9907a4d1ae2e7ddbdc861a3314581370239f6e554fa96898344e0c699555d206d78fb9c0214bdf932987a053bbb23e66a9ebf1fb1510d9426ae553a561e85d79db6726d52c9d4dc4b7c12d62c7d28c57bc22e2d637d350fa21c388b85c492e1b14336532fa3d4af8e7e9fe56fbf7ca87602c1653fbe7820e9382144bdd37286813f74a14a4894c71397bf4fc3f03c6d9f2f1f99c898507d700f7064adbafd29f30a46864f85f87c1dbe1f763c767cf36c35ce5e79f662aed6 ba23c53a8aa0e328c823b5cc5252de139f19bcfc0593b4b4c66d097c16b125523757e28aa700088059bdbb9fd49ec3d2b4690830320c1a8446587f3454097b1f73e41f93bb14f2023973fd074d65ac356cbd0699c51e9cc79b1576a29a641911154b843d30fe529d307bf5221436db069fdaddca4d46f60a4cf77c119e6eaed4b39e567b6da08d53187c1344ed4fe6ece05d8ba6abf5f9de1879ff439a99b104917389dd2d6ca224c452b33c6d5a60d1e8c6f3aaa64906203c35e2457b731d5fc345f8bc77c9e715 843fbd97b6c1c569179eb60968cf12170da5a0783a8a1e939a92c7bb3591865f5c3978e0c204d45576f8380aa9998d8b5e3ee931ef49c613d9267a61663192d1765cd89efabea70504a5d4a1364704dda1de53f264910b346a943a6db876a4839c65e88254e717739c983c1ee64ad1722bcaa3115031b700754d660c449edbd5d867b564e9888eda497aaf5d541e4c8a5e3e06b6203eca8568acbe203daf0bb3dac3c2c9e82dbc6f50fefb8ae8168768ad735781429afc48b67864eaee31b076243e444b259f03ad
5cd90da204e6adc12310cb5c75e75dfa78cfa1987df7f71406bb969e00a433b3b9606427a0ed9843c02f86781c1bd5e882748d1e53f936c52ed27ca00d11b8b44c0351dd23297a40354429c17a1d40816bcf031c2f7182845264bff6e6fcf3a339c897e2165a2a372081f30119587a03a53eb115045ea509c3e9e183f996ac11f04bbbcbe57c60d079b369bc91c5ea049d290d6f34fc83c3661164c8fd20bc7b09dd83a5f5d27b8cb3edb2cae921b2a96d5c59303d04816b1589adff3ff012ce26200d442b9af8ff 441a8e8e0acfd226f5a0bb6783c0930083acbf4e2ae551222697c4f3cc2d422688883b15d137f85677307863c20d3ae3d8ec043e225bf95155c63ca9fb1dfb673cf138e6208e14ce4161463901b8a406184f92d363f38300ccc33d943ea6d4e9407d5c948386e26dec084f2228d8ef73dafb88df5a3cec6bb9f3c4fc8aea5c13d3694d3b812c7fecae88e9004088e620ee2d08c49b12d2c527f111efee145221d66fda1027748265e54841381697062938b9a46dc7365f5770b73cd18cb3d63b52dece5ccd4830da 782b83196e779bda891c81cfdd2a8f857d57f287c8f1c996d2c9205f0711347e4e631fde8e3e9b48635788bb3f31ecd12ff632586dda68414977b172536699f2c5f369dc43425e8f667c44d8f85d05847f22eff7ad8e91262095f37fb82e18d7f8c8cb0bc093d331bed2511da1fc1a4579b980ddfa9b97ea9765d019bca3938da46feb684e3c506dd218d57c6b45616f33c767a4316c5c17d0f04632f902a8c65d6511a52f104e9b64969a7ae0fcc159b49363d7715f513b7f82032845d5988aa770679c576e0402 59f5904cdff2b6c77a165f5a8f936145aaeade729011e28073898a232d6b274e1d6fa57b4974089faacce08261a2ac07c24a714131a71d7d3259fff6b2f748ecc84c4e371636b4c569de12cd67fbe382624d6353f2da1a36bdf015e3198bdfc9a2c564453089f4611d40b1b448bebe5d280c3b4156faf77346bfc9ec305a3559a8f0ba45b30d0e05c20d155de223f0e4fd08dee328f6876a2527e684d6d26e36bda3f795367c4dedd5698594fbc4744572df0410e95476a8650879981bae20a9774c5be7b6ecc26d 3524757591a0bd6aba7d2170e8e68730f8d203878ff62137a7d70ba9e4b3c219533712793623d0dbf475f1914be0a028020bacba8acdb1ef86cae1af80143b8da9e7444b98ef3cc5073135f039b3a6b12550aa6f559548b5e144eeaddf2b3fe289eb28ddc5d7d30c4d9b4493a5effcf2176e842e8601bd2ef3c74e7b49b904f278661c7c852959a8106a1e3090f633e01b1bea23cf241f917c22a9cd2a9db5a840063145e5509c05f10d7dabc88f03a418a0b9447fe7a1964961e1d09fa7df918abf9a4ed371a68f 9a9ca04965cc987a964afdfc1ac4500c79cd6ca601bfa94eb0c88314d54bd037ef4d46f7bfa7ad09f3b77fe21633870f19abb54c82e79179a70c292c70edb8bb9f1c4b9fe788b645d3071e83fe6435fa88cd155d02db3de75e98e6bd648fc3e03d469ae0dc22ddfd5b967c1fb24276643a4241afddfd31cd682e697b42f10f97399c85f569cc4335bdba181dd107b83bd39ed97d321385789d8fec6d3445ada8a8f96fab5a9593f6f8f691b352a7377b84912c56e15cdc4b193f36f440a62147b86683a7c013d923 958b578bacc08ab39a616f834ca213c44812f0a0ab0488b1f2f2693a67b82aaee055f0bcd534e949a71e35f2930300d2670d732d4e0d2a04639e3e37568a7b0e8b088325f16cf0fa1df8efd5279690df05e8d15294565b8ef4b3c14af31902c28b7a8ab4896a88ad7773aa37a70f004bb509b0f0ca5da6d2e2055e02b30373f5b08857af4a58a77303327e2f3c500318d6590c7822ded2c8dcb77f157c99b4e4d5d6ddab0ee898fca685aed8bd1c89d0a065c989df7758d5622c10c965b4bdbed5dcb4c4eff9987e c6f293e19d4d78e1281912efc9f1b6a2114203fff252918b38e7cb587a9601c024c1b97d87f2f77d97892addfbd6d2ca59be71bc87800b0b3f6d970f8f8b39722d22364639a73fbda78a944f2ab5df452c03a6e1031b1aae27c110286963c2409c2781981f1e8b3c496bc6b1bd843116bfc7638e0ed06ccdc212a8461e963afd689b8b4bd0f7213db0bc74c4a33353fd4fc3d7a7bb027503a54f0545761930f5f8941bf91213a549400cddae378800880593b23fabf5cb981d5b00965206601e3a98020dcabcc60a
4e349159c25aec04872c1759e7955af1ee107c8e62c4ea655674c6f4177cb382a245c07b98c17ebfed22c03c0dd325f44179a12aa45d03727e9fb237261371d1c02660500e3732b41c6d8673bbfe4230091731d49efdb983342f4633f305c34507bb488d8282648caab0985195e83ab91e60315ffd3f6c21954bed8309faa1e288c775e7d822a832f1059c96bb5e4fedf30d4c0c00514425e0e55856db51554fd7320b58141e92ea5822f43eb5b4a1e93aba9d6d5f9ca36f4fc15305f9ac00ee0d602bd5e8ec026a b6476e4cb920049c6eae2a3fbfc40d06fec2935514c94bd1d460006a7bbe1d2bb5b33816c363bf15694acc99eff4e2d06d21a5c07534957a4ce0af8cbdec02bf8d6be9d4ac25a4378fe20c9662a01155b959748351e37cac4d4df0cbe13c8b3a4489ac9c3496f05ab347f7358b07aec784bc1dc27a0d5935425eee22b2f4179a7a8c923698b2265695d4da87474a7a228fbb1416d89b072ca2f2fc942fb1eab97496290266d164314c5e89d9b6196ce8ec506ad140fd968576c7cfa8d9fcd46df126e38b0b5dd8dc c91dc04b4664d22767fd3ae3e3813105308125fb0423dab02ee48f1627ea033657170545b1cb4fe920162138d1cfec71ba0fe29b47650c29851437b5739d087904731bff9a2c6b6fc57e29d90e92a6a2a369de71fe369dd9d656feede8969b2f2953cae4b91f4bb81d48c3287448c7f787ff94b398c9b194030214fa69c8a699f50a6b377982996b201171dec888e3ac27e6d79c9b53ca388631985927db637e899ddf3b839782bb03517b2e050ce6f6fe11498f11bd41740c096099d85b7312920d351bafeae395 9725d78d0ca386f3dbc734a23a1fc6fe46315f355dcf9b899abe49a6b0bdc38e194e7cbf4b8f0bd9bd4965737d1c06d4f292342cfb08835279f0aa81274045990574cbb9f1ba05539e2f052967d9c3d4883ced685b75b6f9dbda91de99e354110659ca280f1d4c8834effa225b936f9796ca2999461bb63b78d8a27f8cd36becdd246c7974afb50652196df3979c48168730891e682acfc978f19c404829ab5fa31cca3eebfbb2ba13d8f4ed4bbf823e1d4ece5d7fa312dbc9210a8c8e6abe67725b26e6371e7243 1b7fc27ed9b378b02d19ab88ea2b3d905fc6dd5c3e46b575d4346ced8c238a7189949e8073fca38ad206c0a05b3fc49a8a92443973bc2b70ffe8ddd751fbcfd75988bf23ae7197646ae1e320afbd91ca0383ae79071c056865ee3f842a0195c84fc293d54aeaffb043b79b3f1ec3b0dfb1b349e96bfde382c5c5da296664a57c73e826d2da30c38b693996d398c14147fe133ba7930c2302d24865d0c8dd4c2241b1a41b26cbb19753b85bf9fcda09ddaeb932ccc74f8596d133f4db60cca1752e4156bdd1f66f26 49a0fce859008e5b105dc949b7e643319c013ab3a5dba207df4f28823a444329ce04272b4cd6be75a6f88834aada49c3b05c6cf6357dc497eeeeb10d6262f05c18e4c1d001b0f599c16f8bf650768e13944d0cdddf4fe4f8a4a4071d7857d0bf97dfc13eae24e24be2eb475ba48807914db83c9dee980b64d4d906214ea0163bdcdf262db5ce894339d4a918eea7bb76346375c5f725d5971c4aaeb8159b2fcaf6a3701821585db9d431fbfd4c0836dbfabd0caccc0056d3ae0a617a5d4b6d4c5be94afe6efef0a7 d39587123f4161a321ffa131782bffee6daf7e7e2939c5f927b65b51571064a179621721f01d5f910aae9cd472b83b7b89ddaf3c80ba5752eb9187bfbaa7a45d7a9861a867de6f20d4394b096fcc3f2a5dd2ddedab040aadab7f7bbad0e24f92c681570c96155659978f776944924fc8a155dc268997489dc228818a15464ad6f666af8ff1439878a36deaaecdf1a3eefaa8b814004321b85289bd79e3f46caf6e5f2af63592606b0eb5e25553fab1e9af96244a5171dd9355e68f488ba084b1aa63b2b8d691b723 f48805979eaf27473f7f376fe7da0e51299c9b248d4b8e2fff30b4f82f1934d7eb155aee8ee3098e9f84256638bf7f3b3e8547af4a5eedcdda445228a857e2491bd8d8cd3961f04bdd4086111f20a57640e13b4d255193ea1985d4ed401582905142fdbc3db70c7ee77f812f7bb597af2a058129668fd27c8bb4ebdbc32291c1d309c5d3b0f7c8df53b5eda467d0ee2cc62525a2a5c81770e6cab4832e14ea56082b93c6152957f2993ab39b1ae8417e292b6e83e5d4f98edae6a9363d287479e92dc1d517ed6334
ba7c794495ef5f2618e7fa85d037ee7aa3abe7b5f024f1d93850d47540ac94f031d0219f078d9d4a7187b0072808cb9d32a6f1e843cefe21edd6166d7f7e2c390b32b5af1bbc6ce06e5838bcb5bb036670fd1d37a5b0ad3cde3b571038b654d5dc4f42699d14d0351695d5549a64b805e4d78bd687489065d3cdf333063a4937fb7cfa7224a3e233c8222db1f37d7803608ff8e7add0aede0782be801e2335f529442ddc3cd6277bbc503ad737986e6796e7944532d73145081fb7da56f86084906543ff74f91d3e 12018d7ab8e52cacb571d37d0cc1395edab9888fbfb196b390c8899e90496f2d0b458c401728999e3a5dc6793e9a737854a4107984ac26347df150c80cdb1618866ec8e9f0d1bda34f4bb6da4705cb75f5f483fc07fe8deecbb2419fcaba3c1642760d2464a5bcafe98e3008c456ecf68173ffd734c5b3d1f00e19585333e0513aedb87a1fb4a982ca2d90373e1cdf3c995b9af819a81fc37f9a5f0bff70942b5b2e380cb0b2928ec19de750dfc0df30651f6d88ab405d0a66bce0b7dd0f0108b1635bc19cc78818 1a68ab3ebf016526e1d3ce1d7bde1f1839029c368b6bcb0e841f823ca64296e3685e3ba7d899d6ce2cbf316639366ed30fbe91bbd150b27737f661909d936e6bdd11699e7e4496c629f343fca2e588563adae9c84b35251ce888217c2f38c2d91eb8f719a7be8ec4b8a506223eab51a7bd1bff510829ed3dbd95bbb13bf3b9ceb9429ef46de5a1cd958d451ed15cad57304002d3272618e6fb6caffd37405e9b0694561a190f241324265fe8e9291caa008ed9d27f66920ee221eafbc7c4d02e2c4c25464aa04df5 1e7d90bcc628d1bfebca061a74d08a6b075303cc87ec2f750fdb5e0ed63ced6f51ae870afb8804e641f6b396c614e7286ba36322733f83eff33c6d06f40460ae28feaaafddde05e52e705e5161938d3fd32d75971981603fb17771b9baed598c4d49c396bf6a0b1a67f841dab6f0b774b5098161dff9d156f275836651f4e9c54015e570a85ee649d08e4bd475beb1aaec3f8454426b36465bc023a49afa1d7c14944972f7ea44b51e4b1615894c7e097214a60790373c3103b4ee3bfda840b0cb5f3f22f25aee6c d9b6e63b3ff2a5729dcf7cb1317d46ba22e6f73acb9e7e881eab58e4d98ffbb6c8340716a3efb4c773c51929bac2730967792e41a470b7f6d84cb2919869559172f31c12898e2e90f76a0c88a1891f1230da52ae44d3887e9fa2d10263173f75f297034ca7534c5b8fa0bc2fb515b3b88788a4b27cdef52eeb4ef2f710f0b8c76b3c117ed92c889241727f639539e7112161d26bf68646a7bef743bdd22b010e8124a4f7b19a94807b380ae352437e5ff182db18a40441b6ecf309e935ec8319353e9aeadd2d9f63 f9872c838e86326fcc018a8392e1888757485a766a9110329b0ccfa238a6654cc6d0b7c6fecfc2e77f546cd5bc1d9fc2fc73c29ecccb405d0702a6cc6d8f2303574bc23ef42dd870e68b9d59320a6608da27f39d9d3412e49b99d85ec4e99332dd43a6e28739d18908db4994b699bf5fafd8171f65fd7b48fa6da40294a5f3afe6f891f6a354bb60c9bbb2ada377278ab8994c7286f650c5a0a33a3608cc050ec9fe7b8e6fab551661af82244172964998a5255aa4905a9b3c283595f8b45949a4cbc25850c4f1b0 107c67c9f0acc66988410888d04d093abd7298c4c4926c99bdd182d15f6e369fe97f2983ccb2cb423d3078cf9daa6e96b36a55e41254668a3454af243931e1e0e07d93791dffc4eea61eb90d1dbbbd03ba4c8202d877da66affa5c3c015ee5116fa62fd4f32f29e9b8fc6eb9175c8c99f344d7f2be34e1e0c2d9014f2f4ad7fc4629b28b639c1c8b07fbf424633dc72c4ef576e4b943748e7874dcdb314e8809407c8295796ef9f106548baa4684623532d77aa3824ecb6441cdb6c9fac5bf0a72f145fdf8f4f13a 0faf8c90ca4723fe4f3ea7c09ebb492b76fd7eb25b14a969fe3ad0a3bb6bfa319491c10ae25a40b4c0dae0efebb72c6526228eff11ea534fb383dd48ccaa468cbbb17eea99b67fdae05b1d7ed8ffe654ab28977f3a3c4d8b7f90d78a64eef6f7ec1ef37825ee5a915ffda39f94e71a1fe6759ee52d6d071ba718a768a9c86f690738f25c9b5f49526e5726ffc77e3deccc187fd3d028c866207049367c70bb8f63ca5eef6069d8e412f3521235ac94b3ca07efd576cf85358d5c36cca79c3c72b59fe56b2baf149b
738e552cba16a82edd656bc68857d7c149ceeac715d64dda4b2f7d7c5480127e0ba3db2e544b525a069bc32033d3bd20789efa20ff617a95328cb1b941e20d4fcee7948bf0fc1b3979842da2a63d555397b439c8b8093d6918f7b319326ac32f41bf77b9e2f4c1ac39b88cbb3c698ef1febac8aac13fd61d8a3283f0423219aec7ec78bf75f823a9c541c402d6a249ba047af6974831794857daa0647f768440b8db8c0bb3b1faf5244ce4f2082d0927d21ab9a1a47f148ede525d6015c146c315e08327301f0fdc 9d30339ba2d6bcd527758d6dc3284e09dc5cecc2b5798a5d37cda0ed7db352f81c605aa111dfe23c308e76782b877d46b1214202a207bd3c17da1d405c81207c2f739bad92626d26f67e74f5f483bd5ce996751bbce1eec120f53eae44f22c98622246b5523540183f14c82848af0fc70cbff4ded74760869f9116232473450c3091d7fa0100daf963817dbd702daaac906ceadd99c3bb5a095f852a24dd4591ee729ffaf567b4f8236c0f8483765b8f47ad5d88131f8584e96ba59bcc2753e3938cf2702e314efe fe848bd3afe0c27d97ce906e59f69fc2aeec034aab6c1a764874fd1363d9663a800c6791cb2c607ae43425da5935584aad252197c5ebc999d5630b3460f3117bfb318dd8be9741f82b71f23350a9096af8e1fc628f8749b97ef06f3c2b0475d217fda596a85a9862aa64a59cfa16f60ecc13a0a92149bb78005692acdb28f8c9280d37a01092f5a26a761992887251000ca7eefa97a50ddb96ebb1a7cf5edb2d58224db1364df2c8126cfa0a5b12c644db7b10d4363e32201fcd6c123374c2e518e82e03fe7e84ec 3bfbe6f81107304711910ef4a15b7a734878920a214186fe12466b174b14613c79c4ceec2da8b597c0c1f9c24a1060d6153045fda52cf73801059ec7ba86f889f1c719df4e88cd92cb12f79c3fd13276ad272b4fb88af3d169777b060b640ac49d1bc0d42414bcfd490116fe83d6b4946615447584fdd3f39bbfcf5332198823f183e7f4b7d44fbc6387f33c2be410dde54a44b0dc755631c21b79bc26c4fd0bdf2cec0bb921d7a4bf0f097c453f20a5df7b11151f37e42dc1e30237b08956806886d25391b23cb9 1745ecf3d834923a7ba1d39db6e7afdf6450b3cb2ed48a66276dd0b690f403f0770f18db554c102566816dd7a099fb6afc990fe25824efc37e9eb60b602dcf22c99c62142330ad2e44d68d3b9425601c239f4c1a44e9fa14d62d2ab1adea75f46b2d99f903bb678e2a29fa573ad3759d999fb0611438d5f6b12b9707fa39705d9fed5e5f1276aa68567cc3725c8596337fe1aee7cc50f7fdda6b4e64a280527a7aaa2d17d71a982a9f54ecbf7a9fd0a05cf8a7e93d4f974c953d732a1a8e519e0062c64aac197fdc eeba1695502d571a59939c87540a8c45afe44407f62d4fa9dd9022c532dbb11a5591ec6b6568705436b862302a3b13b013d33fc15b0ee27b06ec4166b4f34f7fbcdd80c54f841ec70ad8b04632e8d510341b625556a3dbc3d0294bc1375a18b63d7058e5c1a75404345d571e8779bb497652999a926c5e55531d849bdfc91c6f8ebeadf8e9ec9f0c4944eafd1f4e4981e30b88120ff81c49c6a248a8afc06ec82738210f522b89a7f7db6721609e7752fcdc58c0a7a56f977f6c39800738896652f2ea431044e1db 942e27eee2f02644a9b4f0166dd29eba010b437e6605965534189e964f41da11d9fcdf72d8aa55fb36ba534da8ba78f4fd87198966b92ec3e19178f5e7fca30c9b2ea8dc1c214449c23bdbc80cc430465b00981f50f556b9dbecb60f4f452b4a56892b629a0a77e8a3f71f71d1ef9975a453ff48f16448a4a047e9f8001561a3fc524b850ecb76ee4a0b7e8800cca86ab9ab7fcd8ca4a662a8495c91a0612305a87eb298f6f8f4eeaa29b64ea694ff092adb76d6e693d4984c2486fc1d8e9cb82ce2d9277844dca9 3d8247414d7d2975f66d65971262d49a6fa5f703e157b00f794ec99033139b5cb4f6345be8c4781a682880939a3dd8df383d52433680520fe854a36608ad1c64591efddba1165433a36454d7d9449ef5c2d56110f886ab40a514bf16f3e008aa28aebd8912f4874b027df125d554fb9d28d33d825818473919b6f913f32bee09ced59bf993d1220238418c57fcac07908aa4ac60b173635e04c0448815315e4d894124adbf4465600e75fb6337e44b7e4e8f207f762b89cc05e3a1b819e112c66aaa48b90c1284d8
042c3c492378006d306e1dfe2a13883dbf9ae34b6bd1984d3281345ba82a7567a797b49073b7e26316082af2e3634833c5ba5afae07bc277974ba4a44971c8274257cee671e0e02717707317dde9cc7fd089a2064f4eab6958c55ea767e6493b375827ae4fa865f03182c3a008dfdb87bd17a001992368d67615440ae93fdcaf46cfc1ae8a305a9a3b7814425ad2ae46ef672fa089145a7295be96b88fb17802608130b3bf7bca16649e4be745eedc2edc4ecef2fa9a22aba7a0c225dde289b81d8820d2d92fcfe7 3f04f2ae8c447df5544a851a5ba78ae02c725ae0fdf863e7dca56962acbbe9752d9edaa6db21043dd48804fab2785298c56221e5b5095bef364dd50155a9fd555f83fc1bb049d2f0c9d1c91fd18cc5bbab7cd8cb7a715159bcee2fdb6089669468d1ed33b4ea255ee515736c999eca4a3f404641fe5f3b3c07e4acf86dabfd46479228e5bb69ea12a0885596b7714802a859f83af055bd7852c904baab442de379170c9717a91a17d481dbdb29fe1d6d02896b8b301999ded21845228e5af2fb268e8c70f9694b2d 080e67150ce4671833fff89e12b20614af78b5060234ec8de8b20161f223116f500fc6de72a5be92e48037886111d130cb0a629b0fb0b79f9c688ba0889c70fe3198fb6a4b7156933f9b09bb350f37fc17aa80a20ba7e5f7ee97cb88311523b0ef2a71dba598151ac5efbd32025bf86a8d37c34935785c52d3577fd7e10c00939d2181595c78865fa02be8c574ecaf413c072d7e05ed46cc5070be8e0f229f727b8c8168fabdaf2cf4b0fd68716afe915a1b2935bf8dde6d7b1bf1f4a520399ea2d31e9a1f61284e 48d650ad9d865e626b983e24aadba1208329bfffe3591204a32a1bc47d8a840ca5e73c58a74597e3802bf4749f21b78ceeaa3ee6389104c5ca1cedcfd99098f40d7de3f6c5f5ebe3032c03abb6829bd4db56dc33e460d5bfdd1c174df08833d89eb184565fa469cbe12a358cf7459ff426f479138eae545ce9852cb9ed27884cc184380f238911af1cb578a01fbd81ac8928b3aa49a3483c265d72e387db7e81967df69963ee82841d17e007abc980c5c035a657621f0ad0ab4fcc6806c08a85fb6c390a40ab69d6 8b89f4a089dd54cea25dfe6a62d8409d595665c443dc8209838dd7f7ee18e27197d5f378e47c9ce4260df6aacb9699f236da2c4d4d85e3d6c12409f72d6d6b951c043d5c3a08474b4a8aa2b581dcb2a42c15bbe8dbdb911f3bff12a1d8d5045a9c52889683d0c4faf5aba94e64db0078641d2fda74e51b6d1659ffbebd84d8496166e23e7aecb3f5ec9dd69c1a64d2fe016239a23d595556f11cdcd7c55b7cade081cfe5b551935fdd7fd4c385d46b49e4215cc0604a4818e6f4c2ba5add1db456ba6ee27e0caa0a 91e912f864b05297c49a3ab22dc1ad76dcecd2d6d532b3ea73198fad4f7c1aad24be1523310fbe83ef9098ea929f4f8ae75fbd6e46c5a636be019c22002dd1b6c37a4f559a27b3f2d6a8429ee3fc5a6f1c67bee3cf3ba734faf91e1859775191b440df80e601cc05138dcf675cfa84f6ec5f5230eff6d01ec84da67a5690b39f6dd3e2377b03b6181ed7b75da8eb981bb43a293bb4912d8f3355d3ea1f97b6c450fb0a0ede066d3cf75c3d1014d16a4d41fd5a624c55b2bd58bc028be8fbd071e389183bab1d1609 ccc04ff811b2d29981823457d84f4e547f25a442b1b49c1cb708405b2070870640ac956d7a1781d3e4db232c72709371055e03713ad5ba42cb47eb264e028793446ecdae19f81a8662abd8b09bc1d52167d6199a732a7de5bce07c4a2f8b5d7fc0d0c91fd1368057aeb7b83f4b00b3a195dfe8ace989a3db8b7c338e2e35a33ff6ea612ea2d1cb031849890a30a046ddab9d528bc3b432a966a2f70e45d8e411b230d6704295ccb7812ed408bd402da80a2c1b5172a43720113427300590639f707427c800023c69 46e75845ad3b477716d6330872d021a34c99931993690cc19eb9942b18ba68a0b41807f1bc935d2e46470df8737b470677b30ff0b05cb10d8f6ca65cf0f94cecf6331d97e84d3d5da9387b7d682ad33aca961bba4f2f64f9cd850219603a9a817347280c939aae74d3d8518410cb61e4a94e1f4d935f40b1578c0ff98da03055ae8346d07a929f6e84525c82d52785d1ed0181d717235b2d02b6c6c518d8df3a56641c5e1197849ad888f882fd90fa1bf163c91ad7061e66f210bf1a09160ed20c3a916a4f532a68
baabcc2dc6be6384443b02d07c5e542c30090d47224f5ed1b9df6233157d9eec27afc9eef5c3836ad0dd4006a77421283e77dde60c802db3e4d1fa2d059365395d1b925ab1ed807935244c6f7a6464b041d90783f8ab349951cacb0dcac7894b36948a6202c57e77f4e17d54e51fa8a697fa4a0949e4b04609d5768b33974a524581ebf164902b04946666a46d9b89d7b580a9ca06ba10374ab9b8311b2ca739124be9a027b6f8c8e24bd75685a4bd32cfe3eb160ca7b49bf09bf07fc2d768ca4a70bd16785a8a5e b3683cf7a3518ef02100890c54fe6be75ccb1b6ecc3ced7d1f1173f4d62d101d3aa0d22c3ae166d02c5b790591e8bd2a043ba3cc4f27af749974ef0230191f8b2c3abc09d0cffcf2598d474b0ac83fcdf01f92448d614bda3c2414d67466df6455a357726676adff677350641d054f21f029d8cf7247f0c09fcc8bc8fd05f224e3507f1d0f9e5ad16ffcdc79862a2c8801455fbacdd88addc628c1711e5d9b2b3966e24175f5128e4397e54ed512e7401a2fe519772cabd76ee1e2991830347f928fd5a5025d7e43 8a271d399cba996be45f6d563f1fd7c44c51802b2ccecd9f6bafca773f355f61fde824318c1b4123b839aee2ec79cc7b6c6ade360fa7f6571d120c51212141d4f433d5dc61611b62988ccc8c64d0fc1a8407b72c305f18ebd161e6089ee9a1a89037dbb83bd316c58d579c4ebe9c94ecf5b0e5d212d4a4e5380356449118297754ae76435e85d5dc7f509ab84d342cc54132cedd7edb32a0589f58e5379013067a86a7f979af891458ee1586c753ad8f01281fc49e084b598a1cb362e061ab8eff8676598a7091ed 19f973c487411fb538e9304782a8fdce5f3717ca4ac8aa1af67fe9c265dc47d5005c6b2134a5ae88141321de4238c9db78a348a52de67d61bba07d85d7363182e2fb9dd058e3a44a9738747527585bbd0d7192a4654f73da9a15cc33e00839e94d30058f6ec29b1f038930f55dac27113080e41faea94153c0a445b6e42d75b800d3b41a771c5dc3962e60a1c9e1f4aa639dbc7dcde3708be17a44d3087ced1112a99a6d9299ecc8c10e5a7ea8f1176671d0e0607dda6c3e8fbd43db25ca257434b40ae23f3ad699 504184f90e165e623762e949e7ea39f21d43761243a56632d772bd2d4ffbbd4d5197971dae07751c27cb3d42fbc5753d53bd8d5aa6091eb72ad41203eaa81a67fdc371aebee4fa5ad753b1a652b011a89218e038cca79aab47eebe9e543b141584aa2fb4b03a30de6201e4e551da735cb11888d8be035896fe343f63f67ea559a09626c6c8a2fbc802f74a2796307cd29c2b7b8bd4b45ef61dd6b3f674007304574c478843fdb884b0a95e9e936730ae2fa8e6ecf51363973f9f4bebe73e21b71ce3c6c647550ca3 e8dd6155d0d199053c79d16eb56d12c1cce64df19279af5a0eb96e4dd6d299c943fc80f5afdc617909437674decf5d6390e3c7323f84a89ada06836f8b199aa0b664513aaaeac755a155f25143327cd931581c3ee9ec894e9fdaf85ee18732982f9ff01a41ccdc34b71430b67029131fb390f39658fb94e92e60cb859a893694daa654936a0c40f67993971494121ad0bfcdc04c0fe34e5d418d34c15ca0a8bd98d2fe29855aae3d7238e45f4fe4b1026198496c77b0557001cb8f9195e38e4f52d4789a274de2c4 ace3333dfd12406cdf02cd04dcbadcc77bd56288598afc4679d487d27a2417fe9c66b3be4c50f70e86feb53b693d8ad1736edb435c504a4e67ba72105b6e7ec77a4fe314ec1e1510bc568987cf7e5856d88c731b48fd5b72936563bb83b62dfc5e8e7b4c240581ca16afd72d996d5c52d3b1477bb5ee618389d2354f735a2b74e1c82412c86d26cb392f060c47619022f902e3bbdcb8d959e3de00c571d21ab285df19c1918a833505c1014d5426f9bc4673d1ea9e8bd390420d29f4f517e5a760705fd7cd305673 ab037f86c3d01bdc4e0656af5ee13c70b62a400b9ea6681e5b8290ccd33709d833b04e8f660477133ec9c7393f719a954a5b6226b8ace791ec6f513922487e8af8cc2902a0cfacbfcee73198989da9ceff8e3e2cbaf0d4c185e28ecda14e637caa659dfac024374809f45732a567d0e633d6812700d1c66710edc5e6f9cf982d4bf995f68676fbd3994925ceef0329ecb8ebf04585e2d78f1665184db459ded39e8e3ce802fd5fdd664cc710ce834f8f72af0df83b49e8282cb9913e105050c15390f2f61c689926
751c423027f1e43ecddc104128022aab89148950f4b0202bf6a5f0cb4b2500aa6baaa906ce70adb16b4833fef824cfaec462a0a58c458a3a24be04ceddb5aaaf8c34152102936525362d91b11229958e2766b8fd482414268ac2e29dc02c872846b182b98dda318b78fc0fe283e28443ea0d019333bb82c6e6f6bb07d3c8c340c94868d6e14a5ab5609943634d04f41df25400a44557e8cc6cb66ebc22935660c4da6a51c771b60c9bc93b7a58c1bbbb5908526ded3abfc412852785dda977ebf63b1b175c6ad0ca a3bb5c3984ad7959a7032997d1bf3e659adedd22da9cabb297c4049b64c771509df8dcd8989456bdcaa9c5eade94df82385ff76cab1ea385bdfedf360268c241f0e7477430aba64d5c669d8475ab5d372a8392482b452cee2f7f541ed3c3612cb19389ed149fc6e1cb506f1d9f96c225177b6cb778a12e395fd011978a387f0721c465c321dd2709df3c574a39bd6adcbbebdeb150c77de790f9d81532513b90610aa3b850e2ec486ed34b6c2d612818592aa3fdc022737e64e7023579734c661827fcc217acc876 aa2ec721c27fd41b5766d9a37be5703bf03bda0615973f050e9f285869777f3b05b83cb332e3db8c26a26a2484ab14e53963f41828e46669a967437b7abe3f96d9070568c87813f149c92569b88d3943a8cc1d6367fca08286147f7ec51ac6cf10a257612f9a1e333e8677b7306abac6b0bbba35e21a556cf990fc2fecee03ab9271e01166b80e770a1d831343c7765b92d9123780122755bab1bfed4422c51f474ddd61eba863d8cbdc354ad62732fd23a26a17ce069f03decf49781fdf4180e146f3d7d80755eb c864dbdfd1c779d3df0945c5c90915f894ca508b36831695990e160f7131c05520ea9b92f91b5d2f589213ee8b9f914d7d2d3e0d36c9be71fccea824b015b192598dc07e51692599d14b01a05befd7b6c9d64e957f820be1532d39cc75bf560dc7e40a4edb525eb04e582bf50648c234672bb1c5c310755e8a294bf03fa8e21ad9a15ffaf99496f742bbab57f79b56daf3cc7cee04fded00d7ed3747ee398bd7cd7c97faa0ac3ba0aa28b34840e1ff9fd91f55fec0953c2754a6204ad7b8a729a70ea38a7e6b4d73 acaf0a1aab9d826c1a0cdf640c9961b637391f308abd0a7dae6d8e9ee9f0ae9b86a7c921dc3cc8a3cb4d5342fb6b3f39a3c3d5a25c5117f80f56534901c9aca386991ba5b41f4805398b31c1f5a6d82e27410ec87bc348046418ece67d9dbf8df104cab825511a8d9b1fa3d1be3a9fc60fd7b30e6b946e1b156f5c8f9cd00f3f7c219802d8c60745196e4634aac99cd13e37081cc139f02fdf0ff218cd7868b1d426e3cb5588eadb5c190f110724dc4541c97d147c54adaf699c3827d2b509ec0ec87158b4768b2a b4f328c640f7f69be5fd2fcb3434c57c34fb0f4be01bb42728ae8b7b2c05f62c87d3d329e9f936ff848b0229fc68e1e2bf470297044b93f333bfebb003cefbc535c2274c156a2e579091e7e0cc5ca511b65a92424cb5165255b864079bb17958b03409fa52c4ca80116cb1057e6b3cf7ea1c2e9bcb487b955ee9e0aced7e546c120c838db4ff6c4ab8216e5f9ab20860780575bf29300f25f7cd6b9ed005e86c1c01cf90292810e571aad6be8695e2e7633bc254358dbf309ab6b5e7bd28db763ddef0e25b7903c6 4eef4b2720aa6abd869537cd5b55c4f499044791ec7b4ff5b631be617a6e28c7c9fc55d6f961934d462db900186852e516052adb9bb57f656efc15a0cdda0b4f02e7f2a0e7d447cce1c4d0af010605b4136a697b65d1931902b61f2c5b774c0da73cf46d3ab82740bd1867934f67768ae8aba4720fd337e71a4011b54a088a8d17c34b031a7e9ac3c600f2384afdc134cb927d7e75468526483058acdc756db7a8bae42b36baf2f3f1774d04e169f02526a6f9745f23bf5aaf84019ec592892a50a70456ca00ba74 5e2f6893feb5e0f3541cdbeb8f2453b52a0222abab2931804ea1f1b2ba74cbed3aeed28cfcdf521486ddfec8250fa80db6a662dfdbdc7ffd2e502d61d7042ede94299a9b9e97bb7e6bb05ce6fd5eef05824bf15c5b42a20de64c436e8dd283790fe14e0762a98e04fc18022d04ebd9dbb046a22e4a62600922509b1ac4693d8d7e6d4de970ee5b7becfb3b42e24ba09d0a4c80ef353f85e070f6ffe63d679bf652f87898016c0ab3fafce96f68f135fd54c8cd437ce751dbffa55d825880917a7caf94e1009d9a57
bb945054a14f89352e67c307db45b5de9f1fa23d8764adc55777f7d7b1a55bf2aa785724afa04578e23b93597d251e44e0391c1bc688946cf584a05bfaf8eb3a1b78e3b039d81908e2d8802e74982d930f1a9efe583c21d0ef05995b6ba965db046ac8f7cf8306171a04000a296d2ecaa87300b908105764e4feb7d792a989b72a2d3bc12d2b23f0bf0a433bb825663c94f3e947a7ed3d877f8a5089b62782438d84cd9cb707e990b881fd6d0025bb66481686d07beabad35239722885249a276cf0fea53740e3e0 e9078bf96acba80f666b9f1b84b5210d2aab467cec7674e4b308160655f9154ed1b59f0efa10e5c5b0cccae0bb0457ea7410158dac6dc4a36dcd3fe8026b6cfa93277df632bd509b3780895c2d2a631d6a0f1334fa86ce80c2808ad711fd38b17fd951074cf8e63db013739f15fea7f2958555e70926a43ac797e706f1b68530a03a39a1a899b3972cb6064af1a613b00f0ba63cace9c82048b7c01bb0c450c189a8294650bf14e8b874348929913706c408543f8629a68bb1e78f72f48fcd51c216ac665c07fb67 f9a46669c0a1bdf10c5eaca14a21dc0999482d1587447b3fc2ee2b5f7dbeee23dfd6621111ff6ffcc0ef1a0dcaa5b2d9ad872de8ed5630b8af83461f969404f1e4ddd020da2c7f8eaa03dfedcb07a24a5c73bd97fecf6bdddf1ae4a0b1c54415d6b935fd7dbe88450fd03296c6b152e08d8b5bf22dd6fa147b3930bc2ec9e885dd49ce707657e40d9f213662f2c9d8bceaf8b115a0f7af6235d22974eb7106af39b63e696b2ca7e064259ae8e2ade7ef5325b6acb718287fca2b54733bae8ce6b792e806e6cbdc9f c3ebf3d027543bf92f1a4829236fd3dea978212edaa554b7dc7fc1fc3e412decdec0b59ac4744bbb0e4fb21dcca46929e447ae49e4ea9b9e157f18eea49478afac2efa1c9dacd3496aa6f90bd3613db2b1fc4942420f6aa770f873c0a67161250098381da594fed80bb0dd03a02fa51221a9c01ced9ac7dd8cb52fa547b410fc2ea327c392aec3bbad14d9fc19dc1988a928ece85a19316afb4b4d1017efa7247c33de4ea02b7085d5e88244f386d7aa4b7740dd17c009f97175563bd6d89b0f6c0195224965a2ca ca5fc29923e6c8e4d9ae7e6d180ae93e86f1a66cc553df3b1b934cd96375e5877b7ef685c406fc71e1ef356f3d1d82c4b30eff22018bc98bb44789e898f8b4171e42095c65f706697e81af226df9022befde9b3500d3afd387b9fd7dc7db54dcb6ba5607a253ee012c4248b5d4fc5fa3e52cf8e5e4a5fa9ad80d6bdf469322ed080bae70e97834f954480b3a8e395192e5e77e1c49230deddbb732cdaa0bd852cf940759c614c8a37c822ff4e7f8071edc001b43121ceb408f1ac3f3c6b8fc38e62fe9074e68ad8a 4636f49b4257900799cc9ed73716a58dccd1f6493134e99f5ed148acbcef3634dfaa0d5512fb86ccd83e925e45edc8cf2ec52a763b11365752bed1f33abd6aec189f9179da0af8a9ef5f026680c2d46258074bf26ccf498e8139acd70c52e12e3ab9b89114556c8481cccc23ae339c88273e5fd039d81d5ca0f00b10b23908f3fc3a20cfbc96aae010cf287e4da446a8ca86efdacafdca9a1477b0d4b906ebbf66ff282f6d800f28359e57fb84c12aad5cb4205e0c27f1edd16c2231c2df5fff9a2f1ac4b4260a67 61b44094d6c2c681a27646d7710bcf3d5cba2d824cb827a20e9a7d668035254adc67777250093bdc35437642f6b2a2216f4e8410dd6d59c39730c7c7d3195d33705d765d9028475711cd44b73ee77e4c7ea1fada0b6da962b0f1cea781ec2fd39df38365f55a1d8cf4c0635a69ba09b9b17820b4e72b67a96d618de9416a713beee0d9af3b4c720fb8f3e895516f0eabc41ebc1e927b42798753edc7ca1ae8f1081125b46745829d8dd576d2da592543355d21fd8b8b7fa23592358bf05a52015299e649407cef0c 83a0d823f3efc3eb0b9754defa69bfd6a801c21ca761b23fb436e66860350979da3b16148d86f2076a32d2b6e4771cb48c0bcded4aa8fd4e13a7692c57b5da4cc058921dd421a86f45eaccdfcc3a3b6059955d84a8be605d1aa5bf699d5c378c102ff369e4522a071edc54d8c032e23101498815e135457aed5b98f3e436d7ed6169553f42b66b343a04bad40da220b4682b294fb7fbfd42c5606745f20348eea08572419316e14f2d6ec0721fd6c7944e6ae56d42a48345fb9e6f53dd70edfc05a448ba11b7883b
4c21b94ed49e53ba9abb527f2c55a4720d950269491dc276478bcbb547c8949fa1be5294ea985d658cb64f10acafb2419b1d4ac0f90789d2a3e83580d2c4469f5b5769d9d841221b6d9caaab40cdca4f614840ff6d48af51f696cea3666c42d44b9d74b35d34ab02247d5ad3b2c57e7e099d0f90b806b7107fa188d2e53ecb06298c50217354bd7c26e446222ae6f516283c0733a31608c72e961bb5c787fb715ed4182e172d882118135e175c6b7b1755b2c4055223d1b419100db33faa10d515437e024ef74dce 26dcec8dd413e7460d64cfa9af79c64a2201fdd012e95bbd31b3f60d22f91b4b24e54f54702e3979ee3af33811b07a8c4e56ac5179fa091e13fd5b00d2f834b77649ebdd1b06d8860580625a5e0e19f5fa8c66227f1c892732f5839183897c1f4cacb095c3db290df304ca9fbf97a6014e4f3b83448c95aa3f8dc543517f3e56ea0f4262d5b28b409df7f995b87a752adcb7d4f6d9013687c85b63ac1437afd889e545d07f3ad7b75140968a83f5de8a7af7e145a53af168328ca0b7d49edb5e9dcb3ab327eec19d 2ef91ba605402ada2b838a9c8731147281500df836c6c67e2f4aef2657030aab14376cb22b6eb60729f7c42602ed97692361903616561e15849179df419580557bc047be99be5137ffb723e425a5fa03b91230e56bec5c7bdc0a4c87788c335dcce78a05a49cb6718023c6209b97b982c11b734c0d710dd9a45ec14b87161aecad3a089ffd31e3eb9eae4cd2cd4011c83f2c10ef13c694a1bb9a74802c20f60d362327bbdfb429de926edc496013d17c1761b3864772ade77d6bff8a0050e6aa237ca3f615bad108 b35525b13d04bde87f54efa0335f114ade61c4a716ef976458f7715bed51b608bc181110b63cc91aab3d29dbe38c9b2c3e3c85c8654385e7c81234ab16a43857fa761b46f39ffc6fa52a28b2ecedc83fd07eb393dcb556533e4a4d8f4b9e14fafd0e8d5a7c251f852ce631acef80aad0b75889497f4c24d9b1967ac8044d8ec412f98d7b4f8a12a13dfcfcbb9a78cdba1c9eed2334b2fb4cee390eadf5d8d16e1e858543f0881348dd2c8eba83a6495a9c70cb5297fee3ddd7fce5617975b5778ce6f88ea4055c0f 021d8c2a05d024107c85bda68beea11e4e1be742199c013bfa86af5994ab01e269dd193bb039259aef5b3656dab17ebf70908207b70a1008b5399c1a937c9a4fda497c28b029efd17277fb19d5bb9cd66ece398c0acde6780516a075857a46317ac66d40b3d9733385ef67fab4214dcdf9b10c71ddcb00ba34688ea2980ff84e3edb48180ae30bdb12cd9b31a95e7a1c3cec1e5d9f5e4e26b161ab39ebb9b03fe5c163495b41e979795b26e1adca543403722b8c3c4316c17d83ad9d77cb41b7f9e0b148b6972e6c 9f174ac000e70d46b2bbfa16db9e89327841edfc60c86c28af048575cd9cc10f33facec020a689442cc46dd78279b4fe14bca0ac490baf6c380497ca48ac6c7b2bff316eb26872096ed997df18ae968c6f5c026978a98f549534442ecffad1bbbf46b9c461b578ba36f0e55e818e72be9d582ad6892f31d2ead79782b8d3e08e1bc093e5e5d53c3be6376c54b0692d211deb434f07f282a886362a7e1cd283a7323a7c7f15acb38561e1a2f8c54b0790fa163a0188aa314141ad5cd5a1e5c9ea30bffc9e6c517cb4 c67d66059be0d6b31c44fefe6134faaba287433c0751040b17d24243fa894bfdfb21423bc953db6cb6665ee94a832e9087989a98970e8b9167f5b98dcbb9c3230359458a4a7637ad67d1e6b36152c1858c533bd0c53bf53ab3b444706b0d3fcbe6a7a7b5ea9467763c0cc77c03c01504b75ffed4f9ce982d41f3a2e2f2d527b068915557df0735209deab1e5f5814a6aeac2b4e7690a95ed8ae5ffe57c2c4b7629134d0a6641482b6c54fa3eb98804ebde379727bf093d67ae2b9c43502897582c7957322247b87d 81277427c66dd65587b560967c7e3c4aecbbc90e0bcc0ee3000c9dfd3ef1b8e390b2fcac3ec34bc26f4bea7f933df88523a89bcd4f3bb2ac047affeff3f83d6f91fb0c76c23e7ea46bff1b7b2fe2efa03c0c2a0419339a8ec9a0157d692bb5f8ba3ebab9b664ce2ebbf27fc094f32e0db4abb977ecd1167a86b31b0e1229bf40595fedca3f5a430bcebc7a5ac586d71834fc7c4ccd1e74a6b1810503c80a492eea511a89da5dcc1cf8b14f6aafbf0ac3beb51d2dbe7bcbff0eb7a2ccf5e4783ddc8acf3feff82098
39baa0b361976a386c16105f061c5716fe709e15d314ad4c45f502be511f1fb3cf39bd2ad54def2db23951d7ec52e12f1405e7881c71f1ccebae7aaca942fa381583fb574dde4f2626a454c387c118d7f05533336c9cd8e627762e1e62409f997b4baeb008a0efc66108db2013db91a5d9a66414bf82370bd17c3068a8f4a8da99de6ecd1df01472739f154bebf5a2f776bcb0ddbd7fbf88ff9f08d9a51c98f963f6f8c8318abd436c1699e51a08c813eb74e7e3db129171b62ba6fad81e9fce9fe7d7cc14cace93 f407839b8bb490b84500ec98eb4d18c99b2b6c5baa7aca1d01c5d168818076f069f3da1d9b38135646a36b62a14c547e6a96eaf0190d9f40f44eaa60565129d317fd0e1e9147c315f46515fc009653738bee69fc98af61b047bb87fe898a6e6cb56d42c028aeb00cf90f58e5650531af5ae85f18ee722bf84dba7b77f30b3d021dec1dcef91545c98c930924f65adc3185d91573768be53bfb153b2db5f171d8a793939e24fb80992911f5bb04e37fe67e6a876c54929d9d1b0ea40f15f8d27947468a8b1a11caec f2a577ca339ff69eb4e69cb5b36ee88f42c234270ec49c77b6a22b1f86d1dc0f10b85969288f3ef2e7908dd1591f48a31f761cc6e1276b354e2da0bd376d0865a239969d68ca399646253be144b585ddfbb7b3ac908d2f437b56f6fe59f8ab559fe1aaa14fe7dee809105b4727b5b502a1d14cc8e26d2a9749ad69420ae4059ccf529189e14510fda6b24e8cceade7b26232f63a83492e6ef9c841c74c38989f185cb8f43a09690debf11cc53b04c2887ad28570e57f2b5e4157f8a4e4d15476326d9c296ca2d799 dccaab28170c248ee860dae5a992c3087eb4e6855ffc2e544d2795b2b0c739e7aeae20eaad07d50d3a8e433df0b5085de2bef07094b5c7133872859e1235cf8cf5f7900f19669ef1eacd6dc2f51082f44765a14daab36e282957b4db0fd1dadd2dcc2e969b0e7e61a70248758450e56b6d7b04901f35e7a42e805b398c3908f58a13238422a0f84569ff6a34f06a8815884da506aa9f025136da64d0eafadd2b1add3364ad03a0ea5074f51d8af707a5c4334e9b8401b6c81d3f1c07f3df136e4f51f477e330aef3 25a73bfcfde5d790b63a190d21689364a82357a0a03edea31a64a9607fbc5b082c96ffccd65c0a8f8ea37ab641358e7f4b4cef2ad33ad0ba6eaf3b874089e2f78790e8467725bb88b3688c7cdb01296300309718a11402ae5ab1425209dbb6be12ddf50926ebb757e657f07fbebe0eaf924ea9a159290ca8aea9a60921c253a50d41197c93483200ae1a63f4d1fd948b71bf338b3d9c6da532897ac17f00b8288873a685f2190855ed71182199e04a84f7113f0ab7fb9a9bbcdfa5231726a0ca3f50ed8d8d8d0390 8f158fe69fb12720e98e7da156035fde3fe5535782b9ee7f40454e92730003e484668f398eedef2878f9af28ad472e681c09ce531cd1e81e345490d0dd376d570c05bb7ae2dd0ad9b78575e50c6c21b9807752f3ba5b87477af0439919ad3b3cae3dfaabd69f7d8130f87ecea68c3dc054ead780b4e81310bc9df78168048778908093e326d98e1ea491a63c3e15335f4a290941e0de777bb36f24bec0fcd42b0ffaeaabe9dbb5493d7cfdb08c24b9f2e12991175b04485343a1916bf1f81a6dcb12bfc6a32dc406 8b963f0498b6962ee4c5e1d32e5bba5bcfc6a4a110f050fc240352141ca9c19828aa2e9a62545371ce5ba3fff4f8c2402cfa97e1104e12703a4fee279beede50aa5816fb9b817b13979c6a022c5e7e09960dd987eabe9b4c2ec232f6fedbfd879539cab57454ccb123f8a183da5259d70fceba61529848c89db2a9193ed8846bccb9ea111b16ad9b379ad8560ae574e89cb84016e73a50b68b0f153a03b95b587ef73ee16aa0fe0b8887147df82dba39014bff818c5ebf34b5809cbde1527b55057bfe90525e5c45 1eeec51390831ed5fdd9f19d05043522ba1d11a0e13650f6ecd9e6284625a1d5dbc929cf9949b6b36474eec1539f8e4ee1c5f45a811e7940329ab3b8556b771cf24bbe29b43e2a301986b105124c46db5e753577807a486ff47fdc205580c6046980b87e229e2d77615e1b02b8b22b1624eae7a859ba302f6ba080eca37f5547e96f5ef1b482aa88b05aa8b065032a7b6e963cff68017d239ad42962176c8d2d1fcbe4fb45d7696d9a17f0a861058fb795a04d06c032eecd641ec30f5e0cd4c7a69581245ab012e3
a64c36021630ed118d83b3bfa8a98c49ec2e334361a9e95bdd44d8f9d20094f26e9f65f040db6b248283e261a8ce748d7a31dd1cc2f82507c48934ee8ea39d7dc3f5f9f191dd8e2131b1beaca1b8da9463ebebea88936e48bb5af5123cdbd2ad612ab1eac146e7e2a744fe0acd541a563ff411f449f936fb656f42ab78d1f29e11e43a3829b54acb36d51721b8fbcade6c5e0477400c06528ebec019379d703242d898931467e27647b3b00f698e22f3dd32508ff87ea277afd1050679e587396588f7efbe34df47 2e87fed87a6f36c84d360733b7b15bbf1adad1b8657a5f416905f70ac0e1b7ae48fb8b704038083e9be4268b3f8cd416edcb2547588b1ae3dd367b19737789f0b630f1d2f5d221321654e06e6448e86201182d560fc734cb0f6660836b66922fa39287b58957c4670c853a6166518b31e71af706cae07ac494230bf9d2643d3e15b1b2303486ea6acb01d3ca82c238db491f48dbac1f7f6590d810026e4548f4f67dc44e18c25e48ead825620a075cb1d12de3f03c827801bdf4cb8ddce98d9af8966b265293e88b b45d7f213bbca8f27a2cc4a0f426b1d10d0509156fa9c41940ee05721eed3039e95ac2709cf9e92bff6d4632787a65e074d6427a88d7dc58d4ef2985a05c631ee14ff8b57afe4fc12a6575c7e4c5f8716cafe7d08da281f21d1c31f47ead9b85d93c0f38dd55814781f1c506bd61bd7d5b7a761a72d9be416c5f1b086c431021b6eee382efa2770f17eb00f050fc77e0750cf106be1c5a545caf0035b9ad9864da1d1de26de2c76a3842acde2c1bacf3c55b91e8dece48e2924a4afb7a62d9504013276802c55aa5 112ddf38f17264f9f82daf5c6905403911489033820c7b0f58cdc357a96153a8075701f066f9b34eaa657a716f2a38ff1881e8ecbe5f715d7a060de1446e0c05fc276299f85c0649800b5f8113f8d93bb9800e14bdda1d417a261ce3457ad0e0d6e032559612e9f3d55b8c54beff6d69b517475fd15ae36f026b38d59ca8500f2e55726009fc526b2c4a9459f9dc8129069f6c512c33c8b849e3143e5ab1b94a59eccb24ffc3762692a8918a707b4e3af4efab6f330e171483b2a5a9ddb7f6b94e422d1959b9ad23 f2652cfd4cec294e132258173b8146e06e3bd5a17a30f260abc14c7119343d55ebc29c26aad69961f02e25987cb384bc9961dac27d8cd1be74eb53309be0619f681f6001649479c36c1885106af15896f10d5cc13bfb472d9be49493739eadb6170881b9397d52c7484aee14766ca9744239eb8bfc4c76d55aa946d70238c947aa328742951ea6f1d7c37efa0b7ac7f895d30b4e25b5833e682ae267718008c9820d7ddb7a2f74f707fdb9f25981c7eb358593163ff2dc1529f085945dcb52d387f98fc0740c5888 4fea7e9fa8d0fede5197a4fe7d4048b8be0fe248a668a8157d84bb0dc4fad53246eadb90a12a34289cf000765d7effd0c92282ea8889870ee4dafae2b57bc5d4f580fe99e38a10dc768b4e20cf14b19adceb8ad6e437ed0e5969da8a6164a121caf527548ad476aa0f1d04ff9aa36756b3761a6ce2e398335ff4d530be375813065e0859ed622a74e47a1f40f642658995f868feadc3c357af6aca5431429692a77183dc69629f79a0c157492d3a06c8d253ff5b0304ce442077cedd1d933c74e77c954ba45d63e2 37d408e5a745c7f155d7343aebe24628666dd8e9ae3555bb2f61b14827c3f99892b9fb7cf38f697551cf007e4636a9ef24035a4b13a3ae5da9a16d3702d1eaf746ff42bdaa0c7f73ff76fb646ca1b3e08b80dd03a15511618008c6e7497b66aa2a48631e4f58f9a81d7f0d8677b2a8f8b14007b500eed4a138167139fa41f954dbb8b2d2a8cfb11a2345b576399e5bf8965f3b88f7e26cf49868de58c57951237072e9e756c5038f88f1a53a8758254e87c23a70b1b427a1cb12bb752df4a3208d77a80327c90805 c2a1053841bc0eb9ed176cb103a86de5f35d7131ff11255997ed1ad714d8269e0790914e7af393313c675c532d15ba6f98257aae8305626c54f0a274ec451e78993e95f6dde2a8cfae48be57cc5ef951ba7b885aba5d8d3b72321ea0c9bc25a8322c465c510d43fd21cdb0d5d938a05947efbc601fdedffd47f3eeb90b57caf4aa24d4c520050aa82c07331c8303cbfa1868a66f5787a9923c7a1a99f1db3cb6fe13e5ee01bd3d41597571f6ab47dae6ea9dd184d7def872411794b1491a471f2897074afde1c429
3fd68a984f64ebee3bf39b384fa278dfbd524a44c70997f0dcd2bdcf8613a8e1ac8aab9241ce08f075ce7d6599bb63f7c351a770ce17a1b473be54148098171a6dc061250f41dc22c7eda4b2e36f53c58e40932fa4c473a29eb1cf0bd270d304f9b14aad2458e2810a771139cb8dd1a29d60bab8aa694d3820804526b45ef491a98bb8420368009036d73adcfa2e5030ed0e386d89fbb254a2a453712abc557eb79596c2f51dbec3ee92bcf111c84b1597d8f194b376039248f76038cfdfef4c02b675b9ac769e70 1a96cdb86ae8ce8bed8d996fdf794b5d323e5c9076ed2455f9c4591db6e05ee8977f847142a018996c31ea3333f6dda2ff6b260450562e7e1edcf0b2d5b688affd688543ee887d15bda0cc71eca98d8e142f7274957ea24a6f36c9b0cd88fe36b03c5c7c8cf3c7f9467a158ec3504e258774b2c204e731c67a482f58a9c07f38484194647341e37e9579134e6f64f9cdcf0874ab21ccc209ea72d1bb2e2bba3d30e887573466cf638968e43751ef7180ce622e77b1758cd9eb46d5b25bbbc9caffbcff0808cf19b9 b4be682bca34e5d4ed147a556750c197e84b08e0a38b23d0b55ee55e7deafc28920fdeac2194cafd3c3e1964519a5e012314d786ee341bb68cc32358b0268ded21622146012b606d3f6adc45d16e05e646cd53ead7c9548f1f182b4b3cb7cf51c4c024cfc0b68419132de9e3f84737f6ebe3a4dc9025be0a87c4abed2a7c18fb61bef7b7dab80433543480ac84380f6da6bcc1222a138229f74b5c627f22e93b371e61a19e776e27793c23f2171bbf19785718fbccc315b2ed29ddc14ce08fedc46ef0db0273ddd6 76094882db6bd2c10300fc936717d62d906236f126eda425a11f3477e2ce80659946c137894ab78ae04b18f5f194c8db3b1354dceff65ce2eaf10828c58d0bb57be65dd240f8447d528d982a2221b05dc19d4fd4eb66ccc40a34f4909ab32d1e504d85290f720b08562b4e1949d0b068f604c612b94727e79d61e1322bd26cbedd9a487b324d2e629fd34bb4ab03602281392ebb78130b34cb0d7322997f6f6a38185cd52a931d50062636cdabce9860149098c441a9c2a52050b5528cc6e42db7d77f097e1d791f 497e26df67416f1f680b78e3af6fbd8984622b0f1d8bdf097e3ff548aaf6ca99f24b352e8a54a697ea61778767cce30210a86653f9d60debf8b3a99f5d37497e25c5aa8e026be673cd6721d753c165b77b137bc24ea5a512ea71448f29c09bccd96def72ac67a02d9a315911548c72181754f7b85626e17e969b6272000069f5b281aa79eace6e82658d9239d23564cec221ade564648bbaebede6f8429270157b506bcf23e8fe18cc38e7eca1e67e79ead0ed3763699145f1809d32e24c8831ade5b5946729d438 09c31b8b4e73b75b49056efd43a561096213dfdb68b0e00b9206ad0120e9b59f99a79695336e7bf0cdde2da9de8fda64d525703d95c2ba66f12dcd172bd236af5d639dea341cd013372ebc199e5c0d59c20f611ebc79a4587ab4816d38fb991b83277d2ebb7ab086b360bda77f2611198fffd130ccae7cc5ed6717cedd7f5ced7a20d33991a328f6315413f582a9e6da3ddd88df04b3e9997403df6a3c12667767eda7765767f4030b1adfb53a9d9bd605fd58bcfa6f2e89d37331dc663546546141b6d2a5c44175 8bd8d2541ea5b6a6b78d5224799335c1da4cc951b8565526aa086940526779d5d44d3aaa8ab603317088047e329b11e1de8fecb1111ba93dd53d08ff42ed861fdf92db5c7532b49c13c7c009aa3183c718f60ef3552551eafe0f686fbdbed0d31aa8e2ed88226d0a9767305abc045af53a82dfb460e7cd648e84de0a250906e0497a684e3418556be3d4ce7c389163c1d0b1974aaafd46f165b3c10a3af61c9f63cbab6f40da2a7dd4ea5d6807dab44b2cab3557638d6dc972a1ec38aaf668749195a4de5d450158 dcfed2666e1918ea882eb45dfd4849bed00cba99e6210c345c923b724eec6cadbc50a1b149819c5a7b7eace34cd632896d14a770af37bf441c381bd6c3a1cb47a4c379b304f333a8fe8b5839bc2790aa7407cd76f769b45114297ff2edf3b3f7374f8b2d881db6ff7867e560096d30797499d6a64bd7be4f043aa371126ed744ba12b52b8548a676b3ef592dbe5fbbee006e37f702c29c61e108e6af92cf203c8701e2807ba7f62915698f158581f607cc082613d8417c1ebabbc63700be811c900934060f2d415b
ed0d2e20b8963c631ecd7d187be39d19bb4ac9ae48a3e8c8b1d7ecb4ac7a14a132ea726edfcbad3bb7fbb5c25950623fd83b8d714d33f3d8fcf4a793927416b50e2208bdd3bfc7ba7180e9783c7c7e876146358598a3d0a68f4b1b084bb47e9b6b104428c4e8ce86b021afc75566dcffeced8cd8b8ceb457b0582f6b4ffdb3715d80bf2058e04ae42cc9dc3331bfa8f5856c85f1e0d2bf4bb142399b12a097257cca6bba8c0623e25f96d152a3300db9e5b7cda359c6b4d0c3dbee63604c2f0e1c37dd2b54399524 dc9120872330c402a634b8d4937a7fbd09c3748d8e9af9ce11582d93bd3d408fd8531eb20ecf29dcf6a33b587b6273fbf0101daaaa5fa3bc34e25e3e961418cd13e82b1171cc3d771e9bb85539f72b61c498bedaf9337953d64a00f0081f2296aeaa604deb0ff0b740083981e83762f24cbe4f95a229771c370ea8d2b4cb7b6a49c93e18342a66268202be4f31580af3a56e4e9e15ab3f8c439e813b489b92e96a8cfd4776402f779ec560d397660b218ca6bf12a2fdcf7f20c1124637d39aca1ed89c88ca5268db a47bf433c106eb99243186bc96732d03546a663917332d19b8d8acf6e160cc80607b0661a193f2648ff7b6938e5bd74a91e78651502ecf957ea6f5860db51f6bd014441fc13c16c64a0509c77baf90668025a2463c6f84af43029a6e6732124bb63e7c18df8a787b819b9c0c560f10da24b218915c689a6e4fe7ce4ad4d8ffd1ea9ca7cfaea59f2fa612098e41ad34c69bd473ab4284e8d702d99482978702136a087cdf41b0049a6c4ee44c3aea85d19f8ff5c8f61e88c003ef42e0f56c404077a134e733d3e50a a3d2a453165f4acd66ac18377014c00d8288aaf7f3a022093429ecaa82070b9e67b6fabff356609f734944b324e2429a29c2a27dfac08616ca13efbb4897698595a77203257f3b33e66ede83bf015980883f1c256e3d3d7afd78ff671758dc42e5e2c2e0fc24d9b1e635ddb43b662eec86fa069a26b6cfb35d298be2ab20fcca64bb2423a04527c5bbb94ae3d9ec542d88b30e3269d85547742764c49da5f5ac64581665b0d1c9ff3ccfcb46aa042ba81a722efa2e1512cd1dc3a55a6b7041ce355e03917a51200e 4a1355a28450b9573461ac82d81b5520f054917cbcd669e197f0b47a09c89cbd26d42b01fa4ad028192662255fa0537335d2f04e8f6805018342803214de8d3db318244f70691b5d457ee6f45c24426455f520b0059fd4e5a0f61ef544349062e5fc1ccf4401f8787d3998a0a6fa8c6bcfb8b17e9bf8a086725375d2ebd59e33b4940b44f1284dc0d75f37cca7250e67188beaa4fb8c1e87248d498e0d328d95afd9f41c5985d9073be3229299593f84822f79d62098858a56d77c695d00a6199b39537024491423 c7e35cf2b97db8f1d4f0b11e4e6d9d790a59e509b4b1a45cadd2d3fed713667be60f3f9853631422aa735bd933fdce1581977d023e36ec8a0cfc59da05e1c5243fdf2e625c9b08474e681d2811ac4707e55589213d9b40a84008a819f464c537b4b022b32f89cf545e878b6b146ef7f08e97902eae7ee7e27fc643119b8fe655fa7a309d5d2957dd397fc8b020a68fe01bbfba4a79c5813ffdb170b64dd9eae2e1d8d2338d0f2a36bcafb8d3e1ef3f68eac2dd35dc251ccee643a32a67193acf16e32c0a4cfa7b84 3910e0ae15f70f008adc31bf7d18dac7cce479e84ae9752881a18d4f67486bda51243ba9dab5c723fe991cb852a989754810fcb3d2c84feeb875b2a0390c10b9fd6c09c74beefc161402d3aaee655a15c15380a9e332bac21d47872e8f7c740d933a50c9aeecb6134efc83c711910ac9d76ebf6bf9fb9f46ff4fcd1f530424127cc380d9efcc3bc92e1bf4b553d03a261930a5b3465de3ab13b7289f2322e1bd36b09c63fe4b6b67293124d18f9f7f87a73358008fb603d1fe91e099b2340cfe3f906396b375ca7f fdfbbec18cc94043bdddf57c7b7f4a581d0c92ca88cbe0a318d0753aa5a70f78f062c99e0792adaf5748329a1c1f7386e1cacba669b3ea3f16ee970c6ab47d752e79a796e3e28cd307593e59f9035dbf0abc94d20ea5566e5f7050f3520496a48e093c1efc2ddfe943604850fcbcad5261440e945f57139d63426f278438bc586f33a9e647675a49c72b55e44192f6ee44fd396925a72d83106267ff027550af88e8efcc5e1018ba87ad528ebebfabbb09c3d857d10ff752eb6de6afb6ad08a4ee02716ddf295f39
7adf2562a35638c8516954e1f6da8a9df2b42b99b41b12b8feb8fa8113fbf25cda606bda4cc1fb2a4c7d51968326e87a92699986e9e673dd33055114ddfc288c332486f9cad00d16770856a644df7ba12021a1c512f4b3077f4e736bea3e34ee11543359cf19c8bf6623423829023dc4460f79366b95854ea3c49f0b7e7cb52425ef4bb67ee5fa915c6e06588269177f452d33473cc1739830cbe1a4dfad357285ad1a323dfc9f4ccedb9fd60c8c0783d2d963ddf5283a3774db240f87bfb0d6189deae400c8e718 58336f7f0c98c547ec2b9c15692c77a8d6e8d404a34ffc50cb26d2d241e638206b2613719560fe9d4155610a54c8d07de40db90b4e293651b2d576d4a871feac5b9282f637cbe3ab496ea2ed395a29f8557f916a1bba5d83258e89e9f4ad65099cd28f4076a3018ae92de85e01044d10ee55dff2b7b12d8b65ac3a2f79cdc74572f5fc16361b5f3bc44373df7140bf053621465ff32c448c6bd1c9dd793fb0adbfc1386acdfbf7c2fdddddd3710db7edd5f74540dc0a0f3372292219bd50c3b4b09b7ee539f5a6b9 79c67f4608fc6f3a15ce48e1f2d298cbccb225efa127a647f8f64af728a01af22b0199cccd9978c3de11b931bef2e951e417c8e5fcdb6d4bc17962540f62cc13d3fc5c77afc92cca0d85f4223c44faffb3038d65a20105f4f33fea7ea5a4c1b7441fcc6a742478c6566cec8e8e745ebb4ae848b9e6d881b80b0a3547991da77633986d3c42924ba1f8ea39a21e50dc59587243b9e91bd6f4b753d03d9537390699589c490bc47fb9fd3c764752d4efe6d9c7e2edd1569242722dc7724930a2c75a54afc14602450d 08bba47e56711110cd52eb8f0a376d4a516848cf0aaf7e3656f269f2a609bf48639429444634d8b9ca413cea1eec34d0266240db0748a1124fdfe6f96b60269f0268c85d2609c35982e497c92c3887d6ed4e71632d54ed0cc9b0d56b8ec0f566e4b0b00e7c18174815c6d6a73edca818c3be0413bc5700180f79a841bd1e2c40e0a145981350966ccb0afc87909c39df06b5ca38aa2d99ec0e5fd526d756b506ced4f87f0eff92e37da7726054ec23a4b42313c789520b321eaf8037fb16725671088f0704d91964 4c75bdbae9e1a02b23be2b99c295c184a31131110bdc9577cca2a18a55f0769f7398a557d1de5273c629924ee0dc94e1c1761a0f9b96abaf6e4b534104b29642aca5d3043957948366d7c6af8461a6c5bc2b427c1719a6eba59cac5fb95794e35432b3a76369fdcb8687c6da5426e547021a2d891a479afca0f708de033ed9478a11823bff9407536c03a196718d530ee0eda4682bd61aaa9d42cc0f1680bad28c49f625bd17b586fe65ddbcb8a0bc0f9783ec0e0c650c9923c75fb627f9034774f273100433b47b 400ab3b7ebd14c33fcfbc0c288e89a82329559109e925b75a4ecdc5f9c080dd77c3ae60a33b2fb17359a62f11dbbfd86021904036804fc5e5e179d548a9c390bc8cd4671f9419e3af162ae239229ef4da70ced04a66c09cdaa9bb9bc7bd2f7ec5945a6d4567244e3f2b4c95c9b14cee4d6e0ae380e4e815a7191828218808c68270a4e5c95d365cbaa51f6ec1c5585d34ad8a434fad0511c97ce8da01746394208633c93c208c89a5ecb61bb7280a7a5e1adc83340a7f4ec4a1f3dd142f681d9f3154223f5dbf88a 8d0815899620559b074e679f3dd1d4a048f2893cf009dcb57d038bf30635fb6195654b79264754e4bb9d9f6a1ca136bcfae9a1b84ae58b0e99f7166939d5f33c42e48ddbdebe76406ffcd59486795d21794276124b71beeeb2132b732623d59d3c195c77229af27da55aa100b7a1f3c896d9ca85b7d536ee8c1545fbae2f55b5620805744721295d0cdaf796573429c3c62c5694edd5544880f94b9fee58211793c174d306fa901d26e24b04b3629396e7a3c51af75fb6e2c614587a9475ede5e240a3bc6b2a77bd 6dbadfce1a50e9f68319b39c5c6514d7e38f7278712d98efd1c6a917d33acf1cf5d7e8bcc99b91ffb78f845c5e485ef9a3779ad53573aaee3ef087704a889f970f626160278ff2a8812ac80969f5c1ea187ed8c4b6b79649c14ec5ebae742413763fb38906b7de26d2b94df3c4c63ce41fb92bb88f4c26a15031dcddbeb08cbfe85b876660e1d508be58f76472aaba1a203c240bbeab4159e6c48e14bdc36bfb925e98d11f9ef1caf60f78b78ab3ccfcb6659b9179e8cf7985ee2950b7594378dbbd1b4281473041
7f05b84e4f94fa6118a7dd18d3ad91c2521187228e2593a54cf5a77a3a3f47aa53642b27389f226e74340fca37c96df536ef63bc2fe218c4740fe91763adc383bfb45a9da81398733ddaa286e87b1ccaa87cbb4c8212732c47504014b301f289a5c9de193ecf4b9ec8f3bddd00c90bc9e4c059d1f3ad624da5b97890cf681e3181b8c1dac36afac4436cdad0da66a4cd5cef25023763c00dd9209dcf2664b3ea1e6fdec5745d42afc975729815dd1d948810f56515c400d5a19c94c2069984dc70162f1a7adfb732 443ddf90c4b691a2385ae226705e66af842c615fb2b8f7010979eb48948bdf7f8d67ddae31d19d05b8d50d904c0b2c1d1ea7639f7ba5c09c92dd0aa4785eec444882622d356ca7cb69107768d3556a9e1a6c29b73c8bb3b979fafa99ba32f01919a7e53d59c85b6f34eadd829c7b4427962a456dfb8ebf19ddaebdcee8de39eaed69372d2e925a9fad6209c5e6d211bc1bfd9771955f20bd2c224b17aa8780bc1ef85907a5a34e20ba1f8f93f58454c9679d9aa9e2daddf20e11c242cd0a98421b233bad7ed36bd5 e96c423400c37aa4ebf28d7cf3c07d9f92a20fb1dac00c4784e008933b08e857dabf0ca4235ab0b6dcb8b00249cbecaf9bb32534fb4e8c7786a6ca0f31144e2b8b996b281b98076539c98acf5c0ea26189363663cd5234499e676391a6e4cadcf41b0831bb392ac97221624b39306f967322edcba456041ec66efa088615f07e5f1fbcb4c9247a0aedd9f6409af4de366707e84263d9bf48f33980d0a9520e54f56e82a0e5c30987cc4f38166629b223e06aa6f794b2aaf61f75b6ce53efafe94f206dd7b2add401 1acd327354bdfaeef6c864852dbf4abb29efa5905edb827f28611164dd50d7d0b23396cdb04a5a64f0c3e3d86e6a05af4f676c0c43a6bdd4141b1d8aa85481568760143c9a4ed1b544187821374cf9c606650386cc910c5e029a9f2642a3977085584ccc472bc8a1ef1d578b7f23bad44e51250c36bc5a608ab438bafc005c99f318ee6fb401703939d2392c87b3301925978d81a6efce84c890c1d3761b6e58cc0162d20091537ecd9ae5457ec71c87f5676b1848594a92bb1f688d27b874bb4eb8f9399dead551 69642228b9d678e978810d3171e11c446070ca69ba84ab984675462a66d2eb508da9240fc47a82d62e8b46b23160b9a75cf07d8983fcf67be89beb566b15eccc0d83b32060e780a5f660c5dbb036bada66b0e07f950b799cbccc8342c2105f08baa09c6fd1bf16958a5da6b94318aff83744d2d82ccda6eda382b721ba3d3ae979ebd0aaab631f71d434e0555fcfea6373c775805712f43707d9532986bf9da12886fae17cbab49d86f3eb0a0a0e1ea29b9b786d73eecebbfbd882fc57148018d6d5a7d9a86b3013 7e1e4c8e615b789b81b34be8aed354c828b783efc2d997926b34268204ed32994da141cd8d7f3703e99c709b551cdc33beeac569595966a5f6e0f55f35231798b71e5127ff1328bd0a6152a696f79796e27084ff3561e6f2e74d02b800dbdf13de81c64f3adcb2e0c80e38b212c3ad451b6141d443b2677fa6f02715e30170d596b4a8f8f7ae4e89262e7fc1005e53c49afd3c05301f727e3d3ab1348582c2153f52392ae272ceca2e7bb4e5b3dd49d937f3b8f33da08ba634cd84105ebfdd3454454eeb72d33bf8 b5d6299bab3a1290efb7c20f1c6d34f246ac689d1d8373320703b422d15f4c1c919513e438c26c7ffc94630bec1e0585b30616482da29e178a7b861adf4e9ffdf3f250f9da25eaf5610ea0ed4b4c369b16bff8d70fbf138143078880d053dd1c78166dab9dbb2e6bdd247c271727aae6311b47f1e4f67754c01faa1c62de08b85ca7721ba16c0cb4ceb2615f3f21477ac356e27765c1758fd835a2fe6b328e9b3379dcf17949646dd50a7fbc64763150bb76a546f941855a4c2a1cb4b387a7d1d12bcec5f4ac9558 6de0eba5cf97e6ed0155a27cd1361d99818b27f60460b0f9a8913d2137c961e1a3b1074deb5d32979b800a02c9ec9bbc475197df13269c6c334636ed77295ac537ba80282b556d58ee6a9f41dece2ef5bd613b4279064b742b8aaaea8cd54ce7353b855e9568defae3a652d10c8b93a0c2bc2efbe8533046c5ffd4b2dead479f72156c37390a435788d6c381fd58e79343ae8460c4196bc7e1dcf6aa7375c04fb79673a87d7b739dc0d0c2d51fe8a6a9d4d6b552bafb8d95715c36d4c851629c6524b131845d7ae2
4c7ac4e7be96e5e688ccc1988348a9f5ffddb1c8c2307845e25da2a32c8bd4ec3a144934255cfbdbc8515214cb1fbc63038d0ebc70d4778c0f7373aa77a2a14e4003e53da243e6023a404a0b8e735ffd8ff73aa2ab20be80514f91cf5ec538b137cfd0cd9441857bcea11f8a9593d7d4b91503e5db4fc987ddb21ab20b1f044fc6990c294e95d7e0aa7f8aa888e8154acaa7e0a24d0751a997912205e99b564563f52d3118515937bb49581da4591b413e0bf4a5bc43a851dea5d55f22de3fae01501a3ad701fa9b b46b6c8910c90bbe958f3626116807f14c7674c512d190d023325eccdb0d957a48d88936445665f1969f919af2dffb86ab7846d4cab65b3035df0fff8bd7ef6e10d371098318189f12e946285fb28c47066c290bdffb8cde2cb30a6a9ae18f81dda79087ffa4e40924f8367d35b4aa1dd438dcfb377bf33b9505e57e7e5e21394517581772eedc8069ed96c9827230a1297f0298510618901b35b5cb754e81127f269bbb1aa594fb060c10d6035a54d2025c78fdd2913c2a11aa4d4b3356d20eea69ee8febb471ad c9a4801f3db0bb55992be89c73dfbe69e7449c4790e144e0d5e37ecd2bfab1027093f8796700e0426493d6efee4820c3f3242decbf58febeea1a59b54f84319d4f7d290c85b6edc6f2a4bf0d02569e7a6ab8e30c9d2f8aaf53a6fecf99dfcb79259db1a0129fd31f726f38f8035496b2061de1a6ba93e960124bb4e94682e72e80fec566218028bff399de1a7d1bff015680ae67767d260d63e40f97c6839c75799fefd6b701227129a20676be29571f86c718f46c34ce43e78c941382560305ac5399b67d8fb629 01d98e723730eea68b39f4e7226ceb7013fd12d20c5242b5acadf1865a8befea97d66de2142aff1483bb334974a9307464168a88f351159f85ecabb52ffb186f7e5e88942b87e87fd802dca4733065b4a77932866b682f6a88cce30717d6cfb5134bfd1ef920233310e8257157e79f4d2ae6a7328aa174a42c16372d8611d40c4715e445aec5d72215dccae173736e7ed7d74c433f5e096c3aa610f3bb9cb208fedcdb202bb2c6c5e9e1c1ef77067261e2463910b95aeab4b664b44c7a7884fd0bd8d8792649af63 a2d1d22a306afc18dbbc282428b548b26e6bec48e4ca0869c546c8efa07c8deec70f237fc25d42cf1056e8c0b44a04e402021c93eeba8c424769b53360f409df10e46ce874af16b5014d14095bb28477ec267e774b2116a7fc41b45a73aaea04a39ce5dfec5c62f14c401fb2bb735a5e944025c762a6cfb00128b7cf39621589ec8f6268d7a891ac53995ca8de1426019f8da642084e66a7d422cab760e32e628a3d765c3da904bd22c30f9a7b2f116d4151a0c608632e21369771c6b333fd4dac0398509c1c54c7 768cdc501b440ea1074394565c44200a495d0c0e68c2dbf69895eee13942baba912081afc895f6836886fa3f2a81b53c40b250f524a2539f833e3dc726118970f4879bd92d3ddf27e7191b823128af0521dd8f72105d53877bed71efe25c9379ed7bd482e324238151569a1248aa7818b77cb639c8d81fcb21487afcbb03042e379ff14d8a65959cc7b2de3401888e4b5f510afd77f0d0a534e0469e73a679a075c746795b1fc50294ce705d3f5cd91dec303bb5d191243f29614a638c759b8a9c863f84b2dfc074 5aa723a747ed51f0f4b40c1ae6641a52e0a87a79ee155d2af2875dc0460b40b5c1872fe81bf8378341681560a1ecbad67d8f49946eb3edbd65fe670083fd1f47f2f8bb9de7c41b5e8679c4397b76ecb842731290f4f0dd0a67cd9509934c32fd55166612426fea9d5fafb9dbc1096077366295aff8d2af50fd4015b190bcb4d8786603a43c0dceaa564140bde787e5b4267c32289af006fb5c812d25e442c15af6b9d449c232008d99cac84f694959e920eeefb642f77ac4a52379258585f04e57fde70cdbc7348a 5d0e820bc3123210e72ad147952f3b4351a9f2b35eb063274f7591b98c1ff97529d31cabc79186e6f7445ff0773a7f9bef07623507a3217071e566041fa70c216b3e862183dea711af219d058a4b4b35f827c0161c762ba3dacf67cd8c44cb40be7179c9a31fbf56e22c1ac88527fb843a9b3530fa3ef7d1c66b67e319f8b476a9e6694347134e02480dd4c0cc415cd773632a78f74d81c3257ca5feeca188f89ff3179be78e8715a29da563e3dabf46e084731a6adf6700ce149849aee24c5c1d2f2514b4c88f9c
b1393197aeffe27619e31a7d35a6623295d3f0a43d9f1f0c941f7363175037a3002c9c5294024d796c237b6b37115ec453371624fb7f3ef909236513e0fbfa4dbc397cebc9835527c97011e986d4189633583388fe4e5eeb33434ef60a88385b76a183dc6a59f677d125d1abf23d61b4c1f3bdc4c47b1312e8d6ddb32dced3f5ac56bc16e970951fa6e3f0995d2728ce94670d8a477c024ae7fb3158dab42f14779f0c48c006a59f3b53c1c87375ae039294bc9964b2ad19f14706064013b7f6fe7de266cf47e6fb ed92ac83bd9f844912db95c4aae9674784316d68454d17297db47679dda16afc82a19f0bc076115e17810385d34f4f81290047e121cee3c6fbde23462f7cd2a36af7f33f2114826713704522ac4efb90378e175166c96983a39b60a8053d7d39c662c54e6b46cb6fbb48051775fec9fc0b7112f42615682c15ef1d7b1f4675463a1e1eeb7724e9d586b093538b0a5035a5bd4184fd5c46b81277adecc2dee6742f12f42344d9d095fbbd5c30ab3712b0324a41f741d2ad6a601de0dcde86ec3231a457e842704032 2294580a4ad71b79d15d9c64f10026753809304eb197a7baba50c07588f5023e740be429063ab09f45bb2d808ec2c3594993b4a43d19db2fe17f6503c88324e6a00470e13e96c0a7fe520c45b30a29f4eeec5bb51e20e638888cc347a1ec3f87ed94c7abd29fe1051a91d224f1e68996fb5e763a9e0447187c295bed220345122c6a3e9a3e59a35494293eb07d5999a701c68b82241b44ae0e15647c05c91602d28d9cb4ea88440ace3d7b5469a653ed996cc0575d632b7b24309e4ddbd5f453047e859f3f8e8901 1c18d937cc92947fe216ed644207798c6e2c9bad346e248551dfe317c220c78a7716ab88ecd42999350759265221498a51569e6b97f3e89b6c68d091b5ed58aa95aa5dc50ef1e168ea87a0ea8464222c62ae42cc6e05bc54d61357565fc0afcb3e8a3cea2f19eb5d9ed1f208e3cfc2d83f66ece13c04c98b2d8bbe85d24739f81f4645aaf3b7519b5a646eefcb44abcc783c68fbcc7dc2481634eaf63c640f978c9e179318c16f094d17a4899c936d13e6bfc29994d6a71d3251d3ffc7498259de222aa49ef54b0f 7653b409d9b68c55ae002e0ccb9c7aacd46a2e9709f5878834c37e8ed2433b200316e7a5ae8615cfb7ec758041e968ee154d28e54f0ad6bccae3b55879dbf4777b72c568de37852538f80743345c56e69d8d6bf52b1f5a7427472882442650009b9a143b3eb6aafa2d509a9d84559fc07a27b071923c9185f89311550da59a4a43d8edbcc4bb56208be110b01799e7eb77c5ea7edb73672a695cd461cd2387b191383093767cf7593578d1aad3ebef4f2e0873ab1b098c14999e8d9971cab202b37391ec377e2784 b620a416ebc8c18e8e233d17efca9e96556802a250f52856299b693cb91b7ff2bb7359264736fb07dbb34f12318f08cb69540b1bab01fa6934daa645da43329183cf4df259d38c0454961aa6c62226519ca6dc0761c05690a67ecae0214c6367bf53e85edbcf69affd965706c7d1a6f91226cfa4d6d49376b4c728e23396f8e7b5b8d6c4a88f9f9a018a4c5ddb506230da55525f5baddb6bf54bdf873915331c577d85cdac41bc55c52c57f99d8283d56736f61cafc1e7949d1e5cd58eed07bc6418078033f5069c 045fe4ce732eed89b0aeab1a52c96cd9be3faa61e902140d56a2ec0737004071c3deb1731401719533c6f20c3b5dcc4e57106b5b475f36b346f83529a5c24e0978f8a15c06ba88d8a5d4b03236908c4ba883e8d89f51d81b69dc740c52970aa8e45a52ca34dc994f34ec09ddf6366aadd4738a11086bbc977c2d09c796f49a9d15dd808c75a01435abeb30f0227c212119ce5b08335953579055bcbb64234adce7a81a73d09cf55e10d0561c6d77281b2197c8fd7d1a46d164e2bc3f7147b2039c30783c5f24be76 ddb61195030dfe21e2c9152b87d7ec9d71d1a9d568d7822bcd60920d18b2f7ad79bd3ea12e285f7dca4b9be2d99dd8830f876817e274c514d85e0d678364a0a23d49f1341cb791c5c6876652dd0c3e2381172a43ff01ce5a4fa0acfcac6abcbc5050562cc3281cf8863a505e6c5187ca43edcc982da7ea66be0507df51c917d4da11686de415b2e27ae2da0796a8e59a4fc78782ff52baee95d12bc6dfef0b4c8f83a6b10957b2485c149e7c36fab3c19e6fb8033ed8a4b1ae6091186245f479bb9a811249894c41
c0e887e16aacf7c8048ef71d015f4d939be8cded268639e07b7977c093549081855ec23708e76bd60a3bb6f8199292726ddff742a089d65e51f718f93d74f03e4c02c063ffa06a6a90df884585fad99974097e48dab6835f2ee6bd775c1b43d836c860c65d8b425c288dd10ad5eb1da720888722964d74cede807542ec9987810e65abc11531c78eef16f1205a70e68332031174ad85966fdd7e46885e8b6db422e32c75d0bc8ee9e85d3b8ea7c437479c31397d6a7e33614a9cb8e4c50a15cabef9f6a6480f4e97 755768fa0f4e671be95a4ac52882196983acb0bdc641bf963809fb373b49f174335cd77fcaba105472823811da6456b98e4a886697778573012f41e6ac5f5a07eee8645e93b6dbb078b6668435bbbf4e29758b2ad21a506e6934e731600b97403eb517af63f4752adcff5fda9967e06a7ed3dae95db5de56d1dcf128d1214e4adc9ece600defddb1578e668bde57559a4bd022ddcd327aafa0f277a148c801ac5eb1fc1bcc8c9d16d9652cc6324ed9e50d24568c965cce390a1c1c4ba255535fd677b89b25f35c27 1c5aa8845362cb709f662446d1df71120420e0b67accb77cf8b360263db04f6247f79d89b08106af209550c5684a6ef2c98cf426ff46b5d9207294252c4f090bf9704e6eeef5808a92e24bf718587cb33725be8efe3c6f2d478c6dcfc539a5e6f4aa91178f965f58d1be1c34f35beb0e5339784a74e7e585c73cdcfcef7bbd3f09691f7f23f5aee2dd809a670c652832e203d3c820174c2aeeca58fa8d346bbda74489758b1fede6960b0829e49610461e7c4b17b385cc5e561397738ed7b8efebfb71155e005d15 9f4e2c390039c22ff4d11ee1035480ae4c546720e92719dd9333d40b1bf9480d614bae5370f3099e9d31743b8feb0fc1f5460e6a6039562d56247c459bb99445f794a987d8032241f3912506b32f48d017a9237e75ee81526ca70e104fa78c8b418b5cf6a4a9a9d84c43405b16df015a68e7a4307f56f3fd6b814985f80b4c257f2032ea08554ab0d955bd4a6141c63ca80df82c7fd1f35ad0076df6a31098abc5e43c84e5f803accb8fec70b2018d36b938543cb88a58061ca17cfa2dc502c32483029c7fd4d2e6 5f98358352aea89914221267a029b2420083dd27843497987fa8e98b45a2ed3bf35bc12f85d483e7ebcef97ef32f7d09a253ba0fc4f206e5481a3f22e8cf16f611357244d2139b95b67d7cba2619d6dd924571e18acb735e28e049a10e6d2481a11cd1a2a72d3d260401e1666b909acd1c511e037536b128b48746df735f6aac032cfb0a0298a40d63f0c501f053f67f74a636a4227ef907f85733c90663c26593ab1f583581a9e9dda6f4891fc4f550542eed1b30d88a4a681661e69cd01f6528dbb2d0ba88e357 758194bfd6685d2a6edb78c2238fc3253ee5650e149e669d0ca93872ff716001a8bc7565fdb3a4611413f7f3d2a815d20c72e33183418df4c2a6e0c72ba5bdf87627addb05c412b99aeab4379fc59e00989b7f5cf3b78edf43f1ea01124a99561a3ad680b2d14c82c96f68bc6b186c53e08ade5cf79b18d8c0a9c77e83f9d31bb06c57dd28c7d369756b37dab1eaf357b4883ab4034ca4e449a7ffe334cd335ab0053e493d7b110eea0b9daadff486140b71121214ab1da968a6512d8299a772d5f936c8caccfba6 9d42faaa28e3c9a1f0d6e4b47a038f8f595cfd79e0c9f62574754f5d27d24e740a1e8fb5abf9e57267f652a4babe95bd236b84d50176fa5fef884a192ba922b819a6ead2dbeb0819872ba9bcfb048ddc9a177eaa63e7d41666382896c8604e8454d1cc67e8ac98688b8b69704153e09f8e6738fb0230b3eefd848dafc7b9f3adc0e570df6ff815a8456dc1ab2dee7bddc13f47818367d804028f809a16542e0305251ee700bfa37db059c00dd45cacc032389444cc7b99032b9563c7f3b4bc64062ef4fd50d914ea 87e85c246c66176c89a4c788e9f155246b6ff6f1bd93e11090d5d3fdf0353b2466339a31878d77d44776456fd663a76f4dfa9e3dbc901fdb1884f15e4670a4404802084333f8e400b2e39f1cddb84aae62f4cc5a57884a8149412eaf81d1a3496eb085bbf49f59437069b83d5312088dcd4576ff862b07bd13baf7d1d6e06f5b9f443dadfd78589892063dd3da4900309675751979d132d8539366c32c891b82ebc5ad883617605c2e24ec4adaaa34f15a129ea55aabe18851a6bf7ccc58b790812f42d53a1a146f
f428b59f98bd50ad7b281a914520b30bc5a837f63741424fe16c24f48eb3c4071bfd474a3631458c6e287932c34653eb820460a78cbc412910fb47c9f20f66e46aa050a0023780a54cd45a69f7de876b1010606f998ee06b8359bce7244d00eac73d58b7c11e64e3003aad16a71230435b88fa322b93644bfe0eed8569e7ce17999352beedb04d8c6a5c6ee683ae9d364770ba5e8f52f985cab04cc2f040ce59a6523b76bc416c803cdbcf5afc79952a0187d54f5183cff56bd7c275c8fe951f6630163ff0dada6b a9ccbfe56179b661450d213e82737080bf01a558bf2d33660574b3340e594fb9534ba5ae40bd129c7fff871698d72d46d3955ede021fddbdaab90093d39d505d7080ba6622389bea9e4e68b24a75320ec951f1882018c00e066d6b4e9df6eb9920bed548216d0553d8f7edfff8212296526d25e0837119e5762566864a7b442d32e4016b8a780a7961b159fbce217b4fd7a73bed329bb565aee372cc63faeeb89b995d4992711cc17857bc702d61f5aaf0c744beac38cb3ce823cdce4fc8d90e0354359e6055a14c 140d293cfe243260efde130b89db964cff9d1f15cea74d561ed473758f9eb924c71e4329e86ae6a93a87740b8ac85786c5240179454e0c1e1cc57de9b717e79134119efc7aea055beaf91f93b83716f62add4b40aec0529362a78238fc7cca86eb794f49fb87060a4dc739a3fa0e4fd5d70bf244323a8ac0498f2df79bdd20c156796c911a3b644917869f85d0689a3d49af80ddf815159634e98082ac3ba59d26e472fa5052bae86db1c004da6b64202a3473496d350428717947c7e98b0ff7d997f5d83980fd4d 2c34247c144e44f90808d08fee8e7b8e480c367a98da17e1fea03e5d884cbb5748a98e545e3c3b6186ab85f38d9921a2c53b93693255dcdbaddb0133fb0ea5905d09968222482152ba92465d16728093c0c55b434e93dd697866f3728fbb8029f532aabc6281ae3549e895d732d8a3f24167b5e3eeef3e0e44d12bf7236c268399d1908f3a1e6cda410bb80fda941c627e963d806a70a6ef2c15b06f91b029bca4c71d1f08c62ca5408ccfbc39522127be4c6d7c9820914522a56d23b9f1c2c07763f2a44c90e204 7f0807f087074acaa86b503587c087ad19cd03ce9d78fe3800f6c7e206c80dd0d0f194757530923468a12f2d45bc17ed56416299e3080d963eb72f91dc7d0e0a9ae9974902f9813251f4af150b0f17779a21d6f1aa04335a649dcdd98bf5c8bc6135db2b6ec6abd608a5cbcb888db532b49bac06cce777bcfac23ffdfbfd6bf14b9623fcdefc13752e756bf1a35d59cdc9695ddfebdc18853f94027ac72a44e89031885b48c36f54d90fb399f3b692654c4df9a48a93d525d8560e4bd435f592e35fc7ad02005df3 f45d2a7b271dde38b483197be7215ed04df52e5d1a0c1711a0cf7b4604edbb8f40da6e00f42446b4584ad09a65a0a6044c6cd2e01cad3b40e6ba26adfd6b119e35e1ed2db1c4e8ce5db361083b3a76453759ffab9470bb68b66e5b313eeab260fce3f54cc664f4fb6ce48a348e626f54d0fd4db7f4698002f627a0a4b9a24ec1e7f287c3b38b1df6a5396c2e1658b72644f0a7d99f19abe97140b81221317a6fc5a03587414e35eca695232a33142b56a3fd2f8048ffd1842ad94cfdaf0d40711ff214cf66f20a5b 18b3c6af719b2fce09b2ac38c5372c79cde2c8f1ad7b9d49871660843a2637f8df19f47dd4ec7852d769fdd08ef99125669fe8113585e0fbc40098a74c2ac4f33e4a8bac3fc011a8c0a9060cf6dce9ddcea5f454e5e8a3c3892d6d1e2757b7f0f691beaf1dfc6ec6cfe87aefd34e434693e21015dcb513b3d27b472ed6d7672c9775ced093a57ce2f8a954fb80d805b1f6f3cab6fe50cfb81875739032501b18817eb813e10e34202272bcf72887c9aa2c47c0cf683fd673f1d5c6c17cc40f917d27fa7f10d17a20 67bf08411a6ea760d63c75733465bb21326a080b3874efba950323af3ffe4d981c327de07d5dc4eb092f7424b98c1bc120ab062301bf8d128f4f39d7f85b835140c17f38b1013e0be7905c483b8321245e2a14c5611c6a7fea92d594c85ace19caf0b2b6b514d6e6477064f8df5846255e5128b228f6924021040cfde80b934dcb652d06e404f3600388ec1230c9d358c141cfc77557d5d50f0d9e13e36a6d0b9efd0525455199a630e2d16e99826aba2e4d51a8f827d2f0693399ad986c97a1f8346fe88af0d7d1
f3d7e6b82bbbead8dfe0c7368da3b2fd4635b9e5e358b75364db36dcac14ec4b0486f2d4ae1fa1496159973e02f9614ba527591a362a45c0548da7bb82d7ec18b0560690e681ee8570c119f4bb75a70b975006cf31e905414091b8e691519bf676c6e1cf522f0fa94a765ecbdda37dd23dda97c60d7fc49bec0f7bc053b5d1794284ed514cb988292f6629d624560bbe637693b6e5577358f0ddde6b5bcbe31e902d5c77f5b753f985bf2557b062af6763f8b586eacdd60b93fc020a05f15bbc0a9abf69bb08c630 2cdc7527abac6ac81c31117d2a51d26c29216e254e20118fe4952c25da92c54552ed7d53fa1c572ba25ad64133314a7fc982ca36de54092d1b4bb237d46378dc31fec32079cb71ff16864280cbed58cef0c4539c526c5d74719c2ccd2a5668e5838223d04397ebb2bf514c8e3d7f51109896188b22117aa56c4cca5b98a68b73c1e80c8940d74e2f1f7da7a81bd31d55b94369127033cac0dc2903c80dc853a7e954c0b09e97866b038917c08ffb130d4f6e2fbacaaded1713220c9b07f6e61bcb0f72929e572b0d d18dbc69b4aadb15ac10704fd199577b9a39535bccf9d3dcf05307de9d70b92ee0ad1bb3a757d602ab92870b6e5730a346fef07c5d177b154fe228221788d57fed983191ba9c1cc61a54cd401b6e1e7ad5665f3ef241c27ec2f393f1d73479cd1fb347a09d2d9ef038315e94f961407091c790ec4a4bcd6a2c0efc4e1f14b4c31870b5a97fb5b5a89a05d785085015020c858d02acf5b4ab36d9b6bd66620c730a1d577fccbb1b0555f0da587f77474b00293508e60c295913355433719e225d419974238282801d 06be268d74ec41765ad642b44d7c67f9611da9958071aca046b887212c9496cd90dee4368b013ab84c1f6140bbc1a572ad073cd425791297562c13bcc680fb21159d3529b8a7978e3960c010ff8d54e7ba22dd6d78fe5eda00b0aa504767daafa9b1a3eba33a46a213ea26ddd7953852c32801da7fccf9e1e30892680452666d4acd77e0b2d8697fd58f828c49bafd84947470e23b24274a866922ee8441e4026ad4cc8fe45514ebd69096faf7184b3d153b59596c751455c2abb9aaa4bcd0f4711ea7c6c1d1ebe3 a35c5ac425375e3f4572873cfc6d5a2dc5518253d155a0faecd3117a3b0e3ff467aafa6b4706ba25bb4a2002e3c16d46dda83a96d3f465ea784cfdefd65694f32a67a5a044ea1cb86aac4c2e6fc48ab133d60eaedec4e32389a543f64b3411e8daf459562f22b87ffcd7921272e11bc10adfb0f443af251fd8947661c6ddc6a3fc2e2e08656392e96ec237a64e1bc7db3300ca3c5f6f2e0c92393a09784c0b71299567290f65d34be81ccb832ccc425af8f0a59a1c0727f6fca52b788f8dfd4bfdcf31d4815f1c30 db168b1d951e227946090e75c438fecc61a04e464ef622ba9b75f41a579c3bc6a769393a612e289fa5e55967aef622bcdba3bacedd21044a11be9b90f2084dc6920cd4c708bbfe3798c82ad7a87924067dea2343996193f9b04354601f8955f87f4cb5f7082389bd06cf156f75c0aea1389201733c0504e89dcc33d9eeea0a8cb74eae144a3273323b7b08e9822f1d9d70d3ce4d10d778f2aff0528fd25272c00b006ec2fd4c790cb209a80e8124ff3d3982aca204ad23bce3eba9aac5649fd85971f82213664d38 667b858a7f8314e28d1d1a9b5902793c8dba8fd196f5c735e7d9076bd547c70263cd0a401180660dfda50d1e3c49e731391944e0a1f50d1507a930925abf67e5bdab3bb1cbd9e284eed91daf7ad743df4ab185b4238af8c576b99b95a429359d4615ece1211f4d34c680b3e07392c9a8709a733affff28b32216612ac55d288f43f437954159797ff9049e26eece48df783e6bf60b206511814ec86100454b4082ef9e69ba53cf2bb96f32c2aaa610ab3da64c9df1b32795d79cea643cc01f2731d951f6d954ba73 a3130e1a56eea21893225abe7be440e2e2b1c1f14bec4ee7af7668d8c15293bea72995baf4c0f6c98a2c1dd7f50fd8bf4d6461c59d61076966ff8a0561cc974f9e2293e9386d41c4438ae5b9ff6185674e368ab59ea4d924dfb6750a3d2ea8d858de4918bb0b631dadf397cf0938c5f1e6a6dbeddc444007a0a5bda59d036a66d647ac78815c39003653d230ab06f947456136bcdab53e926bad10a4c3d483ccfbef831457b7d384b9457448506de0ee283539cc521ae2fc4849ff5c57ac1b81c1a634daf442e205
26b14b3d9188acedf5bb28d583e0c425c5da73b0a7f18bb20f8f7501c813ff4c45c3d0fb8d789660b70ea8e0f03cfad5d96940f87d5efc6d80467280adfabc559a6d5042123e66984458102236887fa773f983d82bdd283790385c5266691a82ca0d7f721c1d6083d774bb83baf6e911f957d38faf4856bcb2f72695d21bebabdc89bda75820df552218fc7d139f471b84c94ea5939d12beb2b389954585c4f737d5360879c6a7b8d3d29e6fde0da37ee5a3439a604efe024f62e7cd52cf3f7c6deaed76d5d30474 7c2e4798afffea3f6f3b90cb2dd5ab29ef3a765784f365236f4ab3c1ef071d59e895b1af4da57ea4d7ecf81fb3b68cfda10177f93efecbeac8191cb13b51222e06985e68b29ddc166c97e9d7c7f4ffa973517246cc5b7dd294f6e234fbb24940507d2e032636260ce63a1d97b0fe512eb06936c36525c1ed7d29dda0e8eba97f1ef984df4c72a2ba0f49e3901401eaaf9c0a842fdffdf3094c09f828b0268859ab2caad7fbe874b0589f6ab3ba7a89229ca58fe82189dc1a71dcacb423b1f1b9a6346ec4d0f526f4 a0a174b1c776912c99822a18b46bd6c1696611246eb4952bee8db4c82a535188aa884ef22540c3cfc3ebf43126fac6c24f564150d944146a707bded9eb73aef732d12a05d637365bbb89b263366e8909f245e322d6590e5536814b96d38ebba23d587dddc2abb852d866b5316e11d5b9e4d210a511b798885848fe0deb0892edd262623a5e0b354757f493ec57733cbe0d3625af6e6c2da5ed4bf4e0a61eaef82426761df58ab90ab7cb001f477111288cb57c16c80c1dd356076a0beb3e061f6433d0f9684b7a2b e91b44c1c9d012c7c528ab45b806f4aef2c92d7f483f412c81d00bdf2d91eeb139b365c4c03db1134081d1059182c053d4cb9ce6088fb2b671815de305c6fc8f38a80ff03d922dd40e0586c7fd8bb53ee0dde184925cddc5a8016c2ebb896b92748dbf16a5ac7aa7c37c5631e1bdef3927cdb67cdc48417be896c9c4f35f9f05828e62d4c271d6a892c344ba8024991a6c15f22b9d98f472246bcb062e4e273cf7662de49f9699cf0638d4664d43e95dc0b8805076c7c11f16282f87bca37fe0caa47434c565b70e fae8a520e1929ee1a1afebfcc2c0af4b196461d319b0bf52418af02ce0e6910a409e75e4c59a29ea9c4573f87247cb0dd7dd029fe5af3d7fb668e8e146b2c5e59f500f24b6f6e8168b7bdf954ddcff4d3a180db4c0e8d58881a4d17825a63eef61b1bdad90e255b0a30d82c7401a562782e56cda00248fc574c071c578ecfe4100b250fa11616f812c71ec479ee132ab99cf622bc266dbd4f7ce1b5d62826b01930e320f887367ce0a6d9dfbcbefaff7ad82e5985ddac03ca1f85c24124e0ed608f51e67824bc173 a42228aab2162ccdc31b1edadb72d25a683caca22914b15ec127010251edd392c8abb9cbfaf560a68b9169d25665f9c3bc36a21771a284ee7a338000aa713e57da1d5c100b203c2fa2ab881c4284ec0fb450d01e5265ce26802daf30f857b6ae0c3b14528730e169f83a9ee650cd83cb6ef481e00fe1be6f2fc95cbb2bc6b83a3cfef68d130720398cc17aab3ef243c914d876a79acb36a6e0279d9c4a9021390decea187417081b815e68282a7162e4194e27060d4e64ad6c13da4cf1d3925eb90d599b5ea41ffa d4dd2a99669384150148795bdf8063444795ee1d75120bbc49ff3914443f83cefea459f56509566081169ef53a3f719624348246d664987f9006c9456822aa67f2f1212c9a079bd4591f55bd9765759fa3c79765d289edb9b3c0b04a5d188df4e40d4e9bfb4d5c185142f9d35de7fec671602a70eb5adf00e53c72b89cb65658077b745668c9acea282371a36ede217b3c09ed6f8c15a1cf7311001c021c4e636db081d01b35913e44b8fcc5e802e044e3d4f9c34b1763c831ff78d80da80e0b6d6aa31f128eea52 f3a7995a5a1c460a14b50cd7c8d682dacb92820021809815441ca531d1d4e43a9f5bb261464194db932a2524b24cf728df7454bad68616a8e5be4e835c79990a06712a266f1d9830eb0ab29da3cce2f43f3d9879965fd8a409c38dc49e4a01124102eea6d04272045a919102b6a8a3e71463130d500abe8797ca00258647f2820eea17f786b58825e20a4917797947523c582aab506b71d88ccef46f9d689ee9f6b681f01f77fb75532bb77f584c35acf817941b74c8556a81cce01528553fb810d68ac0e86e13dc
874c794acd6f620fa64fb79530f17df409f769f6d9a4b116af6cd9e333ddca02619f1ab8e727c60ef2d859538e6ecfd13d59d0d97f6832b496631b17e006a3726132d41f0526a334aa237cf2a10a2c6c94710ca24bf8456680784469035e3f18b0c26148496ffb6ee17b67ebaf003f1006cb6192b2b75922e0613e683361dc1ab6f833f8abb1ee462f5915e01261e816b07dee40a673cc0eadb1ced4561a32ab99732d192a2d03ac64509148ad93aab9dc43c265e097b2dc1112edebd7fbdc647680033ffa5be322 5f9a20cbed088c90d080fd8ab23ee65c3caf6409c1b6098f1bbd26f91d53489ebd36d054b7f3717c0dc22710e9368278225eba6b0a0585b32ab3c8919e5952966a71e4cc5351265a937a75e11242f9e9d6e94f6796e002ec3b19feb042512d3604cd187a9121a2b3ff7cd48df56310538774302d609650339bf3f6b0644ebecea3ed90bd0e57c348bf98fa8f4cdf6add9a25ab47cd3ca753538c8655333eab4515eeec53433a74acc30538649d25b89d3c79fe63a976fc25b9d9e4f1ba648875dd38347f517adf0b 6bd1087d7e104ebf4885ffce48119c4795e703582d25254dbb85b1a8e6a3c10f6271463a96003cf6e995c41b8483e4fff45d050d1510325bfa8611455392605bf2533f2b248e133d4dc658f699119596568311ba2cfea985f5f3f603fa1030e4049b971d36686e380ea46b1d3d4df29d41ffce73b7834259012086f692768e05065198254250946dce3299ce124bb04d3cd052a9214a9bfae3f9082467ce5158c6210d3407ba221c0ec6e9057dc2219fc737022b91b4aa0b325730a9eeee18baac1409175a71b989 6f47b82cbbe2342d7b6151efbffa6d37ba1fa366facf0b61442042f6243141236019c5cc5a4fbb1595ae7865069a33f2047f29097ce9a822786cebedc8d05fdd0f83ebc0c8e030bc2852b6698cb6dc04bf114229ae936d5eda898513c4fd405ea50329439324cb892ace62e33e3b94a0623e8dfe1bb8f64c363491ef0592414eb295daae2b11a10cccdb73897c60fd764bbbd114e8e3fa02d112514e755500c335dca2e8cbbc0fdcdc67e1d2828a894e2e1389a82a73b6e3e17e1565b70fc1217fab08a04aec21e2 6fc6c955e94b8e66c58812ee76f9c1b3751d676f486c09b14381f970449a9f2140925af4172babfd1927112ea51f7a7f56c235c5ece23f5e5804a903e645e72ab879bc851e06891f6280951f114ae7a168e0fd82d597acb0ab31a49337f1f4ada6b0a087842eadc2b625cf7eb23315138ab4ee30ed92d990e011302331ce92cde2446a3bc9da8236c6d8c90532f9e4b4a6477b89e9beb5d22dac5074c034122991a9ef0846e8a2336271dc2a28764578fc13fb02ea27d5632fb4810c7acf677a683b47ca3a404a8e 0f12bffd61bb8fc2a8b929aea1426359eb9cb72e0693edf1365e2df7bcdcb0d61c7d72005fc5145a25193183d6df2dbcd7ec86a6e13f2e32138bf667485160a87ecdf3dcb5603f899f876920385ab139d3ce78c8e12cee311c419ca0c7a785bb3f67a526868f6dd8cb70ebc3ae5e05c1a0927da16aed8e870b5f711bce4eec7651c6799707250c211c673ee24c446bf702f19e71031132b97f772e40d0d131fdcc79bbfa429805ec2194414b70d47946717db7a9d31df90eafca9e9df1f026d2dde154272c3555de f9c6377b3963593af3fe3f432bacf53066d56f6c8c87e3a1971f91e881ca9a82356e0c600d37f5a0147fe0127ab2f91c6de1d47d6e80f83510cbaacaf7881c434b32d9f2f18ba0ed2acafe4b83bc7046e6260de861c775aaeb88dab6b3818dc0d56e178d6002cbc3329012f26dfbb60f9a3c9bc9dba92d3b3083fb2893fcf38e7b5155b1253e51764e5dd73c7097188050054678ecf896c3a888e0c7a47611f5e9cda30d8572b71f25fc8d8a30e793a43797e84bf099cbaa6261f9415e82c1e75421d78d7043947a bf485130a298e8af08cfebfd59ceb4b1348f262015eb64e77fa353ae4f17a32c8f1de3b337376a2de9e3ee1d64f86c18a946ab315b37c5641cdb1f227c602ff031f7871197dbaa8ba2942b5993b166a31711156d26e5c3714bdccd49e4fc98b481e3dc729f13a1f6783fa91787249d316e4c02b48d9c07fe987e300a033dcc0d24757d4b47ee2ac4a07d83d13e4b6092e8678ddfc633432ac94b9f504f10cffa6e0afec025ec6027086b30cf175bcebb1baaedb3ba5a7c060ed83157fac2a7b2443af312f575e7c9
d729131f17f989cb5415abf33d5c42cefe68fac20e3decd7cd54c2ec2c396d4daa19c9f544eb102d1edda5f317520a79b31f4097caba40f8a51dd1d2471b701896606a15812a3c6078dee3a17fc1a5ebe0cc7e86636c05e0ceb385f99a54a72ed09226c4f2e8a97ce75fd1e3822b7f02b0182abce361f7ad02ceb7464b894bba78e33b592ec78c22dc104f27803fb287820aa9ea1bdeeb11cba9625cad04c498f21b672d85bcad420c926587cf1ec042af82bc225bf56c1ab1c34590e41214f3cf6e1234ea975b05 2666f1631d5e35680b088d2e4ec6a3ef6882eef64d3f3b98e33df6a5f6e9eb8f28d5036e3d6cdeb229583976bea3d9006e383e8e6ac65932190342629c5cb75c5a4065c98643ba28ceacbc1b124a27a743d406c0c77e23e0987ea25e79c1af3e1e02e59b5d10403e9ce1e939defe7d856725febdc702ce5949a5e692001bcaccad13f1db6bbd3d36d5b6e226a19cd1d5f43f696d550e7075f5782f683ce30dee9bb5647b8a3eadf5500a2194b958be889fdceeca645914e1c5b58bc32f1914c83ca7a91936bd6818 ddcc75877746011a5d25ff57f1b23d60cbd22473ab1019932f6e6a39655ec092e2bc44fd0fdf33b5ae13308d01d82b23603f8375f5f9bf1df085ce6e54a94c844720ea43733fbcbd4cd7b8864570fc05c8380cdc4d2816696151bca7c8277c904524c4e358ac20911e75afc21f2a4051d93f3487de5ececc88f9b575422b0d5657a6b55d58d47fe91575a986c1a0191bc70a71c2d9eea31d4d78b0994e031c6557650f32a475550f949f26957304b5259c590d6f84e3d280c82649688b84d224f6609364ec40d302 7b7d948b673b4429214e7ae0a3222c313a981b237d54ae2d00cc49dffc6bc36b96877f897c68718814b80727fd7b98f97f82b81138df0f2735450c431d7f10866745d78e5892e74850260ab088633df3c30a4a6948aa19c0cd83bc384b7cfffffcf4de1332f0e17de98b438c40ec9a095a973435eab2c95b44d4bcef53f04a0f1031963a45a4fff036f7104066564a64a34bf7f34d99ff1a6f4f629e5b28f07a26db1a80cd09a9281633c2993b0aa46078e923d916bbcd7afe8787fa694a1a8f9768b24e7f3b8b98 fef66fee0583bad3b57a5f9c5932a73c91f959a72cf08e0487c117207c1b9d900932d921b6cfa92dc2800f90e2f86561288e6544416a04d6e442c906757bb5a29cdf3621c4a722899933b8338ae5d8d2477ecc4ee7205f3621ba1315331df73169f3023108f2f5af131fbc04543fe9c5d338b48f00549c810b21ee7b53f4d68f2ff7f4bfa31e3baf1eac1dc40021e08351fe1465a1f7b14293c1ec862b63d6772f49f9a48c0ce1c7ffe6b729a5c2d701e7358f17d3d38d79a94445175e38c4a46351a194269bca35 9d04c9145de64b07129f71d58375443bd4a1700d22e00969c06fe9404b74154f4474471ccd8f29b4ebea5313046d90e7271f95024eba1880b40dfce420022ed4bc3151c4579e082bd592fed08497bd36e220dbd30b811e35c9cd121f6eeae3b670d7d897da74d1bf275be9b89983252598213ddc983cbcf6232cdb3e39a1c8a004e8d81534a91e58451a89d3ac8be79cc7b7fb2a5ee95d92cedcbd963371c1710dee8413b9cec958319933d0c5b7f07cfac687a1a42d06913712d3d7d2b63c1f7a958d39c7131525 f7c305931e5aa25a7c2979265bb15a763a6af9134d6334cc1854f93ccfad02837f1a5e75d5c551a1b7fd3e859372b7c452fdb1ec5ecf2c8e7d1e0fcc68db3fae8046606e42a5539b31701bce4d40ecc82c878bc39606d6e526d727e98c34b9bcedf9e51823bc6ed76b7132f09f44a50726b1d26a4c3fc43b033cb405558c7b0ae2916501487eef3be5b3a8b8c6bd8255a2fea98562e7fc156b84f45d5a73effdce0449d4649cfd815ec61396fd3671bf9e72edb31816a4828ea02f2e29c3f478842bfd40c730168f d95255394a78da0b4f8bf95eb8957172411ca183a7c3b5cb38f8daf442ae337b42846e9f704b2a8999e242662f1ee1581248d524f8cf2f613cad93b0db210902f789b7e159b467137b64ed245388c6c2d19e81f41080012e3ca390826fad468fb0d83ed810d9191e12dac8bc23b2e1af224c139c89a7eaf4214558d55b6fd24b53b8c9605b7eb4ae2cd616827d7e1568459755816f2c578ed2ed93afab71c76b422313cf65d48a9b75b0efbc125b4c2d7664f726aae9e6835531a987c7f7ef24400ec7b3126b5554
f13f6d7707540d99c394cb433d0f26d4ee0bc5454c8caccd3c986117da5bb0aca6eda38c66120af9c32f6833f29a00f8bf0302e9835baee5605d0a4ce55faf7b9b780166ae83c43302f006b030e277dc3612207d1bfe088d5590429f82794e513084d09c08b013f66c0204bd0e9fe134f7650b7409924f2a6d06976b23ac49f9dd9af1a2d90361baf03d3c8517af6178f0016f80da95594a9c6093c8fa9d2108fc952f111ed1800813f65fba784803cf0fcae5b5e896c91d8b45285d2d55c6908b468edee66318e1 514be15ec6481f11da2544f11dab69035119e58369ce98b2f2c85c7c38e50be5d6010b1e659882e0e6253fca641cbd1a5c55e43a17652158e7092fcc080e323c91ecc5bc20f856d1ddaf906852a530b0c447b242d384277e45348df893a8aee3840f1dfb61e918135c452b97d28877fcf878396e1f61331a0c431b6c6c2e317880940ba667c6a3ff65a395bfb575ba4b3f8bb251381ae998669c8791f73f80d972b602d589c52888aa05f32415c7a685b9b4b48de11f2ed8b02c93df86508e8541a5d5537a6ee3c2 1fa1421bbc90cfdff0573aa1c71b0bc85eb4c00982f7e400f6f8134b221bc2c5078249b3ed9a5a3193330e91b5145498bef20c6e292d10f9ef035acf9274c5f27c3a04e10a22c8a32a499090ad939a57b17ef1f69ac2f3b0681e6a662c5445fb741ab02d59cebb8c27cc4c51689e18fd1da63772c9b8dbca8eb822e91e0193ad7712ca515e62e9fe59f46cbbdfceb21a56b1c83dfce02754ee3f0e52439d91b78a87d98bdbdad155b0836b5c8e1e4f0ba6e4059f08d0976571ea218efec3ae79def32da63cff6b6f 47c65e78a61e274832bb583d75a476e5c4e132e101288b33c231fe993ab5975dd81dbffd6af1c2d8cf8eaadb0181c5934327971d0733db65edc2337ce669a1a6f14f76e95b2f3b916c9e0b66001f3eec2dad0fda9c52016eb28fd1f40c92f5c5a00160ea3b064fda5a8d43a4ccf0ef0438ed7f205ce1b668bc6dd0500597826ca3e5d12c1a3e66e1bf970b34b6ddf99216e54c10125f0216de1045a3682187186c250564fe8f94309ced0e2fbb37fa85e452eb28b43d21075eadada4c403da73d4489da14521f980 ffcbdf6e5273d2e7b27e74540b19a364d335992e9410869223f980703d8dc2c6cfddbbf1fff64aefad19e40ac0292eca979d6aa8ebd392709ad310e723959d171cc318d014e2c560d94ffa7d648f0b11f1166dcf7cec8938c952bdeba6b2011249266de9a18570e35576fec112b508ec7a3c785d71d3ad804e40456d55d21254872cf918a4cbfc4205943b2ede6d810dffe1f05e4e8ace1dafeb8de37737edbc042957c758f55d074df6b15696a0cf1a2763d9a61569a56b0162238973d52e773bc5682dd8aeba9b cee837f8ae3f89b87aa988e93221f3b5fa5098f1005f03a97bd2b87a9d18b3495aa5498cc6875e0f10edb5ddec79f8ff499ad75047f0c25cb8518f04d7478a7ee5d3e430cb60dbe4ecfcbdc64937d2744a3be654178540a9f83346510bf813d5fc1e24f52960facd504a134063ed84e40051ad0d469d61e58a9a3264a9f61cb6f240efa1e6863a3312346dea25718cc66d051be28f0721cc1be2ac83de331a18c97979afdfc77cde18c2f4cda6ee64f81533936a32973cdda83050607a845a94b72b92fe5b82c9fc dc9b13451893a8bdcbc4d0dd6b1f34ec37675b361409696c103c1773475cd49275be5269daf9040ed39b9a2a8b0397c28ecc115cd1c8de389c9c3025c8fbc85e5c38011b5ecd8731591e21722f71f9cd0f18506f2002bd50834e97eb64f26d64a926f1fb9f7d95898bd5194c7f3fdc9b46fa0ec0e3de3eea51af4e120dc9fd73c10914ec52d643d0d688f45a89203ac0339ba644cb4fb96c3e26c0588f1f7cb990f52ba1e0a4545336cc3393b550edaa6ce3eb0ea7b14376847a62c0bdd7c98085ea099bd3cc1557 e30b23316ef286e4640115411e1fd579434d97f4dd4d4cf1217bbea45b76b43d5091b8a99a7b678e5a5285bd4cabee2e06ffd0606f65473c6544f9d5604185f91d81001c15ad28b86d985dab055da14f34c4351d49eb023450653e0befed95f1afc92c3a4761c6f1e5e58b082126b16394b05f1ffe682c03438e77fbdab6c354bbfee11b8ec777252038c04ec965de992fd91be66884e93852a8ac3380fba3798f2fe350fb12a42b31af9a6e0b6458d492389ade1f897f033ae06636bf8512f06fcd04e5b7884e57
f64a5716975f89dbe6b56f14f199d735df34c7457b33179a3559a7c456a9021ed7573d9fb738a7501f5aae2afb34d376938d3c490f48955c151b49f3a1011fa33ef6075255a03a17ebdae6f55116fc2f1984dc9a3e41989edba23ee007e997f1730baa5a2b9a8b272657b8c7bd52da53bf667c601d8db961f15851b17d90a061b8d0f76526b3eab4d7b27fbf22d0dbc3a376f0dbf6abf76d7db2f795b9669e11ecb351ad0a83a9c257bbe0da11ec3e3ec0f707c11380e07e837807cd2d8835143d4d704b863ec906 0745d6e85022b5e0c10c24c567c1350af5da5ba9d02c2a9f4a90e7eb6b9eff2121c792abd9527d1b95a0ed88d02759a85c1cf7a879f9a0a928cbcc5e556443ae72fc5cc7ed5f3b992ef46ba01b60c849a16bb5db4129b1aaba8fc91b0b5e452022c072cc50d3ecb99d93ec659aa386b4f7376ba966a84def39c76e9eb559181fca19d4f5f383efc0e2e185c5da574183092c20cbe8b84141bd2ae5d99646f76f71e721b4b19e3f516f6b084b9b890e0d8f0773ac8822f0ecc420504d1f985248143ceda6dcb82008 8f606e60307cb59ca41cd69c87c8bd6669bcab90d33610872866ffa4a491dcbe67ae33aa098101fd6f5230b4f5a7fe418d253ee77dd67cb8042f3cd30e154fe716b96142e2ea63619a36f11f905ce367d237818e88af47e81836abddf43a310ad78604eda06fb764015722f542171f9b0ff5f574d8fb9473673a10d229b08eee8150ba8613e6904e157965e199f8bcf79ece0490cb3e29a4099ff23bba6e778b4a579961b7ae51693198e53949c2f480e44ce2eb2ac76c5867bc7142f8ddc15a66485072cf85888b cc85429a3f5335e7881c9f74865d64aeaee9287734e566a3c81e85294a030fbcba3965a280b5eda76ee38268691d2bf0659fabccc1c8a4f9e4b7b3f4d0f463be4bfcb9d54886a1bd793b758666c682b898cc20c1d0f877975bf3ed483f83865b293b20a7a16c30baa5f6699a1ac2f29f7d7faaf3f9dcb7f0fa44567e3ebfd8407230e554dd455cb958f3873c1060a2fcb0cd812be6eaf01cd543ee1b1c7187d32df35aaef09cccca00f1e02c029ca5c191d3a657363affbe94636fb38aa46f60e2d7c3ba2e6cabf7 0af25ed716170892edf9c48fb774ef470223654a391b70f958cfcf25be78339b171896cf17e91971079243b433186f1fc609d5d9103386e103f11bf221656a1c2a52f361768407a52d7ec179b392ca07e891c67c8534a419c5157776f3f51f11b1ae311295429f00cd07a549dff09c1fe57676e12e7a1c6b722df7e36fcfe23e0128445f6b4a7d8f408fefad1819a3e022ef6ab3f158c3963d8e3413a78fe49eac3bc316328b37de0dcff918cd4a1f0f93d24d1d1a99a8afdb47657c2fab051cc876c1a05544d244 04587af8e6e0af36ade7224a7ad26b9f82ca873de82d99f5613c8a13e6588ceb957352e7ba3f3de99f2d86a4b1e4b7629f8a00a72f81368abe33fcd7b66121aa1d42b48378e966cf596c43a1aef75ab6d8b48ce33f18a3575ca132d3ea98e142b8c0f217a053e4c4923f917d59e3e1d528ed527981d51581b9d3601497fcfa437acbb58c24b5ec5c2757ccf0251ab096cd937fba24969da048200c1983a7f279e2799880c5523126a79ac3e2c9caab0e887cab04f7fa0c12b73585bb4953760ea9b35a5998a659d6 bd168ef42cdb8d7ff30ab57955f733206cd4e7f5e01aa826431cad202d4048e3f1498aea9e74bf69212169704942b3f513e25968dcbf7c4d17a633cd56ee524b27bafd63caffab96bcd63dc19797a415ce72ec6115d5a05dc0057e445095b99cbc490ecfa50d2b8230c63b17dcf8036a6874788400155970cd90197d704389f1e8559b9de99d38a85a08c8085bb2ea3a40c4cc56ed3b8885bf06e10890bfd3655a59aa36a112f863e2975e62a659fbe95f2a6c08ad162526e6818a1d9898d3e2f9d15087ab347192 f99d19faf25caa7c89dc4eb900f47a5c63cdb27c35b635c4bd15d529397a15174641bd6a9f4b351632fc947cec191b5f4c362d7796ce69340cc04458ba142ded1af922e199068dd9124bdb144a46a5293583a248349572da9d447c172500f834152b3e972b45ef394519e9e42afafe5d6d094056d10b2ee0af7372ca77551f7c571be2d6e9571936c62c8bb6f3ad2e997eef66aad19a95ec46df1ac40e414198b9b30e824b50952165a88f6d58252c80928d055c86056e37adfa4e832aebdc527e3ea9533a0a4ecb
e765cee45708865e3df14d34d8ae094cadd11c6bef8092689dc127be05d63818da56fbcb44fcc5124c82d0655754317076da61b803b55a85ce750fe898be848ca221a19d494d88dd159cb2f13d4ea35bf0db73d3a6ee0ec6713451b28538abd1636fd331a3c71eeca8f8a782cb858b7aa8d1de67ca4241b9ea16d547290579cad20fc43da5cbb7e5b2be014bfc4586e85b096cdd5993b2cd93df0d77d2bd7269270bb9341754e16b473a22a7684f06e6053c8376726b0e7a3b841acffa64915836eadbc2adc40a4c d0acddbee6f750b77bd87434db31cb618c594b6e6d84ecb85684f21afe3796d5e968a2ac6e9a1ae0b4d3a05038367408f3fa33d98e0b7f760a9aef064aec6c2efe7308d08435d7c129f343e8068afc79fbcd65183633a6759fd227ff6613365971345356e7a54cc0e67e49621343cd9b61e9a17baad309884b3c752ca09b36a51624095fc19ea3233f21277de52684aac4382d5fabb8b581697fa1451b5c36ecdcd166a1030fa32a05180f605bf112cf91bb90c120b78bd8fc9483540cfd65d3331eac14cce8c0d2 2b73ba23da71068696cca049fd7f31a5a2f06922eb4f1b53848c1c9f8da82a86acdb922816f111e5320b76a993f04ffa5b95a80f71113dc1aa94588766377dba919ffea05a509c027fdcdccb6d06c1c14b39bccfec7c112340da54060cb71a960c48177bf4c0553c4108cf3ddefa2bab3abe146d7bf6a83b7bb63552764b5f84c1afaec73c0bce1892d4711b8d527776d0a17a2035f357996991375c6c5ac796aa190fe1a13e74bfd8626c90987766f28b2ee47b06216f2c8ca576e68906eeb12548ae922b5473d6 9ef87256677d8c85e9e35b6657e0e81589b64998bebd3a210a49da81a9c08265680b1bebbd3c42e0ce3b9b62f7d7f9d3f578ec857c13b3b4970eb082b9fec2306f4b79da9193eead9ff98beb138b5d965b3b8ee4d343143eff62a1d346dd61bd9451faf278208aa8254f8498edce1706ae2c68e059d9678923503ec358f3a30f3330b0d73b02587f341a4c76122ff05fcecd4580b395294d5974c8257ba9d12fee320c605d2873c8b405417371eab8f96bbaeab3960b9ec40a58d554629622c10151ec462b42850b e78867dbf5378269d9d367660d62a200d7f5e8c6020b4eef15d5fb1db1c816bd44b9b9977cb3aba9fbb943b5114188ad2cca09d6f455c1220a51c79e039435ab36d7c273160de54ebbdb37a80152d05788ec15d17f0cc3e0661c35b71328a791b0862fbdbf55a5b8e70fc347a51cecd24037dc0decdca634fa4d378b9a23f031114b3f59d5a924d99c137c5b16a478606f4f2f40a5c95f509e92f8059d500e580edbc7184607983a6c3ca5a5e5bec804639001469c0817aa8d44d50697517b918240192c71953652 f6ef2edb8eab0783f0b932d31431fc8053575769d620d9b6cbecd36f2e13952933af4a2bd6f842af1306d7033231c147829ef59f841d7624e3514909bd40d4e49194346bc4f3a8b0217036557fccef648a24ef33c8cf86996e16d94d0913ff3dea8f474e9baa52a60157a16a3c00d860b10e4dbdcdc4bfebd0fc6cdb716257fbb6d89e388b8c1b8635667fd9a1cb452450dabb61fa69cb580f9f9438282082cb677f3f1203ed5e8d664bc9ea2c1f97c1c039db8c61abf0487a9489476db364d6de12a7666fe4de8d 6ba41d7fea8dc44c4bb1ce9d76ed390461048ca54019abd57d7f2f49778fcb5b68620ea6dcd7d2cfac12dd4fd2c20c2a87de030a84b47701f8d8328df1703199e5c07aaf32ae5a44cc006ab8edbdc9e38dfe13bd34cf237c581793c598167f37640de44d96d4d5c139a27a47a3710962ce9011796881aeabf32dbd74370a224365cdfc4c6ca57c31578c08a9d98e7b2abf90531f74f4a26aeaba6f018c03792fb9ed90514be20624bf113f33a78c1aa09abf0e9cb9844dc5d16095f8fcf8c921ff122760487a28cb 534cb82b4e994f123c6116cb95c0797679365f7846108947bfdd3156da425669e5c82e1c0584a4edfd3221c4ca35ee1835ce5ef05c7fbb6bbba2dce209c922fd5135d8daba663652134fed02c37d5babd9158bc796e4c1b734c612e1f5529c44bcdde4d868dec51c1f7551ce27cbf5cadce038c96572855073ef6748a9b9519964608114c88d1bbeb158d824164decfec81791a7b563446177d3bac01b310cbd2069d85c94c744ee2001449c5760f4f8abdfa157e7985534047a4d2b32bbb3ea3a3c913b89dc96a0
49c7c9703acb2654f6f7a2cedc511e682ec8fe2428f5eafd07e908df493a217fac3ca84eef94e5b42a9228fe95e9b29144efeee206bcea050ef6e5103adbf72b8170b5f322dd3ade8359a93a7e36805e24907e0c4e65888f5f8fdd0a0656c48627f7f5ad94e3c300a3c92f35020fc8d14d3ffa789e2bb2b4bf5f59bc27cab352b8f58bda69b78f4c1da375d117d1b5e721d93d52b355fa92af1f690539412842895a976202194c5ad5a0c890793c63dd8921b63e7a80c611cc8f993482ed3031261a914548f8f6dc 686951fa9b5f82a0574f2e426a0f99129007dda9325d7a6687c5b5b802c022e3399e468f13957f5d3e01f1e0b7fb2b8a6001f6022ad3d4e3c912421094c0378c2394040cd488a681a72f5090e893a103f34af2479ffa26ce0a2aa6518fa8a7c1c9347cd031089b376fb2173664e1b905abad8f49e67fe50fdb46ffb24aad485f40a862f6217a4dc488ff3574087230e5cc4c419acd7666697de1a4d89b2f03ee334ba2c8d436a62252ea2ea60aa3b140ed5219307fe47122bce0a0123d6ef8528ae204ce468da518 16c2908caa63adb29f936d92eb86f75cc59cab80a8944f423693e6dd8e9d26cf137f2db6f45a614d8620a0bc76b4ad96d87d4d2021f99232e8a5e23b0931b69f68ceaac5676a986f91ef95f988e0a3699630af082e0b94016875ce81325d0b96b426a2ae00434f08adf126a798220e14396e40d43f4e05df8c1f3e75a2aeb5b4738d2e783e9d03327addbef73e7bb0936218c5452e435caadd4b477f2a87100a22f2dfccd8e39938675280c8e8c516148b9ff01e0b717ea98551b8d98c9f73ce1ffa3d2f629795a5 a4bae98c7ba8685a29479907428a2cc37c205db6fd6e81c09f7d1f9d146649938769dabdbbdd845b34ee55734b0eea4fdc49ee0ca55bab592407536c785a2e452e41ffecef26dcfcd8e298b11cb022f940ae69eb2e316bae307a32df52fd5308564e898d6610614a27178ffcfac0bcf3920530cc00e11c0b929417acac56c24f4c8a92cb99aa6643318062bfa81c2b55ff9f8d23290682113e3b7e9bcff958a0600acc83d03d3346b4b4b9d02a456fd9b21517eca6a112fcf42b2d01528b8ca503cc1f1fd2b84669 09f544276a2c6d01b9d188a96bff5bdb324aa32e85cf125e515be55f28aa76debbab32e59353c42d0dce20c253a22b0063fe7b666e7ff906b31414ac02109ae610aad03e8f74dbcca4a750ff832cacd92f4adefba7610c8159b3abcce279117db747e7b04b300fff39cbacf620d471fc85ec969ef981f3c4b436fd7737f82d1603a91a32f0fab8df05a870c5c07d45138bbe06eb4e2a57711cab04d6123d05da153bb256163731381e0b3c03937b84f3ff1e78f1cfc2b087033e44b28741f0c0b04c8e3cefbbf024 c6dfbefde09bce1152c078aa880d520300dab4714782b0365e980b309e0b858908c16ebc5b98efc14502487cf66eb2cc2f6579d1932bd7c87ecc2c7625e3217a905e06ca4a6373834986aa1ba26302d99688bda3d4990585acd17407b5c67454a6c444a311cd4b5eeb09a721b159ddcae91e6b02c300ab6956cfd0a9ff5f3c792f2f7567c0aff4391f009e9ad9609e35bc65443d8002e7df377869b1f0817e582b6788c8b80c32d1321109d78abee15ab3509577c2edafb5c2fcd5bec6fd7e436a39efbdd6e1a5a5 c1de8f0d8940a36039cb6c4d96353b7b01f14e84c06d0b344ebce09e5e0d89b013fbec25397ed2d364f7860c5dfba9890a3f8c3c785382c3dce709c1a3a38f9af87191f1d025d45d24e81e2320825acfa337fedfcb361efede6be3122004911400904692200775f655f245491eaa6d63875a6bfaa08b23feb6a47a33e22aa33cc76318792d7e286f487491e82242208c9433df5359ab7ebdf390b426cd179b0e4dec9662d50a5d25b035bef90b9fa594ed9bbc060eb983b0d1f345f09a8c2ead9ea9ac9983f4936c 48dbe742418f455e3044a415c919a21edcc0012ef39f9b3a508f24c1af4742a4931376419ae6dc7a3b482a89b048d8356e4310950795539b50a3b945c96ca09cdf5e68f0aca1032b707f79a9532d107e08a828c4948cc7c37a9f8a055fa17615f81c1f4c03bda627bf51b459029e6eed80e16770ecd3ba995d4ab21b43b6367ed7681964d9fbaa3db1a32a957200d61f041721a5b95e41b1d1d20a6bb08f3c46223a8832f1645294f0608006ce0881b3fdcc07b5540bd3c5b495399d764dc16f9a686100f3994eb4
39468b973078ce31b9c137e4f8bd91926636f95207b4a842757de5f1ab1ec64e5c63e5bf3a77f3e91f7ff9a9965c7e55d21cab3b86484d0f328e32a8bba0f5e4d4ee15f13f62aef9357206bceada3888bb87605a490130a99ef229d44358ad33586f84f3e55279c0b1edd9cec4dbcb97d31cf10fa9150798aef031b004bf6a4c63c77e9620ef3a38b643da70b2043797b67e04cd5dbba61bad5aabc646b3baeeb84c7a55d66ea83ed97c6bc8ba09798da29c434a841af5e6c1e2dc24631c1856181178a8585a6e0a 262229b0753cb21f6412a9c7b6658b49eb4af31a4222f767aa78ae530870f58ce88498772069b97e8ef8ef1732cfee22e900117bed1589303b986ea8de96afaf524d933543d2e12db5c6393b5dd6fad8291a7fe6dac8680854c5445d9f27387819cbd174012a633e02452b88e1fa4fe1bff898a4ba185a15ed7ad363d787ff2b54adcc6869562ef63ee9020fb7d346bb096ec5719ecfa5f06985f8dd5aa4e030d2390782c34c78816d5bcbb796dbea153ce667a8796988450282b0993ec6a78ae36236983e3793ed 0470762bab1fef7514115cf6f1987c8cbbe1a809273780cdded57b9e9ce5f06d5b0c1d569958f34bdd42173df52dd3ec690e84986aed9d567da2e6c1bbccde6ac81b281f8ae847a5e4635e88cae330c45c1d49494eb6d7ab6fd932343eb8c8bacddbc193fa1fae66eac9f69a7ee2a320509da11ad98dbf9f4dce25d10d22084ffc346244291fd83fa51fc4fca6db80beca2bc9abfbaf01fd21f4c5724b5c04f40f9d78e1d3f57dcf7de9152533a5c6c2325ce123cbaecd58550f002abcdc7d227d61962a95cfacbb 6ca9e7fb020f7bb553f92efb7a4f5055e5ac07e1e5358bc2611a0f91ebb6bbf50cc81cec07e5d619cc6ab898055e48880f8711ff81c4ddf328af6eb7c106a8636386811c31268931a6ca5de3b108b8014e0ab8fa6724debc9afe66f941393d4619c50b6243ba91644de631d205bd7cdd10de79f381e7192f784aae65e608e22b25a4483f2de04fb482f7ef9647b9be89baf8670e74e353ae1e292221c32cc12c4280ec3a1d6b96009ab62a9b77f46b56082212bc8c8bb134449e9b250147a270d83de5f79d8aadeb 68d8e6391d79cde703e2a904251d61dea68479a6d4eaafd3384e5dc71b0959c855d699d1e18927553fc1cff6e742e1cf3b847bb4d6d4d5e8cf415ca8a88affadfac0c76dbbcaf6fb7b85ca68fabdd0ffb0593fa27dccb4b12c31847688adaa8bc1fa05531de0050256bee993cdf0ca301f9efb9177db7f88c2b6c06ac120983479e4ccef9bb6c9880f68048cc5a45d1fc0ebe2e997e584121590ded8ed9266cc4261d22655a563c59049c13404e0013c0c87565cba37ccb1034467b355c933ef13008bece6fa9e33 616243fefdbfd96133ae38069f9422cc31fe3e642286d9172aa4befbd4ae0083ada5bbc3170a5596d5bf105712645e2214faeed8f25820ad9640ab1743e1986d4204fb59b0091372267131bafefdd4e680672e97435dc1582548671973610b3718493359bb2a84c4910473674f2a2f920727fd73806284d71d6b7c549f24c0aafbfc362b53a12576bcd2324afbea4fd58d3e978a1dae6efc5f088d253f28dcac41c22212562ec135f6b9346f45e7a2eb399cb9d622a4d42191f4fb9c23d57f7697126775b2819870 ced2f318f95e9772a6cf05c7a179dc2b682f1ef3281ef54f9f3644a7efddb93dd48066e7df2dc732ec37654b777fcda61c7a72ddbd2da2b07afa25fa752a8a091990769d6a6bb990444fcb53fe93089a88a5b0b3537722f02937c944958f349bcd32276e780651ba5a4dbf3bfa08c0ceae0c70c7540491af0d3aa3de87ab3caeaa4c6d764b4b5210eaec89d7472f19e5547e9196cfd0b4fee47126c11578419e54461fb4a80a578b24ea017ecad3d9fc08e21372fbc04c35f4966d03f613921a8ecbfd77c5ebf211 74d9d00f896f2291dfa9d091b761257caedccc5bddb76fed09c48be9089587da7782bb895d481cd070a396d6a4f61a9fc06552ed090371c570e40bdea109c4d2f1bfc1116c8fa0573337904eb8f9481f5eca82589b869cc4c7de9b8022259c67977e58d375a150fa49902f7eb35f3117ebc19451f4782fce1d04d30f5ed26cd0f0e32dc89e95c82a6192ebd40b38d038ab20764c5a191d6bb786a01295a5dfb8e124aee1a19c52f399ec1298c21cdf638def943240058ed460ef316c1f6f9ee0e113705d6a4083b7
01d3bf588ceeaeec8bd580d0170d2af976cfb23d39cb9d03babd382fe00dfbf4046c818969a024fd0e6c4ba5dbca15170302e84abacb641f77937f0cbbe1419ca3f64e69b138a5566c5de45f89ad333034e97844038c3a4429618904eb02abd3a52b6a0a707e3da837d357728941b8995919088df3afde652292bf6ebfcef34303f9d73f351aa48a40d8eefe7cf60c12ba45a1ab3be78518cd179931c3bbf8a9e026a4e16885ce75afe6ba65135fd71bae6c05d34de9621fefeb63daae5826d2059d1bf3c8a72802 cf5767abd9641ba8d33b54c547f6f7876d8dab734e142bd0b6af5d7632db8f4eaf20982eba4ace529184aa5f09d7271c9e4a2bd376c13c643fae7c30d9fe4eb9be8356a879985f865f12b41a63522c5ebb83157c7c7d015c7f38ac118ee35f628a5360c9c139662e739869821eade4667c842371909406ab5d0887e3b7a0283bc4284138bed4ea2f7c248c6a5e4384a6b71c7d190eae01e5a36ed9011922f649547c92ff33b6ae554e44116464cf87dae1910b905000df64df7493e2a3628260c9e5789a42e348b1 65f2ef6cdc3e2eaebf900262bb01fb587a07b461d3e525d35f29603dcb47cb053e86a9a0b3caead0fcd04ab908d957bf7db45b37dc08b1dca5bc867a2d5986915083c3a75bde14b8ed3783c1d24d813a1c3db9cc914c5a0eb9a2158e0a5d228b81e97933600a58ba89ddfe38815bbe46408e1bdfaca63d3c1121e983e655101c0766ea06186e4d06769d6e41505a30a76fb009110942568a4b7d336280ce91e9ac6067582625e069581d071a880acafcdb1fd5fd4fd2e03cda24a7be5e71882c9299f1f4279b399f 182f88261ea1a7cf07b25dbbed1477617b0e4fbf37d5f890f4e855990925a55a13921565d402e4125cf8ad410b8bbaa766e4d38d4d9a7ad2fe7ef9de83e3f130d242c4da6884e77e7cedfbfab45f8574eab4dc809c59adefc26c7aea58323c576196a9be84f7255df6efe93a6ab3e69091515795b25d4fcf235d59d4d206be73b54cf365bfc94033c5534988091313554b851787543bdee8eeb160873ecb5c50f8d6754721a208409eca4da53b9d3c388c7c32e5cc62e57281139ad9a36679c1ac6ad5b2bd3e3973 370196da8cf7f48699788fd86fe5396e874d13741c44cc9f89d486bb578a98d9256f03267e7c55c044adcd59047357839792a5acc9df28365d52cee9cfdbb77358786fbc3de175037afbd3bd929b8ef2827cd5c023e898fc60ea2e3425f13df0723ee92e06e7f6639fd230aa50a79f2c2049f6bab801c696b5f83b5f3f2f9a1b7a8b0ddae1c9c81040036ffd2df2b58587a8294645613192a42dbee524724dcd3d1102da4b23609c4f7eeca7cf57f5ff4de411190233309a88b88c5af188055be23abeebb176b038 44d7db28e97c5594258a0bf553d137abc807e0825f9e19ed61fd302ac5955c592c90717b424441ca2b64f7d66bd12d2039f403ee9b18ce1bb6787bfc70ec8de93ed49dcbeab6aa8b2b5d2971eff58f9626e46530033ba609cf509f0a886babcd5305fb594486f79b78054ed3f748232155db9c206c0ec526514362ca3fdbdf3855bb445f334c1dce595a3e5047ac3aa038e27aa192570fb9f1fdd791404a154013536cd1752c2bd0e3c12a4b222e45d0b7ed88f861f99ee2f7b00f8aa670f4e4f9bd4464a7044d25 d671217039e4e101dea75c475dc68ab0d32dc60311b0fad3a7fd3982902d434ca718ee5321194b01cc933efdf61ec3035ed680c517cee5c44be90498f2a6345a14411c3ab0052c8d91f26bb36a371384165615e337d1e7305ecbd886ad6a4f7872e40f18579ef8246d9a3fd6eea58a0ee4d6a34693883f40919a4890c9446f21ab4ec93870e202d0fa1e8ad26c5781c0042243917586381ba124db72460f1877bfaa8127368a85aa52f85d4a8f8a5004ca0df5e93eefe760ae664002b1ef6b5d8738237c29ce736d 25a8adbca67d13734335a46b858386e32d4b980069aaeeb39c0947e572eaa235b533bce2c7913d01df5b921b3da057c120cdb27560f5690944c9b1fe7582e0a43d2bbb0007c9167b9d08b80bdd7a6e4d79a5b6e0e06cd0f54a7fb8601ce53c246c3115a998c6af235cbf0883b07ce56521740d704e3682dd897e54f49fdaca1ef3a48a80d26ce4aed61ba3ac2f143a9999c8160fdb9f6c5b54739787f42e8297f9e80dbc6c47d297e153d5daccb54d1807f02411281ed9e948f58ae5de9e4b88991b75fcfb51be19
38d0bd6c6629bc4a06f1f3f366d157a5a6f300247ff0148cba4a3542e327cfd37782a87bfcaaeb45ed231e41a17ab5aeadbaab8dbdc8f544340c971a6d1a40859571f2f71f7e16a8bcc82ce881d0b6858b76ed45245aa303855ae335935a65c8b9eccda176370e95c45a5cfe6223e805a130aaca0d8a49576b57138645959ae274b7c591ea299e5e1c95c0f5f59d7de554df8db41f9cf649d96adf1d3233bdb28b764fe8a767359973c2b3d0aef3f829db9dad2e9a08dd53fdd7f55718443eaed232817c208cf740 49636d6de75bd202e4b3da5e0ddc2c9b3851df8f6317671556f32970b7d07cec8455c0f71e88e424d1dc7ec0dbebb3837be52d942ef82207641f70f45bd97e3bb74561cd3f5ea929ef3172f0bf7776c4eead781f902fb0e5539c594d4bce98d48ddc2a8ce30a1176d6b842c15a95e5fdfd175dfb6c280ce48530ab8cfef965ef03102d4cff5c2467c3b22bf78144462b8a995e7e14a6602b2ad27de2b15fb919aed39e429710abce52961e8467dac95c0ff5a4b4b48854b5bd846798b05c5e49b8b7cdcd7867bdb2 82c7014b7643bf9657af984e3b2337b9edeedfaeca7ae82901e1dc2ffcbcb20d47e4eba92ab266c0ddde8dcb3e975060fd1a1b9bc1c8d1422f234595db5239304602361d16287942308c4bb2070a29102a66c61b6542b0708631bc40131291937ea205ef300eef0d2f571f0d5d17630beddc837e6776e81b14a11773235538ea47f9bada6a2023ed486e6616f24314c44f652efc51a8c78b998f89c3add40998b10e03a01d5da756d84101caa9017fe97b97d06a49a515035da8466cd7ccf7ecbccc6c66da6da526 889aed84f691b257745b7800382d09053250f67730ce3835746d4fc09226d0949125b5ed601c7678b02bc7a6adb81058ea970e3b9bbc74f17dda11e1b95af65dedff23b4563735b674395be44a19cd2ce92356927e382464e3e3e8c93136c0a54ce5f41d852236c8878c0cb0ef5d8a9dee5cce007fe3ec058ee3160682ccd8b4d80da54ce38d55df27cca79f61129a2bc467cfe7a43982aefcc11a04a1a30a3af2b768e27838388b8c0c5e4568ee85803ab427a1f0562e9d5634bf825896a7130493bc383d601d69 1127a1334fc0e9d24da8d96142a2a7f6ecb7faf54127b9e9d6fe1bb415e49f76b5652490f9accc55a9bd88b0af3841ec394d8e0084e8fd3182a95b322f8f76f0b2696367eb085966946ab71dd1e456d68fe2f3c9144ce17abf6faf13855ce4a0918bde317d60fd2c2d05fbfee929c62ea6459563fafd1f8014d8b49818e97742f088f2f379695f9d2591eb55cae01eb39393df46a94b27b45822f8ab073ecea0bca89ef5a892e87c971afd94d6021f134946c828b4aa39ae18d4a8e4ca91d32a8215677e239beb23 86c6cb08a734aad5753c8aa14c44c775b257336b4ebfeaed0af8c6826f59dcef8189952d8d17b9422cc8cc8a9434062da57180117b6c2d57142caff6a5a20cded49fa0fe2c3bb250f290138a7f775ca429155a442ecc652e069c4c1c1fc5adc4992f8461a7a1c7ed14a9d4435cc0f9e4d383f8f92b3da52d10a44dffa069032d55b86edfd5df4404d2fcbcb378e8661f83f3192e6161c0e04b4658c3ec0a84e06f06a8c4d0c12f23dfbf293f6439547f06dec980c0271486ec5de3ec49283daa2243414e4310f303 ded4419c37e01db216eb74a64333f8a0658cabea2923bab817884b4bf4f65c8720308d5c00514da029c7f35a96ac16aec4400f0edf970a96efd51f42a7f9aed743a86fc0bc4ba0f29de26a7c92ed1f7597b828b1e90ad88e944dbe88d632db5bc7f7f123c92f11eb0e10896cd7c56d5bc2829ccf787b29b2cdcaf3b8de35685a608c9bdab096ea7f0bfe71c658e5d062f230fa577dcd7260d318c4b436132fab8670bc0e3aea5e829446f3fbe9c971182b0b2c0428260eaa45ded944717249d0521afa35848f33bd 657c6186e00c0a4e9d28e57ee83d893424b66c6c1f52123d8f3f6c79b8cb9dc03a210c9d1e32c0c00a2dacede220ed41d3ad5531a9a5ce6b576401a890108db31496a2b14f419e3aaca7e7610a1051f01389cab11873024119d613ea6a94e973177064b3a98efc6c70b9ffbbbb9ad88ddcb887dfce499a312d374e0f4a2e203923254f28bd684734a1665e4db43bd468ab521f8550c2bb1c9f5d6559754587628e0d2e551bb20ad2f3e69b40d3a8100046197cbedef3eb3627837c9c594d0895d458b6b0d2fb04d3
39bd43fd4d6e2b320e96eaf076897981d178edd447c4dfbe3bb692b27d6dd2db22a2ff2a9bbfcd0137176507b382ef1fa35741502d3d7c272d82ca8c3d058b7181d4b7f3f90bbf8e8133b588594ce683492f9a9ffa4e13a41e10b04507bdfe58a1b9919e1b28b1fbf31c910c58d87551ed67addf05eb9be64889b1986b8c534013c063b9359f6912ef1d2eb8b03155f9f3f9790e8b026a6dbebe063997733a59371055178f2c471757267901152ae5dc74c550b982e4b2f9174af1a49fa6c1fa9be0fd05a4bce4f3 f6f0a22f05bb0ef647acafd4894346bb3749fc46cd99139c18bbe986b7e54bcbf52dfe1c5cbb5521c870d9333d0762e49b101858364779d77a5e390aa2d63fa8a5b6d8c03bcca8b9b1787658e99aa2fca4f24b52af92115e64d3118c2d576fc1390da442dcdce44972729407e04750e8f91d2c204a1e6420e5ca65e5079d44e97be36781c22e236f2e444147b2414c37abf57c5ca4a0ffc86792c3174bf61eb5c707e5e5ebdd0ea8af6bc1eb22fdea7cd849684e27bd15975acb013d4829a2134fe93db4ded07be4 841a4501a0d14685dc5b22f9a31dd7aa433f571ea393b38db09a7218f664d1aecf0e7a31964991cd4f4d15afafcdb16fd61c370a1340d20bcaf57b6890ee681bb3fc663f5fe4c5903130efc5866a1922e2cee58ce73c2ebf06f63d58b035b3d8e5d63e1c39ed6a0cbe34829d49e73a7889b633da8d6afec50e311f53dc084a11cb5eda0b5366a215a8ec5696f8bf6ec8678fbe98d8dfddb3c6ba9e4804f6569e7a213ccc034f0a0a2db39ed2f958ee56d7428c564f305272be1ef30abde9c9a1b34a81475e7b056b 6f736561090baaae4f84d60c0b64b04e5fe8987ab0d8c389554f20dbfc534582c3b05c2fc8860e1ed3bfd7544582c80ecbaf04a8668a0adbc5a65dacc7b0080bd3779a8138d6c5802d782021283eb0a1496809805aed43a6e2c67395470b960ac87b05c1316408db9b3ed87ff2b40413f419a084fd0a67dca80eb9499de227127fd75bd8ec8d6e4e4d5a2b4bb058095cd17a00ad8a2fc15e7c84786bdf366c06013c852e0dc1356c2df5deee2e20eaf9372245fab4bca96b0e395875f4beb482c6d07bda7581e548 7d27720de281f231b5b7b699d56390aa6453c6f61c530601e99d61c9fea6c9885841d0fa68057f57f80324148ce1ca088cd6e428266b5696d49e2c605c4f45069b2494da66217e29926f2c2b62359d32a64a0616f87ddd42c83d5796a214dbf06bb0ef1a67ef8465e442adec2c29933f5134577f1efb8adf008d0fb4917027751f21c2e2203d86c9808873ed0f7784df20b651f2d67ba25797579f842cd3aaae110bc82c8a429f436b2f93ddd842278adadb9ecc10afaa205962c8e97e16142fbcc3db4494052701 8cc0bbf4af8fa323a7016f286fa00a2bba0a402c842bcb9f992ce1263dd98f7399d6d2f0fbe235a48722268b838791ba5e1faa07b9f76f072ef2610a0b10293aaabb979d0de9db39ccd0bc1d0fd848d67931956a72c63a8024023f51f313fca453e92eb2abe8ee8070486919400535184f7b5af8fbeb43b6f4608261d4e95c2e4dbb916cd128a07a97d88388b2ad209973875ec628c8439b98f57cfc907bb1676d512a2f9d116337fd3fd2f07838b0d7bca855afb5ab8d20415b5991540618ba5f398384f96ea91b e498a90337ca3b232faaacd8319bd4e0c9b5169ce503aad0202f6777aadc68261187460f41f377cf7eb5f8e37b1bf1bcad5d52431a7f87949f92fb87c505696824bc4e42db94a56f178b048acf98f7c7fa815d558df14c1bdde298ef1eddd8f22f94c986b81bdd42ad2403318f880f724f6bebd3a2557a1232c7b4ac645c327f69bf4ea9f20ebfc81b281b1d728ceaa68746861ba92d73f5426504bce80f43cf01486f50a151a8bebb0e1d9cb1629b4dc9cbbdef537853876f34dc1ce3a5e7fed92e72b939d38d43 44b0b82aa850e424f6af5f3917a11911458f5efb9f2a4d3451daac19030f4669d2310e8e706d93c34401b97208afcf0708cdec0a00c21f0027cb62dd11489bcb19ed291dec9c68a561e8869057cbfedb9c43d07e94c0dc3a637b6497806ac928327ef05c2b5fbf86c32880ff1fc49eeaf871a64b822a0ea6175816b8327b8629ed7b84a0fc4e2b532dc978504894befda8bc54267389d400bd72be7bf2fb99762cae72f030610c2ff998985afe8edb587a8bdede48bed2ac6cf7c2f883d3a2d9d0ec8a6f47f08708
0a27b0d0c8d1142f7f8cbf30ddb99741082625e243f44ad4da36048602ab90b58c5e86de7a43acecab7d27760a9b1e9149ab9546defeda655ef4a4a9341042e0564c384baec9d1833a015e3795d411a09bbe39c8256ac8305c7b003545cf4ce94ebb143ead934029627590b0c0edbe1573be16b17fe2cb43b3524f47f2e971a0cb9d01919f036a7470ecb194dc3d88642cf8655f51f2f8d548a17a5c52977dae751b70caeadb002ed34f6d00b191f04ea89f2be9072265c5622d72c946248917f64903855050d67b 2431a597abd8866dd4c931c1c2033249d3aff7d9148103ce0c63e75939d76b187b2034bb14046695f6d406bc3ac15e69ca01412009d5d503726da7753f9c889226bd0eb1176c07ddfe2d30d30b6b7baadf3d84a0f9d183ed570bc82d629314c46acc01247109848dcd8a229b08fbc04df68af70894d9df330e45ea3a681980b278603acb84f23052dcfa0b7685360f4ca3c031262739f5264205bdabbf9600e7bde3e29206683184ea583631125c10e523935b076bb5dc1d865ae2619ed1d0bc58f72d99c40e5dc7 c6d8afcebfa50acfeedef8a4be16c7010c7e9037c352428491bd2578ec527a7019650c8f8b42e2f5ef26ac5320ef9f0b303fee142b16c04bd6e4a3a9cc41208a9ef1dac990ddced7f9ff3b7ed49812331862a005f5d3d19086a4282b3abca8818c17a77551cd1cb8fb94dae1e908033eee88e75926bea17cbca067064c79d6912a5ee388ce6d2f0f7726d7f523e50486caf5cbd2b67d35ad19f1837663a5d99e8e669d39e1f1f6b3dd8ad676d3c61b8457dda22c6ccf18f5f35ca41009e06679bc38928b7a210c21 ea83f60e932425c795ff880181586749afe8a2578b2515e20493640500c4d893253171abf3a7e2d6e867b09236150985ccb68d9be6aaf629cc318d4133ea0fb6f90ceb7fc8b1be4afe500645a0ada5002d2bafbe23badf3e257101b8cddab94c57246cdb6f257f32aed32683725b98c35fc595e633ca776d324990097596fe903c80630907524bc7b2c852d1a5667b71f04d4c2159b1267d3f90164e1a99ac6552324221e1a44937f79777e835ff4c6faac83a8928e57643fd79958dbc337fbca713ef484cf5131a 1456aa621ba5a4d075771dbdcf2091a4c6eaf1e05317135ac32070ef4b4d6a2e4abe542c4142326b802d8ef142e1a5915003c170feec1c8ece072b4d8a39c825e379df6f4085e4de4758125c694cd9b6249afdfaa8e66377e1ec36685a919a73a7b2eaef4c6036bf9c25dd92967973af0565203fc2e6e30f92d7dad4062fb964f8ccd1a1f149b25d1a58b95fea2cdf0c41655574c3fdfdc318a91305a5c5f6aeb3dc7ecdc79adf8214acf8b90aa0094e135aad0e0526af6b21785f6145ccc85e8cb2ec28e2c570b5 b86a365c12115733ae044f073860d369a26ae482fd6703f3f8a332309696824a6ef43aec8e3aa08f61744184d1445bf53dc0d639bfa367fa50c7b53716e06efee9007272e5a0c57999113157a833bcc85f524e9dc3f5f87fa202e68c3ae416c2ff7ff99a6e5c5fb966b89ca06f43887b1d70ce96d1ba47263ba69861d767b4cb91ee6b4448206e8be0682c3715741d4a364da756ce7e7b11af4be4d27a280975d244ee799f4ce1f4b8b1331440aa528cbf7729f5d344391c0041cd578369cabd2456456977eb00b3 019620a6ac5f2c86d7e00c2932e8cf761dd017a1e6d77dea609970380b609ec54f7835e8fd44815264a1401546c0b74569e72fa943bea0962970062f09b84e190eea20da8fb972c0cdb51aa4e98577efe7db641ffbe3588705043ffe59e76c267a333d766c078c33a0fb378e49e36c83cffe244c87a3f7816e565ae1c1d9d81af3f8caa8e3f55acbc01d15ecc71c7f1694402280fbfcab1b3b4b30c7e8b399ab482e8e31af37df0f87c8e5bc848f2cf8cdf4ced962dcea9fc960858dcd6fcbda44ed45cd1a183156 9417842770e47c985c85dc899c1f3e834881ec8b12e65e7641fc474e88e071dc68fb612ffa4238cea7d8cd6b55cf71aca625a2e8346ff6fc334e89d2a57b84a3d3552627972f44dcfe9c4897578e799d5f0255dfef7738cc87fba0e2cfa81dc38179dc842550327f9171f3bbedcdb647d4dd9ce6bc653e170f9588d00ea99a987190a57b63bf4120ef32f25ede4fab921d981cc19935db7a6c03134e2a7f8b0ff5745ddaec3d105824cc5eedcec3a6a14bc9ba0b7ddedf79d0d27fb8a893dfd3106fa066e2f7425a
6ab9be2f5cff3404a183298cd9452a50db50febe14072010a0eeb592d5e6ee8d951be784a855e405f851144c12dae0c4da1a350f8364b0e50231c7dd1a3679961081c985f410963a33d6804a345b745254c8a7bf042d6c0a8ad70a98ebd79ef7f0d9b2a079847292a44214b9a8d39e2e516c7ef13f2c16c39103b751ff2c2b9485aed5017d6c645ca342d26b9c0fe8cd457ba6d56c1c6249a2584f3e3f313c7140631a6c3e79fd4b6df051daa310b4a216cf80af89fb13c52fe40776754338b4d52f27453b2bfc4c 84d09c8d3c1120403233e91d61c2b9f3a55064c1c970267facb6b54f2182d7d0ec009aec4e04cc4834a5b15cd67128184b3025bcb83a4cc1f723842565c3f265b04a578d32c0ccfc644eb4c0c3291e81e3d0bad737cca50b7dd0e038743bbf3519e46148787fe927e2fc8d489af8fe1b061b2c527219b2fefdc7e76592b71d859a30770b09c63f3b4d0f35f67351e3fc64fc8a9c41e5a5364b50a0642d057c4ec80caa597038cb99905c86465498c8490dcc016675514f17037d063d2703b6fa07f11b0d4dd34b6c 504ee34f5179137bcd142b46f7e7a37d1b3a235e4fb57b4b87c9fd92de3679b8a05341b163a62d629a32e82daf1859910cd1b1245848f7fea3889500d29e184ed0668f26d44b499db0db148c030cfa2949506b078003c5632d3cc0f7d0714a378961a5a2356b7e0bb77a8b342393332d1d4550ef0956381d136257d6263bef03b087603e36f075e8741b834dea7997465719b464a41d77e9c1168ed1a2f7bc906faee906619699220b0fc00c905e69b14d9e5ba647a50aa41305181f5c21c024e49db52b22291200 7321091311339d3637e7d02a559a67b95dd501e1b3a0115b2681e7d98dc6f3bc028a0e2d1e94580cd17ba68d0db6a4441724f5664f78c74a90635e7b84cc0958f10c241a420b11bb666ad6fad80a72de6a02b9f36e697aeb6368a4f635f9e2ae9c4bac5b4376c72074542c8c8e06dcd9d16118dd72aaaa8c6930bee182277a783447d3af24708674d72731f4004e9b8308bb0c2168308c5beba9c76504359ee6669728accac8c4af7c022f22632d791d3fe2c9a34f7a33faa4d552a649738c6203da20920cca5f9d 0975629d9eb09af5a5f761795933de90a93b4fc8dc4c4c30940c611f07800382fe3bddac6b466657a2a594acb03a35272a5884c26bf52d570fb9b02d9057ef87e067c1efbcbb251ec1a242256aa710bd207216dcd34012777e01dbd88c16146f4f80292e29c39a12184f000f5ce21fe9cc93355773bcc01e17c2fa24d919bccc889f3c0d2f8a48710bda158dde1c86b83bd38b44e6499f8d24fb8cf57fe173c8384587701e548b1d385f706f19f1f50e2a0026d251cae9b46ef82324b20ecdd2a9ae95711ec5b1e7 fa43ab293a7b322c950d7030836976c54aba6e1d41d80eba4a5ec13e114cb54e3df18accda1ef98a722ae759221da7eca31461b00c0ea00b05634a193faff8dd2bf24fcf287ea2ea8e8826ccb77ac4d38f6d76504d0e88d05861c0aa728ed1bb137e96b8b8bc936870dc38ea74e3c1e86b88fc95dd90952998a73fe0b75a46fc703e6124f14e91c2ad29e0694fc73f7c1acfc7f70324b551cf3e2f2cb24e6b21132727b60d41cbaa5ff6ce8e6dcea088a0f6b8cb4d41026f695f0198074a88b54948a94a80cb9ad8 2423a12e50eb08aa70fbf23666c4ce1852bbb13714618627732ac22d998c1e0402753851e7055556520c35d33a6229f310e8e3ee6abdb37a0d7c0ec456556ece7adf5b6da4679f5eb40a45a9e28bfc287f0bfe45133249aee948e41027892f620e70fd54c106447aede6d68da1999658cfe140ca2b168176630e34bb2b9a8284a9bd98dceb7c6e13c67a60fb33ffd5c27421ec9cef9295f71ec73091493e21bfb647cd55956d098d44b2e9f1f6f3420fffaf68c275b1e9961baa172e241caf19953a491c48a26975 4a884bf68bd01b69e81ee302844961f145baa7e4ec39847ab34ac11158220b3e105027e04d43b89b69ef9a021dfbbd92d6ea12958c8ae1ab6ce9b714c8dba6cc97e550006c5d66f801e0e6b8acbccbff6055c555d47150411cb187684e9954f2542551a2db7cd338f5b8ee1f93a5f41b033d6e9fdc2e8fe901d2fc7803bfab20c09c2bb5f4eb6b1a72a2e873df08cfa431708c93fe7756123248f73d59d446babb87dbed09e547d1db871ef191f336928b24f1d6df894a6ac0306501d48d2f24422a0a7f19a92feb
9ec8733945af2603b9ef3a60e23d28d2f27789da680b6ccb1201afc5b8a558fa668874bfb6e3c178ff6503189d0edc81db55970da250485162eae087331e40d08c572cc9a80c57bfaddb2229e1c627f0c1f4823cd34ebb06c1bc8cd85b749d3c25a3c9244b2d4f2229be51b9056fcffd137791723276892fecf2e51cb6c0fdd436f92dbe7db913724fc27990131d79c159133f8a1ee2972f271611498fdede534b94130c7c6a6b84ecb969f90518d2206766e1c3bd3ea5ab80d7eb7cb4ac846389617d43e748778c 86cbb095cbee5e95da4f363bdded3ee8e55e9ffd5ea56bffb7624abd61df2c675ff4c13af4d469b4353bb666b72cb6996abadaa83a41035f85fd4d9b959fcdc4d697827b107fbd3e63f0cb554f62ba8b8474c628d1671bbc289dcf3196e5541446085aca5203c4dd8d888e5f2981619e2e08ade4f53ccacb08bff1c49d88b1a8623b927bbe29efb7af9b6e648b77f6daf208dc33156a78eb3b5f1392e235708a3e2177fefbffd6e7d60af009e065e7699190e26fa938b786292321220f2a3c7e9bf975608933988f 2ff1e7fc86dfb40d3b9b019349af516f046c81e7b3cb28be2e451114d4505acb237548a2c0de99f8cdc59d9eff2fd0582385508ad1f73038b5478a1d8f76c2fd131cca3f1b4de4751396dfdb4e3d22710ea447a1688814191264837280093fe60f172ab6ad82fd1c05c00ac5f37f8610ed580da10c1db1b334abfe4f49bebfcc09b0c9f23771ca587f8357d15acf435ec0bb00b5a7562f002c684549ad8d264c2bc04950d4a5eb1aaaa0c7107785a4933f2f04f6e890feee18cbdfe4f851846686cf1b82deec8768 86f21760004de33a2dace0d0b17459c9766c81a6a08e65828062d6ffd0a36287ddbd33138186946fb3b56b840f92520ba24b4b881ca4702bbbdbe63b6a0b1745dc35cab316d40bd268612357e5d9e8c3d8613167097d6345896068d197611ffaa56af05852bf2a2e4c18979de2a3bb58c717a0e0405816742d80cffa4bb9ef2a55ed8f33e7aff38d0caa2b21cae99d7710c458209cc8fe4bcd376454387f7c73ec0f5fd28555ad6998adaa14a5a1d8d88aa8ba8642a79ea503d81e53fe6de835c4ba16b46ef4a825 433e4ff7a6797758b016d5d101652b06ff0a6a94451f96b55a60fc405ce78841af911c56d6560d0e5be85aa7689b69ddeeaff5b037f3d2e6dbd985563eac072d561489afa3d8b1ff461e815944530861c6ab3602086fa8a70ba78e5997a74acd6103e533dbdaf394b25c6ddf780af55f41fbf1f5ee59c016fb90aee790bfe73d89611db367f7d3af5f085bb8a7db31d0c56bf2dc198d9071da1b459c02add03e8431060bfd4681259631ea3f3afd612998372a544bc7a025eddd6137b3c6eaa5d08b0521fb99a73e 69d151a48d87c916a62b98c62d64f2c762edf41510204c4cf9db1ac67e3de7b3da104e75414e89976e72ba3ee0b7758deb17580be2e82d620ff8d7343fbe1295a4fe66ee19bd9b5ccf70a457fb89b61bc96ea26a4f9e9cb83e19dd322467e98a1f7b18691002a7ae547bafb7bdc22c7bee79ba4f7725ada13a5a71fb7edec1baa92a64ff93de8b2686d025e69b0b309a356db8b71ef0396109fd96ef1cf6359ee4ea936e09e99511e0b5758186ace7c43b6384327fcf80beaf5fae8d8a7a823830e1321c111ffefb 1866fba1a87d9f3b503a318453cf8ca2fb5635f39a61edf5bb09758e75a179029bc58bc913b78a0de29b1689c31bb36fb9f7e79efab3d9dc232f0f07d8ea2637e954f44bb8fcd7341a60cb1ce3898792216787907b57c239e65d8cf427e185c702ec99d5e6d88d4bdb5663c1312db84d6ff17197c81a3c953ad33a980cc47bb5fc4771b793fb4a104b460ab390f744a388da81c6127e72ca745413be94bcadaf712055ed1bc5bba35092893c6e76fd01f55354e803f0a46bcf30b89f3e60f0a2f522faba9ee8f57e 5976d9d4fd5643ae9a9f6a2a1184e35d8da94c586e12227038e0dc5b316e699476573809dd3b0155e788b490f8d54059ca2a053834e633d3585d6cccdcb728272faa55f872b9a7d66d1b41f0a5e6eefe369413eaafafb2a3d00852f2d7cebd322fdc871e826ca6d3c9282dabe65a0ff8ea5d98b882dbdbe1ad6fd578ac441b27065b349ef27f7d18ff8757652b9810454ef1a38a3506dae640e281403b6a52e1b1c24a2e327ac0dc7928143409f486e10b7b30c90cc7b0d1b44f2c59929a63a27099b2f5c4f261b0
1d8a94a8dabba1fe333312a3d2ad380e1c84087a49cb699d9e37ca60036404949a45ce288b706197bea4cc3ea4dd343fa8fde4025136a4f6a6352d0e8a086eebf43ab178c4ca81e8f67bee6dec3ff818107a528e9ff310389306c7d09f830fe796a458667001e6aa7b3d4d3aded51bdd3293b77e82a1f5b605fffa9e30130be167e045ca17c2a4a81fb44524e3c83481c46bde0ed5b96409f2c7e00c4c3a3c319e4be184fe225880f9dcc6ad5db93366ccdaa5c68b4767e9550609638bffbc909318f5e283aaf67c d09c8e0625c6e961c4bea0e4251ae76f3bd08f0cd25dba9a511f4015d1f10bcd9262db401189ad57fba79e5853fab6ba352043b8733785f1390b4575e4aae8618a5f46cb396617ce8fee9bb601f0383e757059f5e48ae3b9c25c5dbca15d65f26c35f28d961b0a668a6048a2bdf822e38303c95112cfd91191581347d0fe01926d94a6cc43166e8fbcb7215c163dfb394871bdf6165c692bf476bc2b7369df94c8bba721e5f0b2b120752e67de400b6743b0ec71747a04ee277253132207c0af2e41135283a3693d b8877025eae31b008d95341e81a852e5127b359ec4f706e8f0ed6c685bb57bdf262df87c471ea19cab9362989241b96e79eca710ce74928b74cf7df7783b9a7fb9c0246ad75cc82f83d378a2e42f69fcbef0931503ff0f6208df2992d0b62d3837ba3dc02d73d8c9c6bfcbea575e4401692a2b46dfab3c3911e5832f389f37d6155af5d0ca05eecbbd88e3febb04860789117006f58179f4a78ebebb8f88e6386815e535d603f55251e00d089a715da9072e4e7e1144ebfe2d856da66f49ba0aa589f81dbcfd1cf3 dbe7e1b796ad8573e3c455832609f394e7cd5889bcba0312baa83bad69af113002e70f7d91a24eed09d123bbc405f44570346abebb09450fd43daf50447e53a845a21c512979b34ed04492b1a33218bf272cd20df7ec2a2be19f62dbfcc6c9b82055dc8f4a94f450798b418575ed33f70a8dcb3bdec84b219eb108e8561a456b8883a9427ffec3ecb09c53aecda8108d207c21e949909cb4c10b002eec6ed7dbab43274faba4f0bafdc996413e63709b8a69396cc622435d2b7e82cbabc4688cc3e83fc340fc1d36 310b3ff18f888e745fed472d7f4f641faab98149de8c610a0d3a16c275dbdc5d05404cb2cb024b052a2cbb24d049b92779322eab70f84bc651d7f4df430e474459ee45ce5be77e41f838bfd239ecc1968a2b064dd3cc3228deb890f32236b2c308c1ce66285d4dd809b61b5c1c937a12205c3fe5587e5c30872253381ff17adc37a601c9f668fb370ae32a2d42f1dc29663888aac1a2e87f8452187e3accbd942f41b498a723255c8fa3c0d3188384c95e1020e66409c61fa448622cc61a8903e3bb23fa4aa3b338 fb1a607cc4997c0b342a997f45dad6881f210812f7dec98dda0abdad5b25f858aa15dca7d68e50ac57c81b861d2bb1f0bd9bbddb896048d920367f85455168b06948db088be1eaeae586f2abf670ab6e8dbcc4d71f575645b207fdb8a99530906e97cbb2a02541351d9ee948dfa753246692281bd43da91ba9235fba430864f0d33fa13b8c2dbf44de5991b669aec34748354519857536b93b0d3899f90221b56d2c14bc7af9fab077d0f5a65f6efc2b09b6249bd4d0b8e52ae9f67effad2ba8f0ea9c629f04dedc 21d47c23d5a9da1359db58c985589ed0e64bb490a81cf815f0a07ee071875230b0c79cf2ae3f23aabef03fb3d2515901b6cb34914a884350eb745ea7d2960cd66deed86da488932a16ddde0b9665c0f34f28605f9ad00055c354273195d957305f7f1b69a0cee03c87ced8eaf4f21e935ffd23303016a9d07add1873b2a1c25444d967cd1df34aad24d254e6ae913d92ba1c02f8169331d856855ea3ccc621b1b7fd50cac42a5307cabcaad292d4b112261525f1e200cbfda92f1205762f4b5a118c4e356bba5a03 4fda5b26013fb3c8f178f949baa428155737ea45b3241cc01d37b885d136bd5e53a4dafd097ec4ecfc36c7b1e4ad58869f13995e77f5d2b46e7d718892de4cb213b28030886f75748e806a9ce61ed99dde07a7d8af65aece2b2aec07dd4ffe91d9093a903d8c3287885afeb82d32a8bb6a1571e611496abdd09c97b4a37819877941596d1cb48d936de5602402325ce931a7a656ff4ed0050049e59ef29bbf429a5399bd97ef7194ae0d20d8309f7ab2e69f889fbcafbae9183b6964e4a8d7edb48b871aaca82d02
9c847f177c2e3dc0b07664ee1f58976e191d3ec591daee328aa6c377b522fa46d146dd0a91f5c04623c8690a2543848f1432a0c62defb02f2d4a77a994343d159fd72a1d446c5f6bc90f42488c37520f94abc248afef6a1b2956bfa675f1f5f03dd89ec8f2632ae5c102f6841fa2c42d66e8af3b4e19497f7019dc6f173ed21b00b022ea12aef1f86dff6714e5a2ace13d637c9405cf130764917a4f826d2f19af0a7dcec3a35573167f30eadbcca0b289b4a4362a7a101238c68da6cc24173c451775db273de2b9 fbead9b6a7ba96a2aeee6aa69cfb2fbd70b02feac504915fa5f8a8b4a2944bc8646a255b2b3b3522cef72c0b39c0f78d1d7e8b617cb220ccb5725cdbfd413ef157dacc79d0459113db3eeca48717cc4bfddc0aae54482b5d54cdb2053b2fc2d89cfabea165ff333e5c4d912fc2d15416f0f925b7f6a2d8262b6c501934f3e46e56a96df755f9c87edc0a2350271c2aeb45b8a4c11857eabe6cbaa2f2ac54882e93525cf0f4bc328b8b1f3eee25f0a1c8d3ede399614b393a4e78b752bbaf3158a8276071bd9711bb fd59d12093e7263077c2b422be5d9e0c8f9cc90001dfa38b8c4c57dbe8e91db0881f28d69f499cc931d39c5a4493912b09b4d71949a3a8fabf43c0ac5c602432b90ebec7d75cde0e8cb72f3f3757bcb797f3e05d1cb629e47bf88ce9c9189e99c0939ba99235c25d9461c639ebcbe35b5b3fbc1ac897ac826dc0427e121fc2c73c64539882150e1bcdf17f6150a9333dff48b727eba3d29803554a4ac3762f46ac426d4e5de93728d00b4a1e88a57a9d6b26c05955661ea04d303558980a1cd9cb2b5853609a0b0f 12867f833619db8e1207d201036ad6e3e86f2607b7f75f1de3730914fd24a1de06f06ef2343b005e270170da1a08c4560dcc0781524a8758ee84fa1e5051221cd7ece33933fd553642f9ae60a86f5bc1f0948edc0bcaf46909234578a9ae822d4d63c8583abc416fc3f7fea81e7357c0b2ca528fc4aa028554922f2884c121079c646dc3ba03da731fa319739d7147fce00c3d12ed95fdc7433c07ecaf6ddaf2559b98a5a01fb1d1e4d4713c4896b0b06f0e79c1bc60779f94b22732850795b4b746a7440737647c 1100f46da39dd2cff99d40642ad97378dd1b661ac5c6ff48c99b95979cd0e8169c2e29bd77b1e9df1f7163fe509ebd9d452b45a79ee58a3f815512c211274614534812ddbec12897804f88d585305777ad6a0b90c55f68104aeeb1aa408189544ef615d57ba4406e19901bb36391a8fb9a5a78e3c76aa7aca2a89b020d0dd8d50d7b9ecbe326e2813d3e59157861afe01d928b86ecbbc71584fbaf5190e16ae48c2d878415fed4594e5121d37d947d8c950884a9395bef2845118f467b0d2197cfa168b26b288e71 667fb58e76cda1cc3f9633585bae3cad524e65810f2e7c3d7444df09607e4c54e1f4772fb9ea77490fd5f38c4b3a2949a7a38457b74292ced98fc4b97b1ed9570b44a9e392f61cad7753569dd7b093aca3acc9f3dbb7bc5459913ed1c904f43a0c89f82dd5aab9bf04bf0dca9a94c0a92a3a15afd95d60b02cb9657f761674549824a40808dcbd9edb3a86abb54ba00ee1cefa91536a678a243acc2f32c16647591c38bd8f6fc3d12037498ed1c85cdbadcd3a15f9a39c38d47f94f6acb2e3898ed51757bbab1c02 3324b04024a784cf40deb4c9a4f7d58a21a8f25fab52a52e33f3d03adb6b3328645de05008cf2c02c8a495b20d664cbbb4bb075ac7dafbada6d042997a47c41921a77ba6950f1c17107d98b53152083dd73a7942b9e6cef1c7bb4db001f3e95dffc16f354249b5cd7a6ea1e6c72ef11f8c581f4902bbdac38b41b4eafe7d79843af35d179c877633ac61512e8d6d77b3d52d01229b5644cc3f0e25521b353bb9ebd31acd9597755ef99f996207100ea17ba4a681c76760b59a3410a20cfab6e507404e84807fc11a fc89f719eb921ca6212de0634ba3058ba8b7005e67338ffcb6233f012f70d87b7d4c9e358da66eb97798895178e8f9423bf1a34906e3738533b22dfb141cb2af4190c04818fa54d7606daabc1b22a6d5787175be508c3674c51771772b7865a73b88cbd7640d01da7e69e6db57aeb30f3eb0665c78901fad0cab14b9fca4a80d97b462cf784c5d4c204995a3f257ef60843cf9129c7d626316e2146ea2272413e94e200469651994b3242ca0239051480d1609b758d8cfe2a8c4f16a0a1598fe5feeb70123693253
1b91713c2a7a6f0950a3c5db6b37220ddf95c7d416f97d3746452f13fa4d13519dd7b6f989de8c098c31d25d9ff24c9056ab287df54ad63cad4e788ae6d0f09d5f18e373c8c0c455fce32c2c16bd0dce5e16785ba16a0c56d3ecd63c5a89cc4e10a33c71a3b371ed77f8f6792be308fc61409608ba28db8b6508e286f45f1a7f685e5cc596eb3d455701bc88ce2dc50f874dcf7dfb95089e645eb1423412f378184aac016c2dbbcf1689c2977d58f16dfa30b2253ce685e67e51e02ca5ad046e3629ef971a00cbb9 3b2b0b71169815d6f5416f4a708fd57c46b021ff2e957f0236ab897805b24dd969e1a816dc4be84908d01376fa5c634f075ede9d747b6447f8958db3682dcbd0572256eedaea12b57993eb2d724a2d2f20f17bbe6ebcaafa99251ffd3d15caafdc1edf0b780e29fc0ca60770fd33de40b185a82179c054a9280c563e403f1f572b02ae5cb990d233a7b53eab5d83b111a62c10085ebef0f0e9c493a4e860371e4964f9ae26436456dbded2c7d73bc45ee95f488dc52e55b58c0a66f2d47a08a406ea9b33727a7997 e5c650afcd481cff2e05cb5562c46d65837edac1632c9609bb0d88ff441f926dc0d74b0b71ab6ab87badfc4db32220b93143dd00129a331f9046493df4d6703fae57f35f5817bf01ead9de22d2f06ad428d31dc0daff1ea9c1b26a6a354aa12b9b9a98f8bdaa8b7dd276aa895e921fc2b5e5b6fd53085568a7d4c6a41b13710aa9b33561fef3c7c515309d53f829274bf5780fd7d08f522f34b86aca77bbcbb85839d7ff8762013af178991780b03550fbfc81e26a66e8c1d8567e940a00ce1d1d1303e470f0907d 96a66b5686f0143f7e442c049982f4174b4553cf2ff1e3d06d7903fc6c63211250dc1729d00d75b9d62223a77f46db8ecd53e1b4c2ae470019b12a5d3d74b468971465d5cbc623eff254f29c0cfc3f900466ee4d2ff1d0301167b0955e6b0c28170bfbd12466cd326e3bb540aea9dc0a33336e18b691a9586140f1d519580a4cdde34b0534592dd7f0102e7036516c8ea57da4dcc278552429032cfb06f9344c503cc6e7b5f3414e4e427062219daed30672c53f3b77279c7df90391c238de20332588c065465306 6583c742834b9e2605a129f986fccc9b5d3772b2ec043ea7e8aa8dd1a579c53a2c6fee8876b4d718c84aa3bef49e3a123d714fb799597602f1e943fb190983ce36d95890c5c63509c47f22719e2f25c4e3fa3addf7fc8c5ef2dd67afd2b929af7ed7d8d42436f7003f65191a537e54ba3ca6decff4e1b6c44272918b6e3d5fdb2e4bef1de467e71a3ae7d6151fcba0830315a81b88a3630e67c5198ca6748a888ea0c6b82ae6898b24f15e34bd28f5dcf807221eb36c090b656c727e12b88dff47376368b07fa206 f1c86ff286b86ac82aa875264f2461f6d91f44b7468e551b846daa4389352f125b5266a9a5348a7c4a91d7726481bb17fb2ea75744a357d7524a567d336cbb804ec0a563154fcbbe43bf66ccd1c020b16cb0bae214e81eb42dca39a9410887071f525bde881c24fa7bbc830073a29e1b88b49b378ff54ec4181948dbbcbd44a458a02c24f164af898ea1a2790874b844dd4881e27cfbdafa09af1b519a6950a5da2985a492f8c7ea9e417f0b40e64703b684bf4776b8820135ba2a8f8d7affc923956d5b887e3e1f 8db8a154b536bd0f26964cdb1fda9baaad75b880693eafc18f30db6eecf89778d9a8747d85612a706f7bc68ec84de9a53185c7c4a4f2e958e0f1ae20b6f1d233381671d2e1413be48451cab49a1154a850e3d53d8907b328af01f5869b68416824cd058a14da5046b075252c9aa96724edd76febf6731aa8f59466d81d74f88928c1a24c088077c9f6a31ed7c1aaf4a0cd3194e6a075496df9a054a5ee297e1495cdaf8cb2a8976b73bcf82a0b038a749eba9f921ca21f8b90e38bd7305c97c540f04b16b5ebced5 bdf9bf68d34de4650ed8c9d8741695aa5622e0d3f63aa6b2aea4dde53134a2b5188eafaaded9c19d0193cf0628bc687effa5f97731a2dd0ab363494bf2598a165d8933330468a5bdad5bf07fa54b5777392b5dab69cd837af0f1641d0203f8636207cb57f8b5e032b4e3dbafbd7d548b1e1cfc58f810d51e9435471982495f87d6f401f1b366bb26d4752c7c99b58d859b1f8fc0f011e37beed10637898e55c92801e86032b926be3d1df36579fd3be1d13676f85c1945eb41497d191fd51846332cd7b1909ed84c
23854c4ac21e1f0b83f6428dc903722f124d058733bffbd886ac7e11795e419bbf796b97b36de8caea704028262cfd30c58ef55a3462267c487c25bdb7aaf71246591d73291e8b0455dea1c07e122b93d2d309d141d5f8e202181960c48cb1c1c84b2f98455c2e9c6274ab8df7b8d03c9537fc7454ae0238763ac60374d0b654a339ce9771207d2e4c8afa5d0439d9dd2e224681b9c3ee4195fd1db82c5168906329c6b6fef69eedac227892c1e2ff923864f9b2cf6a7578f6fd59726ee8ac201e840801a2d11bd7 9eb2222b32e4207dd4fe323c3a0d980d47a6f2681cc7b83d996446395f8d16517a0510fc2d8e2b8651770f1e1bf500063b40dd71c2bcaf58543522212a3bd4b1c5f6c6e5b4be994394ce25888bafbb752d083ca6d3459619ab281f124fb3c5539c08e29e0f09a3552a7aa9f28edcaa4149fac9f2ecafc6cc3f6b08bfd632210e59a93fcdf16d2f508930883423d893b77d7fbf408a2c243f2461761058753ec270f17e51a9aa2c1a486016ffa2b8133c87af8ee3b36954d5009f80d996c471b6935a2bd8101681f5 a2c3c114f8f626255f3d6601a64405aef36ea3f5ffe20c36f33eceb3990ad806f391c227a7a14ddd9940fff1c37e1b2b39a4560c408c71c8613bc6295e311eb575a8ab61176b6639a7af41fbe69374d07b131db85051ddab594da7511f7c4abe36084ccee5fc696c847fbce2cd73185c5562ff0df7d721df9ea724770100daea9394b426c913a5e1d7c135e3f78290c01b1ff6c7087267cfd079c442f34b1c3797df1af252de565b190211757149bd612ab1fae139c409f2ca3de903e44ed0938ebc19f3f77c577d d35d1d248ff42b604dce0898eff7d74e10324e8812f7f22a1b62630e3c46389b2f46315087ec859036d247d9ef20c010f97fe0bd4fbdaa4485f68c6d67d2946c98c1c43adbe0cb7a8ac5735b8a674da1cdaf28c8ad1b5d9a74ad8d24dcfde09bdc9e2b3368605b6ded88e3d48bb081ee9254ce81a3ceda9bfaad758d7a473c23f0c74a39daa01892e2494bdd98ef9de99d5b2d7658e1799a5ab1941c57e9f774e4db9bd1f4273804a73b2bd9c388b0643eca1dd48ca57d1e6b4dafb142c738afe238cc23ee18e329 74897113875f90ef46da02edbf9c9790066c85a030b819c597ef82d9aa1c193d34d591f03ad2319c9c016799f6177f9d96b453e3eb3c944f6c1bab6318cc3f8e9866dc8be4164fbf0d8429df9dad71bf10819c52c63eebea92f9d47856e620cb63cd0bb32fa4d572684fba33285915106a8adaa2712d022d2fc186c5be752f0455ea52092e2ad8a628a37dc52193df712d6f5193f15eea95e39952935fe7b4e696bf1e1d05b93ee084838e3bea5e70f4642b90f0addac6983409398e4b3874b1dfaf24b6961fb866 0d4d3ec4fb633804c6cbc4f6d0f209a4213778b910d1ed7e7974a5904d95c49da465104f3dbb553d0370c02e3c39d0edb75ab1047eeca32df85047d31915e7bc8f67598e9782d09e98c357df5c11474da30097cab27d9044bc932d93381e4feff484ddb519721eaba23946521c64c855e852419ef391095712f6c821048e40bebee38319e869e76f692e82352fd91db919e327f3c19aff40cf8f3aa2dd3a7b10323c2ca71511b6eeb0951b8050b630f1ff15f73ce592349f8aa58bc9b20d695a123a4ea64675513f 1154acc61da547f7b389ddba8e7d9a590f244ba2943e065eea8c86b7c5377b2b216c0659b7636ac59e599901a9f8c9cdcde374b10b8719e4b5bc26c6833b007f2f82f1519583efe95e5465103d52e8f4ca541dd2855777bba7682625e58ebd2e65714fadf2727c2988b5d3c99e64877be50657c3151d74a1576fabd911fee4d166fb17c2c82965c7bd2f8f42c01244a61be46c18dcd1210c8e17c915f9873b13cbfd1d6d3acfbd0d5e5f9d46ee48f5bb2bb011e2b1584a50a38332f4f4694cc3cd1326d1553d99bf 22f765e979087b5caabd3be4d383ff395c0842e20197d1399dcf8d5c4eb5214b999a3447427449ae704d3fbff65cb19df167591314401a5d98125cef2e23a982fed2d8dbe8f893880a76cd617ce409bd2fc67403de248663553cbc291a6b53d1d024d1c8f1e1917509ce5202cd08bbc748aa03d37b9e3a9a759a6661685886139b61c5baa7e24283d17bc1879387ea07bc315aecaef15a1e5226b4629e340a0b0343dfd009bcc4b4f2d16841ef7a119feb5a204b5ad6173c722b956a70e18879d3a26ce1169405de
28ecf9fe9cd01d7ac784241cf6feb4d3dd297080c7ed13f4ad3083b5fa37e1f74cc00b3da22b5311947ef3a7253119a294d5f32278b821a1c58ace5e442e466dcd5dba761992cf33c61309ff2dc1213142014dbfb38a0e6dcba57a943392802da902ca6a435b978238d5ab36f85f71609fe4d946fa17456a37d6c36c698506a7be6ce051392da7e8a24831c6eda3f3cf656c6c7c702c4f113c59cff99312557b6201359f60eaebac33af2fbe249657c38e8e74e34a345529185ffa0389d0d4808f9f02d988e11b36 2607da8c43073334adb558dca8a8f55ea41583158c2f77f1c23f7b74e1a80d2bc560ffda212926e618f4852011f20dbd3b181fea2b795f823b73770b21eec30456f8e4904c6695ef076032c34ca42467a43ebcbea3c155ccfe181e284040444453759eea077631e794634ecb68b5bd9c25e315773a1a0b0a6b5ea8bbb369932c642850ddae78f14e18b77ac36fcabafb45160ee6af556b6d03dde221622e9601b4ea51d4709d899271ff4b57b45b72b78d397fc8b131e8e68683b1eb92fcd087aedc20b311c1a3c0 b17c33fce5ecf175963ae99621e39211f2750604781b9e6daed21386ccad7547a2b59e2904a2c1c451de94a486874b93539b6fa824c2ac0b4cd99df62a31b6e60b3319016b273e1a09eb62e9cbcfe591204772a1b8c6567d37651dcff686e773213e6cf20d34e3b40aaed539f528349d3dff664722f46dc671532f56417a50a7337ce8771afd5d5de6a42778cfe337b2e37e4b18bebc0236af0981c6ee32acaf6878cd6c47c6ccb6cae21fdaeb3266bb5f8198f7abf4fec6fdb652a51a043a32207e061f9c8f7052 4e6e0d51c933f5c3e299e9e75ec8060f073bee0ab99cc85f2452d84e90a875b420e2ded40d24be89f1a5647870aede7511f0cd34eb2c2daee01d568b19a6b24a0a4d97ead4f20744af671c7764420383788b113c9620220706c8a536642e8b51d7aa819f9aabef4f8b7275df78f5fa7b962e326cc70a813987cb089800a6e33f9480c00a317de5f464fcde0c8d9050542d020ef987cd557e271d1119ce9bb6d358ee813a2e8adae68d0dd71de3e5d0870849040e3a170a53ff4a2565890977bc67525a74529bd5d7 1bdfd5c7a234013fe4b672f7ef05415b29463acab1f191ff60d81955db5339a8552100b8a9e6d40eb60e5fe46f9b0c26ea704d6408ff746fd65436c6e5adc738164525f8e4fe5e29c914db4f97ec7548d55223538caf7cd9322bd39c6fee08ec24bdb764b65b5b7fc1aaeef18935e308f05d027639d3ae6e6fb20403da59b130a6b0e55e1d93f8969dc9b3ed30bfc943092d241498309ce92251aea626ec4160d7785ed21a28f6c8fea2d43a9fadea8667db1875b4317caf3b369284861fa05545b7c3ffb2d2109a afdd43f921203065eec67332aa5d364cad6823a73b3fed9355344347c160c5fe78b8faebbac599601df3d192b7eda26f6d46077d90fdb1492afa01fa8b122b028595c457e28709f4326efae3a69d7d0fd13892224071002e7176667bb984daa6164fde7a9654141356a7c19db99fcf6778130d654f41c3b5dcdc0e474284a0e4e8dd64d5984f662b2da723207c2dc5209cf6490c21fdf8bcccd9f8e7849f48205041130db141000565db4a69addcf9a59d7a9470fcc35e050d227106b65412096fb989ecc85f8be3 b311ab5e0fdc890073ae087e876aac0e4bcae27357b7b67592ff5b0eea318bc722eaa3d3f0b6a599c8bd77ac476694206ce52b520746cbbb11cb00ee5fbb207a56f4bd0cca26f00482d55c12234f25e01171432e22236e8c48061a7fe2f91a31c68821c22ce495e0711f4e42fb46ad95d545970e03cd102436140b074f800ec7176c57442924d905204ef1f24ca415d1a56b22976aa02374103e334a3859c9f99b914e474226c1a307ee5f6b038cab8ba953ad6455715550a0117cd1c9bcc79383dff4e4b2825eb9 1940ab687f604f1c453de5ea355b7ba151d45d819a8c533b732c1a5175eb12ae43c3bbbe3fa908942019811e12d9d583fd77b9f4f7eb17523ce6aea20f51af2a575852d9b670c9a12d9ba1c48fa03a971f41067082a4771bb4d522bae0622a8cf7eaf23d2ee2d2f1b7f76c940642f79978df5d11c7d4b47085f6aa651883d6410753cbc2a6c920a1e13c47886116a262381bb71fb512dd7ac67c072803739db0625d4e2a7242a1b2d1b7bd080ab7f4419a9ae27371526ac3d0243bcbf5d703ae0bef1975aff579cc
1e70dd7fb60f6112ac9ec2ab06354a06a03e0e81a16b562a9d58ac48dec79d100ba2eac3d32bd4f95a8b7d1997b1911bfb3c6bb7453e8c828fc69e3262a79df9b43b1b0c1530c3fe438c586b243b731831ae59640552df261d239709e82243e1fbd3b3cd79efb890474fca23f8dc071ee78778f369d87fa1bcbf8177b2f3bf1f185ca11221a50359f8b1f8d204f5d4f00245f3f925713316480508a2fa7300d7630ea2a749456a82d34425735e5d9e3e4b32d1a1ea42d80ea409201a8f2951edf6e50dd65d3482e8 f7f8c909d0e3580659b5f1665e23d42e7f10ea9391d9b740eb25e6d8795b018322b766547f2b3a37641534dac6e60d6d9c5f0fa6a5928229c24e32b2736374c0f079ea24bd59c58b8753dd2dba129c73c337ac00dd584033b502d88f44990b6558f0a9da1125f1473217b3a1d1f8fe7bd991c9fbe9737b8c0669ae2812ef3b7a171ee6e029cff3dd167fa59a32b3235bc59a4eec67c1dbecbde52f87569163eb4b8f69a092f7fb5d9c5cadb6c33037b28647865b54e3b79dc7c514c2fde1dda62e06d8dbd0397b50 262100c3e67be4cf11444238dc1c2a5bc8ebf0da1694786b13e5168a13e8ddd03ca512545bed0295d8f5d91ed61998a43006332709f6e8742d10fa3eabd7d35224064bf2d85126df876b17fafa38a05f819e1cf3f60159ec6a5620b1bef120edf3192964e7400d378996e2adb9f31b41d18503795b3759333c4274a85c6ff3d4e1fedc3967fa8291bc7379df8a36d275735c304df9a936597c49db645df3e5534476946cbd25d3f4a52d15d4d9f0b51e14aaacf5b467a94c6ac5eea56944a2086ee361db2ef85f36 85b757c5e0abad7e5f6cec58075ed5956dc2dd0d7ac3e5de478aac48a658825a3c85483d23a0996826a672560f6b46a52aef0fb2597f0167e40dffadbf6b2b71b9b02dd0a8f6eca80b797dd1aee62cb1d5efdbc3330c0f6f8f72dfd274be910d65187c4963921bbaf4b1d9e0bfcecf24e459259b5f54eab1d06ab69faf7e2ce816f38e849be4ea3cfac67925698066b1734f4bf0cdaf1880c9a6fcc19f8810e1328fd09b4de5e265a190bfd549e093c22c425927bb3aa40a944632ad573986c71bdc095b025bc0c6 f5095df6db0b0ed4510931dbae0cef41672ea48f2c81ddf882e2cf3bbe05023751d40df6686b5d5497b45e81ef168d826dedde760be413cb60f830c0cdf6aca9a9f39790e8472281b452944a785c5c00de307d229b8289365d2b5dc6c87ce2be903b1c79771849625b71405861e23154dc820731cbdf24fadabfc16ca40543d74eaf2b44fb0a1a570c5f9aa9464237ff2d9f227818e857ff4dafa73fc229e02bc138b432cd4b25d21f19cfccfd891d6cd640e80f5144e5520d4ff0d22b36c828797e0b031c665993 683db9e241c713678f3cbae4eaf0f8037f169a6537734a3ead762b2f672c4f7745ae66c2258a9c63daf087e9aef188f405f7b3436ef8ae883d48166c7386dde24f2563ecf1fcb61e84b23fd2af4854e0b35e4e6c6cc15169a410fc36684b2a0a5f24f6272ba4f85911a6244acb5da8e8c71014f31f50784a4270baaa179c3bcc031fc427a6dfa0de74f9f8a131f1ecd281702abba5b41e8d07a6ea55754d70d548f3d3f01f0873e085546ad5efd72cf82edbfb61d655e03981014c8fa93a27a15ad1c792bdbf6e34 a624afcc1e1ff7ad08255dda81b1330a91d0783c061b8124f33bbc47466fdd824e965e429952d3a8761514c68944f367b2ee2ba7058a8601769958ee975013af8e5be6bdb5d5c204323abcb197f716aadd72487d36203bfbe1796c123e4224361c5b4bdfcca429c4721e2dd1dcc8bb37fdfde386e6e102bb916dd0741faa6da4030b06360bcb2619857eb0ee14ce936c5a2cbb4f7e8057f496168fc32694c1c85703bcca6c06bbf5845fd6a1c321e2bf4db1c57c484bc46aea76a96f462ee9f5f9f37717c61a72b5 d402b35f22f2034ec62e890cfa7e3ed525ac8326d88064cd0eaecfa551e28ec899ab5c92c60f71ec284a89a846bd1c361d3303041fe59cc3295ee5d0f1ccc82acc613694f00bbfc42fb1bb44b678daef6545b0af170fb2ff1956f4621d480163edbff000355fa5321e24af332526183af4550dfd2ccfae044024a2f20156d29529f13a94a49a9888e0bb40e7c5e8cd2f6dcca919a0957ee416cb2458861026cf373d5b364f693b0d29aecf51c5e026bcacf30270c38688694be087f10c1f281347e646e77cd1210e
05cce12df73f230c6e2369778924f16e630380516c65e1ed334f7d43627ea567cb9d020cb824072902c8a5c151f0c8b81312c662fc8ed21cb34a7dff0e41c4d57d0955ea7fb60907d78dbb8e6fc77bf033c79240354bffcf4143e959f8f5e54587deeb209bb0278a6e736bd1d8c4f764c4752aa37f0e632210cb21c4f46efb95079acbb1a80e5c6d3e27615c9513c0ec19e5b8494d0c42684070775b54884f76ba39e315b16043b12d4c40eb6d066235c52660f800526d2ff23cf01add6b406f879f1c5bff6665a4 e0e764080b34c2260868eab762182d7c2888b39ef1948da71ebfdd548f3007a8646e058b36c897069584cfb0f08d57e9ba8e6fc79f8d65a20931fbcd69ae6160f4c53b87e8dbd4893ee5d81d6706edd299ef2a1685db15b98b3fe5b401dd80b8be47e1167d20ca2cb3935d58f1ced702f7840b010ccb1eff17e9978e72b794172e43e3a57c0365dc97fd03b4c285ee009ae38db0c127be7ce51c98627e14119f463f307b964568cece87bacdc81893a9ab856dfbec1f9b5fde06263be1b914f682318385bbec1e4a 03233b66c2431c4f32b568876a81f7a0f3d83477d7730efd49d7cd245672463108b590f5fd7c9d8a4c13e47610f035a162704494915ca72feb0beba779fcb91deba7c6f64601084dae0c929a3795800de2bdb880f242a405594119580bcf93a2eb5199f0340fd8d3d220ed4b675d1be4fd1dbb58d3de2b32a621d2ecd289667e2c9ab21765606e22703eea0ea16afd994294726cf84b498a8004591580af59380227d42573d7f099a3a21cc4c11cea0d4d8c111bc8177af8cc22a9b75f360f665f3635098a12e222 7d1a97c90d95eaa51dc962eb640b4669fb7c078d7c243859c2d02b0aba982b8e5923dd9861ce78bf600e0cfe9dc40a6b319b64d3c184704b7b583ea00151a149dbc6961132b7f7674ab66ddaca880b313126925ce270db47fea5c261508738b631ee6eec44bc97d9c3ec1b0dc5de16f4d6041c06f716bb02eb2005a19f7402c7503ed506ca5e552d6338cf7ba809e93f9dbc4c2039123cc620113cd733f10a52615521a485dce5d909c892c0740dcfc64f4e603db2943bf16a7f8d2e9a1c2aa49d5685fa2fe769b7 82a87610df1f2bef03974175ef4f72b34e57b54d5a89b20a6cb2c016cb7711dfa8564b12894fb5bf9637c99f1e40c5493fd8f98ce0aeb20dcf407dfbf103d09146a5cbbf4066a0fb8410e3a66aad10e47654a8538d526b630f04abd0d2e9d7f2c11b1f9f8c1db976ed4341b10799135250e24fe8f074399fccee3022b59de17e1af384ea620dee9b3e4f9b38cf570b684b8fd36fb796e24c04e37e11b201935488b92b3362cbde62c4ff08694da18a5eea3eb2a2d9153c53b73be3ad1248a177fbc4adb9ae35bea5 ef99fc9a35af90938499ab0c914c9a9048bca6486ec3fdd3909e350e44b8b216820e49ef360986448947ec6dc31bdbb39a8cef76015605b0b2387b65241eaa65611a92f01794d06a8e2c9b2ed4f7b12cea970f94da58850e42f424466710f02a0b3c0b7bf90c7056ae083719985296a5a0b1abffb7a4f87d9c56de49ceed548b76013f0c8d02db2d8f2752c1ee7e37f716a53864c7b8330c65433dec84acd6f5d743d2cb8c8669585e6e1b8494ef123c1050f51d7cc0dbfe1984a65e12f5777dd0cde4018fa0c8ea 5c8a61cde38aa733faf45c06d116e226f569d0a892dca24856970593d58c735fcd1603bbf43a42a49e034e98d05a163bcfb9569e428675be280b00a8c71240aa5bc9f2b997a3935a42b3a7e3343b24ea04027795c150541756db05bc5489c93a7978244cc75d93ff9d6867aa210280fdbaf9a4f76c8eab162095bc0768cf930312c88ae587a7b972c3e97aad30ec3ff3d75268b4debb2364e79bdbccc3b45a2f8574d75ee6179fee9d1b8ae1a08f31eefa01beec179e63615e1d651a946ce7dc907ab556fdbc89c4 e822cd5667d117e1315da5c5397d65d9fc8914229073c001132651c33af2f3376d33a28db167873feaae0b74b22d97d93e92cbe0a89af2ab817c305333d198c55da042811a3a744318a62fc2b17589b0df82bd01587c3cace775fccaa2bc3a6c06760af6652f532bfc41835c807376f9f09438b0d4689c1d81bf4bbbd1e63242803309f89768cb047a30efcafd203f2a2b77aef8512602fe1494df877dd640e254020d24659e346defd5a5b553941dc8363f5728bcbf3ff90f539680481d1c4d0240a308f3da77c3
102dc88adc4d8ae791f1bc589447e8b66c74831cd91f1212e313e46d0c6199208772acc703829810fa7f5149b028d6fd8535566e6dae394fe965e73c5f5f787f9048470d6524cbe891da2f9ef4c05e54abba290d0a9ff8e5302127fa24d0ff9a349927fbdb88af85f04ccfdc7d102b131aa6c07852e18882b1b92a85f0fc3fbdf10950aae9c2188cb6dc2c734f35e04ca9bbc4a54ab11e703c9e26dc2ceecaa5ea03e4dc0c185d9eecb8937dbd0581dd0981caece2181b2bbab3b251181b45a0cd92fe56d7c0c830 4fc45e5a31ed31539389655ec74fd3f4b3634be6860d47bbbd25e321cc247ec62114ed5086d519b57b72b3089327f21168354607834158a0429377a4d3d2e66c397f49751886612ef2319a7cd5e47c5632720beea5e16dcdd198630b30cb502daaeffc73eac16ef0714ff6ea0dac2ce90e6614e5fd2947e6982bae44c829c9744297637c4b79ba00d3b55675e17348d110bd6ee0deeea153b8f02ea187640901aeb8ff8b4642a811e697755efa068192258e67e021e3021636e25b5b2ac85a227c243db3fbaf4832 52bcb0184584a050a94c78f334f75376fc2f664fbd4f1f48e92eb4ed989f3df3cae63f6adde49013832e0485e8c9641b3791f2d1007cedc0bf081d8956780952f82b736b5b50e80269bad3992dbfda369811843a4cfcf45e80fc0cc0439412bb1fc8e9ce5465ba0f8e2e187784fbab198d43ca634616bfe670ec7fef2866b2028b01a6367e7e0b148e17477e075a2c4c50f17f65e0ca3228a058eb866cde99db32b9c2d28509e88a9c03d52f9c5c03cd24e3e8a720ee77a24d443eab5f91160ec929b786e70adff1 6f6f4038169367b3f5b3e355102b4961d9670d538967abb6cb9b88007241e6bb803d39bed0b1f2de4a536b5255a56acb2c0d886f1c62d6e6228ec888e09b31c59bf92afd4a849127c555453ad360b105c4327d7b0578e1076baa47983466d66bd192b62b7b03ad71bec42795fa63453b8a8ddaa57f852139dd70a7c0bf5ea3feec2ce5b43faa2fe1c4431f436600052ba83f19a64f4de7e485c0eca2eb67bed9b78582cfd9addde258831a4e4faadf5c9f09b07a2fd6f92e1474e59b0fe0e26a4a85c782fa0dbd10 265c075f0da66d258aad5b9e699d8023ee3e249525aa238adfadb8e8fd97c209232efd83a4d025570f3774eb04cf6fab1e0d7beb006c952372d735c0593162c4068a7b967d36c08b1d91376b1c4f3f728beea49644c6998ff58fbc32f8625a4a37dfdd0d215bbdc63f75c4f6892a90123e2669bba5f6bd7a628ee8bccf14d83573e03511ae6c0063113eab7ef5a705a25b5720c8826244a21cd18f873acd23be455424920f600d8796bbd0528dbf76dca3fedbbc91d9aaa537f4602adbcdaf3f4522239ee1a37fb2 fe464c61a667e58fb1f3de7d1ea19c2a473d190303c8ccaf2c7d12982e1e3e36edfc39a0ee30f83fe967efbec9a763c9217094cf3d113d6a3262ffdb88d4f698482176fc20d3a18c99578cccc6c777115be03709244f03b43652a59badab611b5ba3c40b6b88020ed749b04f01ae415546afd56580eee44116990f7b1c234603efb1fb4339bc45aaf8196c4236b9b7ea48592a10f8f87c9ba8ba26b62bdb6ae9b99882b014ec0e76c4c4aaa4bec657df67d04f46bef337c742ab61ec79d90aa93eb06648f3d4ffc5 f36ab57b6838bd8c635fcdc0682e097c32742803a9ac0265a62eb8de61d6212f13a5f333898287b7a5a756a3410e54688356011ed148d5fb40d9c61631d70e754cb9a6746e2b6e3029f0baf85ad0ff81fcee0df4e2951b7d46b84bf476a49e8ed12902f32c06e936e95da527cbd61ac5245f86263900c39171bba02448d462585efbaa74361f7a9c33b90df9b8da262066f723e71ac14326d49a2c442f49543e5467aa89eab4a8658b95bae1dbdbc249c9cc1931cc9c668f2d04f52d6e7e33596cb6f9817b6b4698 f852c12510bd765fc08d3d3fd9d5eb77d727c6087cc0bd8d79e6ee463619c30f62e7dbcb7e491de62a9fb1c4e1374bfd3daac79846af99aa9be8993594acc0b09a5cd4c60bef1372e4a833b6e9b2d26e9b37481d14987f54350867a162a72a19a0e685edd7aa33489cd37441d4fcb3e9a8d1c54c3ebb0abd56d4f1b294e1985b59b20c17ee0de7d36ad1dcdb16d568361a23b423af5feb30d357ac822d395e80fc322c2f9191ec7da5ca855668c257b29140676485f7b66f6c21cfdcf168e5cf674c2fdcda5ef956
fb75fff98a60078613c016a651f72f99a68518b1ae3a69ca59f9c328cb882dd1aa79a229c30e19232ab00f67b166b70d044a6aaf2167cd57781a32ad84aa77b819a55759759e59cb7f268a64299a0a1fcdc28c278f80e80f154dff74542f4643e2f35719cf170f1d97e4fc0609fd5ca4b1d0edadd3772d7eceb4145caf22bacbc6fa59f384a481c81bd39677d9bef420b4aa2c7c945a50c1a264c9003a8573a64e284f3503ca344eb906273be0a6acd7fdcf75d65c02490548a335ef0c08f127a2b9cf4c35e9cdbc aec761e7cda7d24b628556d2da6c6f9472354d98eb18cdcf38a09f4d0d2d674129790f79d8176e9cd457b932fec17278e1c175415574867492bffaaf479d3e08f773fdbfc00c38781706cb34be57919b59656334a9781a6f7fecbd4364c2799ccfe4ae9a9ebc9ae94b83a4b3ba9e893bb5d8aef2b309e7f42d49b627dc6fa6f90cc85db1a3f563befa2eff5f0e0ab19d32ac1ce2cabe6c05d914c17463228f9a8a810396eb92f7741b74100f954ee53e11a2b4623f7bd61212e1348225fe6b85f25218232d97e609 9cd44c846458da4c0492160aecc0cf521df7e9158b30f3f5171b5aa7aac1c9e6fee5c059a879e2e36d6d22b27a7f676dbc223a452400d6c00bdf25573cb1b932f21c4672d5b8873c0b30d744b1ac40fd5489850b197b0ee01a52b5c7685faefd65861c067960c03d739e5874bec0f4d48560d45fa5d9dc6ce99d87bdecad09bf7fd33253c6e927f00af1aefe9233565c11edeca66868019fee3c5878265958aea7452ccf1912a4660a2d97edc60e7e1a53bcf9d0bca86f85aafc21ac631cfa319cb94c614fdf6f2f 517c1dec0293b061593dd8da65ee472f3cbbd3f2ba09b505ec39b6e0732554acc8d90835aaad8722c0dc5af8ec84c42ae690098ecbb2f24e6e393ce1084fb4e7960836a38e79b44fa44e22ffd1146a5babc2e8bb50294bcc21ba2811ff3ea6c1187d131304e548117e009cece38270f0c0ec710b993e1f4e04c5ce671384d9bdc7bee3cf12b40b6beab7d9e1289e49f8e0aaa86a44b03acd0c83c5eb95d82e903064acd83cab77bf672a0f34eb14a1fc76f56d95e6d682b90c517ade2bec780986708a51901f78f8 f4f857d6e5153869006c84436aaade4184bec9fe1517f82a469186374b7127aa30736d562edc4d63b4f0e0be12803604ce19cc9bf3cecc7aa987d077614d285efb64c9d2c770a6df75ce71d35ddc1ce71121ec0d7a71c441fbc473efd5bfa5713299e3e0416f4e14984fd1b48c06bf87b4403672c125dfa6058679186efcedf5905f0d753ed9442a298c8903717f41bb345bfa1c41027efe1e4c3dcd8151033b084f21e91df847127e5fba0dd27330a9050ed85b29cd69f5e844ba8e4b77abd6536f7d6b22d4b248 2047afaa1a2e3511c7c78bd92fffafcb999c9f14000ab581839677fed1f5db6a3f7d796c90876fd005c650b3b8479f8f43b07bbf1cbb90d15e6a9bbc1c7f15592fbf7e1c10586b6dc9f4db43b7558ba0245e59278308ea2f8895de90406f966e781a2e4246a31c1916b85915860bd9095983af8a5b49c6897aec5232c03d1b1ea5682d671f77a8617a22cced8364388edc28803ebce9b3e56b3978018098dae449aa8968ee543ba275e318852ebe05ee3d44ce7d9e56957e4be531c082ab81265fed41e6fdcf133a 58f3487ea2f5c1534beaba143ed178aa081895b887e665f50bf531604c9f5324f139affec3702a89757f1e4c17452d671dea30d452df7748ea5862eb7b0f31d455feb2ec387f76ff6e9c384c9bdaa8bdb473f21e8551a0306c2e9494e9cf35525be5ba49e2ec247b261a719034a50bd6d8e6c1936e05bb0194b22793ef0699a5209e2fab11e123c0b185657d8ae6b76657e846d710461e280e19e57f41266766c912dcd1599320feeef0da383949d64265d914564ca33db1cf2ffa0a0322c3b14de30b9fb578bc14 a514fdb65fcd0978d880511436e86466e333bcedb7faf5e1f6599ca72c6bbed02becb0776b8c796f01adb95aa20905ccef3e26fe3fda73901b735d2e6e60099344efc0ee92b643e2494edc87f48862a839aa594a992439e3e708f91b7ce702b677f7b0ea24af724d407cc4440f9fdffba7238c9b73c6804e7ef0e691da32071b85bf19957a94c2373dffcc2a40455ae9bf0016f20f13968585ff2c9b6711929deea9b92eb238c30070bf5c8bfc55b8ebd4cdafd526f50fe2303bac1b3d785fa79eb1f26259cb75db
65e8ceff63d02eea265132bc69a23fd590e45ed9f5a9d1f65a617646bab660f75398451d902edf09833f156153da4e9491501215fe5c6250b4c7578ae381671e67965f4d62db1b28696f1adc2dcd93cf2d12c30955087f719394b9a366a11e0d079465e1cc626ed0358dfe396fdfd9a3ed0abf39185d0db83f9d0b6285b17e44695d2bc4cd82ecdd27f248c4f6ee84d49b6e84c6f1d7b4fda6e2aa83dde1d01d0d784fd8c21c4a88d298eff6136b95228e6333ccd9a088f3aa831f8ac224b65fee6e0e6856f4af41 66e8f1e067a43dfd516526f4c6a4d219aa89eb8fc38ae11b1983108eef11b8ea0a3a49a3c624b20e62d39b7f723d0d14ac2acdc5127b74bd167e637bd47e3ac8db8460d3e26bf5e3d5af4a17167565692568b095be1662ac7d56abe5ce477a58dfe8f94d2ffb8d83cd29929fb70bf32599c1ac4078d4e2e0d6ff1c39d0e130c194bdff5960031b3749f3d179d97107795d3f4adfee70d0d882fba4a57f6d088957412f483a1a14a0d7649aaf8c2e5fdff336f8a202e66751037183a74ac3c71fe54f954284af7437 6b2ae2cb821fb1202190706351198c381af7fe6b4fa1c13a1b865a8c86c71ec7ad7772512717df394bd33e4a51c162fc46c90d2e144e7e007c7c0143a0dfc1024eddd50b4423c40a3bbf700218068d104764af069d879be76dfee69a327181e44c415500933b6bf3082fe79c1f75f75d49d24fd0dbd3faa87d108daeae4a785854ca4aaa2767a1db8746a9d691404511b9a80dd5bd9b5aa41524ab515105d0042dad588b4d1f6a91d131642336ba3337e775ef387b9de63b6ef44c8027fb7413d1f8c7599c57aac6 4deee76a09e2d10556bbd3df18283ffa2b8a29132f6dac225e77d1ac935b5c1a4c48e3d81b5ab570adcf023085c725fb443ea3a54f186d61a937ec186e52ff5f3eb0630860be786fc65bf05082c01d150bc678ea7808b1f6ece3c256fa7e9e4a0efbefcd26c65fb59c6956a78bed30d45cb62db574f64e4886e90f172ddce6c536a97837456494ec77c818a00ee4db9bf17a8fc700e86909a5f80d6c62ee9bbebd2aac8beb0b5cc7f162f0a0a74b32639264627a1c196fbcf2154dbf6222b94edc47bc0ae857c642 ca14a266b91d49a29802d0ab6ffd856d8e76ced079c33f9ec60fb4a5b1009f0e46d6f1b276b64d24be4330112297239c4351894d8cdc26be97aa11a5cd988bd0ef8aa3497dafa20c3c706fa13b63697ecb6111cf2868b9f34a535140283c9b2595a12756dca64cb18fb063a1122f941ca93c06867163aac8cec5dd9d61d2a288e21258020e73ddcff04be5e162e9998c62a953e350c084bb0bb69be90b849293a5e3526f45937b0259a764a8a31876a549078845787135ae5c0141aef29aa71ef375cea7e8aa283a d2a0c0bce7e1df1cdc73cdee8589a493973663629ee128fd0be036c8fca39e5c119193d2cb027a833d7fd7d4925b73c7b44bfed77ba6e28430f8b0d800bcb950a461d464dbee87582afaeac3e850f2bddaee0b861b31ca1b092390f4f4c5e0330b08adc59e2a3939f0dcd0972c8a1116ad1d78719075956a32599bbb367b908a859012f8f11fad3eb099f769d4581d09a461956dc91d3363da4ba62c80d748526a608085793bf6a07ab85a224569148a4f5c5dab8d7f529557500158e3293c9439b25cc51ee602d2 7b603344b24fbf07ece6f8af1654c757bc0ac40b12cc977c90a8afd880af55e165b9c3be4c9bcf1426d8f4e5b6ae3ba3e2c0d1fa2d1d652665ff03050c8926790108dd2e5edffe247c9bf66e670676e91c3cd3ebb3258654264d6f732c2c006fc51b5468327c33137799a6fdb1d980edb32b60e038da1b51d27fa415c85e4a725a58c87cbc729fa7740b1204a80c0fce05e5698eac99464096fd32087d8a5f8c17489f91543a15d168b4ff973b21fedb0232d0d2e97bd1b3a40594bb9f600c60101d61547ad4c586 291a46e6bcb1c1fbf7dc37350663ead207104d6e67994fcc9a5ab7bb964cd84736a3bc9494afc18634a1a429cb50e2427b3c16a3dddbf8ae8bec2a3812fb3ca9dc8076976d5c3a1e564f04d9a5c802663d9be88dc00dbaf0b7ba9b618dbe873413ab5154e7dba5fa55e3ba9996a9e2872d2decac494b81b38cdad0bf665fcbd4da018fd39e3bb6d4dd80d221ec9ef46dd6242c48fbe76d085730ac0e509c7ce3a2397221dc8585c99d90b439aef0d1fb8bd6989322cd17b283a7be4d70673dbccd87c3927cd1e01b
e24890dd0a8f1ea8998c29ddccf3e26c3ccebc00c61a497e7c835fdddecc1497ba6d3724a3df557dbe3a7b4fc928ada61a88ddef40104728aab99ee0a4dce766753253bc97fbd185483a4dab4de2b937fd2e8155dc9363f0c7e2a466781d467c9a86342bf88bcb6a834643f6d28f948371ecd5bebaf40853be1e690cbf5ede2fb80ec65914ecf7c0522454d0c64065cbfd7981fa181f31a82df1f33d4774dc10b88c71c8b497faa55f301f1a5e055186667793f328b0febb1a206438955b3bccd2145fd114abf5e7 f246018ff65fb6bcf8b3226f41db94d5d6665fb464f2c7da6c8548dfe4756d00f1c7a90a8661ab971c4fdb6ca33b2fc8e55deeb6d72479fb3df4beca110f11d81304c47842a14654fdfafb745ffc3230d6b990925b4cba44ca54125f152e7af1070b50540199784121aa1515b1884f1fc5fb8e5d2382b6f28ad35e53f410cd683a25b25779fe320c5323d316c4d609df27fc700fb627be637becb29153631f1d89591d3451c933fa810750a03a0e7ec7c767caeb00f16955da0e0f2db011ea80de6c76fea5a2aa95 0df0b7ebc86b8e96964d08d5d6a81232b4ffc58da118745ac0b6ce8abb61fe266a595e7183e6f381f1c5a33b893eab171226c210b5186bc06de38de9bdebb72e9cfd2311bdf18afb8377ca1e89b3823fd4e7a6d87062af21b904c4909d3eecf853f3855bcd7b077666798e7716dc63f126c8c6d6766c84f8d7b4104a9919aee57d3cc4c0a46fd005cf915b928c6db3e28fc2c3f9a6b09385b0b5f39dfc4aa50f6b9f22e1df3b20ce951e0bb62c2eabd9fa4cb4afd5e44615ac8aca5a730ae4dc136601a8c52b26d1 fc1e457b9e90d3d01f7c63826636b33613665e2bdab108e7eadb4888a72db380b0de5aac2e09a0815df72970fd31fdfa6903e954fa1e9452be92719bfd32a6df97c84b1078d6e88e87e103681f65ff702901714f00731983ef174a8690945ebe1ede97ee00bef7502f9d3fa53a388397309caad31658daa2c989088eaef56f7c0500ec812c3a86707cf11930d014a2344e828ef03140aba3298f1b1416d769310b983783abc4c8a0f9abb1c6ac209edd4c548d1f88a071beefe0b859af2de6b3b1cd3cef0cdc3c0b dd5a2865fc22d205c479c4ed45593494161bd1913bd59a5ad143c9cf285f24ba8b8ef851b0150b1aefbccc37bd4b8834d8e83bd98d121824d42646bd76533631464a062f6e8c92a259a2c80b2ea54fdd5b6ab6cff6b66d98933018d7824fbc82d6f043706fafe110d6be4e168ff732f7c5c6bb80904aac50cb7eeb8ea0e0c6c33cd3492a737af1af43afa82b5a51e0067b315bda10af80267daad619f4f6774bbdf29298ed9332ecb5df030c0f9b620aadaad6c6f8bce353a5ee02198b24eef2c573355c083ec1f6 496ba6c78efc3c5a8dc9bde6e1608c58490b238bb36484f05c3e67fd8551db201eae7db246f3e99b3372e3d9568788407da059a83991ad9265fab8c53ea521c9c03c889d911103d331c586802e295a2994fb2282563a78e5eef689c1c5b95402cb4aa1ce611636e8336e1e613880f468aefef2bb383a3f0fbe539cddc28e4f42381e1cd4d69e316d80327badaf8548f05997cb3a56acc0539edf24943aa64a87ac6d418a5e69338aa31abe1fe84c5de12789bfc2a253cc66924cddfec990a03864d55f5aebb95feb fab8e54bfc4c15bcebb38dcea2560be5963236c5c2002351df91628ef410c63e36196c640f171af78511a17872bf745011f991dd2f925528dfd95b4ac3992dd67d017fa2cdf28d09acf81f57f3335b938b668736628738010e0f821d896758e007664635caed3e6892e9cb6b43d4e0a0ae27e4ed91b0883c93b2771a21433cd94043b9e5b300adb29160e5e8df96c4f895c875cea70de071682cc2f8ce37f1d5b6a71658dffe462ecf2c548b9944c297d8d78473d48bd53bb87709073df2f6dd14a37ad3b61b2896 5a042adea539ed05912d05bf6c9a66eba5c0d3599ccb5c19fb73e81df97ed3ba8269cac716c7f30071f3fc50d716a7d68df9f33664ac0a1039bb943de4356782d13384ba715724773ead02574446fe439030470284681252ba5cc0a6598db25640d32a3ee3230f428fc55f61ce36076b05637b5ab45665bcab206e803ba2cb7cfcd4b17384990d7c2c73b29315187baf5777849b15d7ff6ced93b3a5720e68dec44f4c7f366fb9099350468fe1be1f4c6dcaf73c55eac9fec23305b1e2bf0d97742974a51b45360a
36afd2b57194816a0362e8c95bd275c12a09ccfb4ec5cbd6cee0c8bacd800b81977d145c261e1ab40447bdebd6adc82441392fbc16352dbf3ce8be9be1a796537760129a843386dee984e8376dcfcb48732530d284d77afdcf58c6110abfb35b834b8f971a660ec68da87b035b04db705e449f13901ae3367c7a2d8c49db8eebf72404ffb460385b49052af08ea80b0da3a6ebba9afe4743a65c19215068e44b805bb29441ec5423a2170a5e9174c66fb0a3890de361ebb82532b94b7e4261bb9d51fb02db0d0677 5019d263cdb94d46a550604d7ed828d7ecc1ab06baf935bcc659db5dbc06ba8991562a729faac99af2b024a2f8d425919db74b9c0a387e2dea01c5112c474d77dd3b3653e42ff59cef131e4c1854d23824803ef72a2f9dc36a1baf62e913ccda8d13d5ee3f3aeacfbe199af8ba214d15b585f2bc65730b82acd1a60491f4bc7a62c1349f29cc6c22cb603933105496cf5790c90f4f45eb59b460bbbb778bd33f94b08bd034d38d651b91048e96093b9214fc1f57a2aa32760c49fb219b565d8dd19d528b8baab2e8 a1c2a3177cfcb2d748465f3c6952e351cfa4365f49e1061dfb727377bcb9c35b2fa6df62697651f89c81347305a20d62c86204669bbd35087ddbde60b668e481b1546ce6e981da750e289922b465a865bbb0a1e7485ba46ddfd922b4e97efc94b6bb6726d2282e896a5976710c63cd9272cd46e9f73beb446490ed9d74aa2bd3a20c8f8ef54cc4da9126fa428b5d2fc58d05dcbd5dfc644de55c23c4e65b614feb86d12fe9cf08de7f56b088f0e1098d98a0415117443cf42d8c63e8e8e37a006b879b301161ae5c f8434306aa58638fc3904a92b91db22bd427bfdfba5a77c43c0e092a5ea7b12604a6c75173f08efb0c21f2d8e2cc709a9873fe6bb29e0c025c949e348bad1b3446ee81576198a5bf966bc368d20540beb89f2bdc38ff617c51fab670067c1b8bea809e065053cb5d47fc5a716a56dee0f432c1787dc947af76665c158cc32c37b18162189da080b6402a352b810056db57a671899a599de05e7b6669c37b7ddbe74cb19acdcd9fe4fe6d94d961ca9d5ee852990ae5ae04972ed23222f78decceec68faf7c7971e72 2dad582bef1016117a42e748a71d24196472bb847e76f8eecae8e15111d7926f66d381608595be67df88cb4ef00565c090360dfeb68e681582a45f60dd44b95ba942a8313b3b5a1861cb197dadcbaed6ed414cad983bbe0aa6f26b6cf31fa970d39dc396e2e3864099e041b1f464f9afc1c5fc0c7954de35f987546da14ca3fea849c443c4da17c4d73fe8977a7dfd58166f3803d783fd2f9fcf0a6de0fe0194ee08911a565c8a14352979badfee04387647c8b5dfebc1dd608e028706c8f0083eca7660b7b7b5a1 500b9259937e5c96a704d6802ed0b778b5e8acecbc9842584ba527db036f3acc93239d83462c08d232d95ec09890be09f8591f7f5e351905093777d47656f3cbf60246f218167308a420e3260ae345b8759a8b0a5cc9efdc8583ea5e2e6efc4ff3cb327e811658ed77e1b571620b646360a0b008c84edb116f002d4536c834f032babdcae05388339a2037dae3614cee5ca91492acd1b94f92156ef648983a6e764da074f91b0dfc89c77e9eb88c5b63bb8fdfe6967ba3fe2600cb011770a36a25709b7d9eff64b7 89069e96f4d985b4c654c15915ed850052fb5e65c95c75c3158eb54472c365ef93f417aff678cc57031df89f7ea94030d841a25b4edcb077044c61cc95e437808bce8dc83ca9db5d817952b77a6af458beee7aa6a91e14f462e35c0e6a9fcb2599d6b445fbc0432184c322174b37a8cfc1d06fb3a22f9b42f873a5dea4917bd2cd8575628d960577487f5bf2de8e73a46da4278dc4476051b56b1bd6075ceb65b4092e6908688552032f78fd5f48064fbe1ee5638e39f8f2cd18e09b0421e305a214c43f34558e9e bd78e7e200ecee0cc03f6746cd99e68aa88503f5dac704fd2ff674d8aac9185efb05371631768d2fbda89b527670eece377bf24146159483c1f30f5d942cab1c8da9ee6f8068802f0ce776eb8d06ade550b485df65319a3a8ea9f4242b69f761ac41b8b52d141f2cb91fa7c60653bd967b6fd4af0db4f7a1333e5b8b931eb3a2de6aef0ba0fe7e3ff0a15964d5809e3e4e82d0c2cc4056dbcd3646a77e273b60a7837bcec301beaf605766e939a2c9dba5dc660182416085c98c8d4f64ee2629065b05cb3dec002e
6a38cfa8ea6457b405972872f9600ced4264a29134fe4df61a5d01305c85925212b75ff1e22f91702a342804f821cb66dbb0ddd1ee75f1c526fb8dce7b29030349f40dff6d7d8f5d35ed4e0fe8cdbda64ab5646beaa827a92931e4844e0b0d73d56b3c1d03dcd013dea7e2c33112815136af17202528e75fe05abc0e5773e5941d4fadbecf7f8ac11f4196f587e27469c3ea64fe39679e15b60d4898d2c2b43d61cd6c5ee6b26ae883d7be34b7f89e9507b6974407d7875b25114d845c7a192933c1abaa9c75d088 908d7a366e391218ae7f11122cfbe29d572be109b1b13ae8bff9d276ad970b7e7c5c5852871afe02496b4d432be177ad9cc2e2192d1ce621b80b21c33f5c7b17c6c0c9dc63879eaa606a700689fd2bbd08f79bda7bdf331bc0344218646a9f65a84c34bbab0a23a2a04e8565689356cfc98bb229039383c88ed193fba0d33afd581d233f7876719e250ab53fd05107d14683b2d84bb64a0563b9f6085281ef1bdf5b1aaf416e4657b22374f47170421318a4b949e0dd89413484b44f99bcdf3fe1a919e64c65f21b 66d62417c8b8b52a316cab7e63f602ef83bbebb0bb3b94076d93ad78ce51c44f1a71b3a4c8b751ec368f3d40b364036ad5d2715ea1a606a7ac414c2f6f12ccbe9bd3bd7f29eadb089e380e0bf30dc30eb84f7450d52a583ea47b02261ac4151452d98cc367e95cedf26e0cdebe6a3d57a152c3192c16f9a4a6a7e04e0d48e1a7f07d77018e7ee6eac38e9bd41d84b9d9a43f42de63d22d432c4748f65c34268ecf79bc191c01fb789c54070827a9bbcfe9c1d7e849956349fbd4096997c1dcf07e897d5b629ae63c 9af78569ecd320b981d539c1ef102b2f90243b278f7d330940c81ccabd2c516bb055b76737d0930d6a279538070d2c15e7d6db24a66952b0aeef9f7a1fa814d946d0719235921b2fb798e05d87b69682afdb9c545a16ed58725734b15cb49c608fa822c1f50a81a3f29f0d05e1fb1588cd98792cd1c987060bca5ce9a4f4aa93b27e3e378736a217e2910b2adc6a83516ed7806446764d0bc2e6ea3c8367fff4512da23b24a823323645488425f988e36240a8e99929a2675e08d4667bb43d5d4a65cbf94221cec0 739d125b440babb22f459a2cf65943b44da5382e06a6232f3ec8e12198b70be3637034411e1171e57030c40b137b0b80eacbb706a0147a3afd8661538110ba827ee732d7262341d68e49ad853561b532aaa25fbf58e18198c729024a828227a5f1345a002c2ecd0f7af70100f35a6220a02d1bab970985781f9aedd77faf03a098d14cafc19a934e58f24b25d6c0247a997ca75198cd9bc71e50066154a2aaae8a1c49c889fc4b42a9126cb9fccb6785e6d22cd9817e43d3b700a2b9e9de4d1d4e9c5da738f590b3 47fe4154e1b0851b58d342275cdde77afe0f19ceae2308f069779ea7467d7de1e48a57cb2959778c8b060de9bfd20087efe5f05caaa759e6fad8015ad89041c07c50a7fc1cbc71ab572e6df31c6f9f082551ad52944f4ca7cf9584b8c302e7721c8ad3442dbbd938f4f3efc79cf5d4fc9a53d0f78b615f9dcf12e6dfc7894d58ebb1777e2a34edd23cce8a7dbd067a3ae1d009af10c05fe8cb17f74fd1c2c0b080d08aa6d2d99d0422b1b1eaaed6a6c423f1617ce05cbbecf9ed65bc9678a794e57da08d95c0ff24 1d68ed5eaa310a6dab4bd842284cf25a33f279a06ceb5135e2e1b7510a07eebe85278a684de7179cb81c15680f18b9c41bfb63a68c1e72792093590e3951acc42dd8618df8d14cf61cc77110755a9270f2fe2e42e675ae6140e9e3940a2f389b82117088308a888e3ff8a9c7e30b9d33ad6fd4815e3a9a58ead15186f225243b9183518eb0391dac353ead563352e7b4efd50b4d7e78bad468aee50f3a523e5206509e124ec079cb2a89e1469d7bfd8106d7395268af36bba51ffa7d9779e45eec5180144c882ef5 9adff5e887fb257bd67e3907e71e3ca0c2c27203655ad7436df20b8d9fbba55472a72859c55cd52c1cc2e9c49eae85f79627660add04f66057c1888c209c6414ea2c0c893d940eec426989f4d74dddcfdb46a53edc9eac76962329cec080c211b0d44aa41bf37f32d20fa136abb92e3f1681493ad2e879621c0f885e31f0d60925423bd28bf46b302be899a7e6a3abe2852be23b606df6d1501048ff3c7579dac021f3f424dd475c712f16205afe3f271639f1aa294528c43dc853267c85ef856608de9c0db25532
1b31f9b7f9d6b68a6a2680308901e540a21e34b90d03e306de01c4fadb191f38881a5e6ff82e492ab92929ec518412cf0089d32e562fab982e846b431200a889ecf0ca9b054910a8097f086b7074fd937da2494a0ca9cc8aaec8b3c58f838e1621c539aa6ec0cc0e2675743232295622a308ae0baaac442ad02d21df3d478128828f6ce0af14a3af05e7f3a347014cb650e65632caaed7188f770a9ee1e609cb0532b0f03f0766863a0cbd450cd202027fb8e503c68b5832ef940a5def7feda9718ad2297ea588b8 d5205ec34aa9f3cd51cc60f6088b5bfa81e76703b95abfc50cfac781c6edc609bf68b1e2535858b820dba3fcf1ac0b2e4a8d9cee835b7b99420f0de8efa51aac0e11e2fe3522d81c0a3ea021ee8c5ae95bbbe78b208a785912763c8da33d38697112ac5032bf77470c52acb18dca0301ced5a18e9244ac19392ce3a33e4110795da6c05a2ca578886d363d231566babda3e9ae3873153517145470ab76cc507755bfcb6d9b939311b3ec31289b1597be9decefbc04cfdacbc9527d6064606f55354f6233c797f967 ddfe9666a36f964f1df694ee5ead356571ccad956da8c937221fb2525dcba2f295fd9da46c49771c940991ab8960205cadd9e62ee20fafc3c79288e8568cc4ca6f96270ff327d16897c78ae1cb34a3ef76b633c9f7393388f64d3b7372140ed561f2feea2c9d80d42b001d0fd2030291d69cdceb66375071582166bed43b0c292a447fbf370a3c11cc01225abafffae49e515a872e67b70abadc80c6901adff5e1372d662c87779a310c2a91e5ebfb6c54abe0d477f18268e715f114ca99b20c50b7778abeedf36a c804986b2e7f51b5d4a8cdaba4c270150abab2e9cc229faa8b0147afd68ecf34cb9f60ad1a44cd2e9f04adbd5967d1cd51f3f128242c2c946ea94ca1eb108f0ab17c961a7805c4024810af218031fa7601b628d9a3d48b6030fdad02a00083a764d497d1499950865a2d96f9aa29dcffcb679cbe6a5c93d8a2f336939bf879ebd43ddc7afd90226feef33092e5610d358e17e858f9969659701bd1de9e5b041189381362372d73374bdd07d7ce7977d8789dd2799ffd937e82add5aa279174164232a88532433aa3 4bbca150d8592e5e5cab2d1b82c5486d4795a03c98ed277850f188f7a1324fa55b455b11c8013ef3b7e863db906c8edea9d9ee045e60814bd35db0c612118bdbdac1df18f6225ab71039629db6b6ed8ec62e467218b59ac328e2584307c0d30ff7936cf13f935765f164373c6bcf63447799340536ed534523ed01e50f62786bc1dbd1c1d92d9bc159985d654d4562194c3a5de305f87410b56b20f4143581acddded974d425be4a3b8201f8c4872fabda8cc8bd461d01e206489bb800d681ca21ac5c4fcfde372b dbfe0cf98818bba5ed9ce222ebde6a1092d3529a1660d1dd9949da4f9054bf97a77fdf12f1c7c9447c024d855d60ebca2a6acef18cb6efac8a46fa568cb6e544f8628ca566c57d8932f6c81ee9413dbc511f46636e50101bf394dbca51791fcafc404a01ef72692645d2d713ca84fc9bf1b8c1c49c3821964752316ec42f6b0b77652b9160d34976a280160e2de9a565eb16ae52be1241894feae8bff15105179a014e36ba070ba9da9fb0c88ff8ce55b8c0adc97723f33bb3423b02266195f3b96756804574e245 1b8c2fe999660556b9b55753e460611fa28414ed22c6106668a46e181fc818a504d33346b6ea504b70ef68b0041ae5686a4d5f414f23cbf127d854a23a9fc30cef7b2ea86d308bbe9aeae0ef349d1e18b1a0b44f57af8ab521da49ee6fcbab6cf59157294ae80e7fdcec550e42f14fbc0b8ed21dc379316c892d1cdd801eed7bc58543d1998c21943a887fd6b64dee645a98fc9f4116b86e1e206e59e95c6f13737c0504c6d7f42491c45d447853e7aa0ddc1359a3f8d3e1f4b6e5ef3caa1df528af144da23a3585 bbfedc4ba7d279d93109100ea3d8db5f0103c11a616fb2bc922361e62b17a94bb64c9f7eb73b6f292a1b5fa6ef91ce9373a6391d2617d77e65407378be9a8a1f88939e321bd11af30eced39d8660a23476d37538a86e2e9b478ac9cc5990e3e1dd3f6261d094053c7316162bfb07ffea6ed54fff0d7b8491a30c8615ca85082e7d01fd08172a90cddaecfc97d79a85dfad6270523c7224266ebfa7fb4e444cf793543510328d4da0444f6fe1439fc2315ad4eb69c58b0b63779179c747c7e2fba671b9556893b5d2
203e2f9fb624eb213be62410186205aa12916f8d63b43a5e267db7bf14436dc57618069dce753b736b079ac2974bc033c6ae24ff9e473cca6f03f9f34c52cd50cd085d5a7b46469dbf2881d8baba98ac788755856359a0ad76d16f20a2a349be349add4db838e5748db643ff422237db0805ab3bb2b226578f69412c7d95f0779a671249aee8d7d8c1e3d8086ad676340ddb3032fcc96ea9e7d06eb89a3a20e858686e57901f18993a19d350c65292bcd80e41e1803d7a48cc1a2392dec9ed128700f5dd496d6256 6b2ffc7a24baae29389a4013ee19ba1db1b3011aaf3e7ee026defa92387a82a5772a82e77660ec3d210750f5efea8475909c625a967ad71b52df356e121b84925aa077aeff7b3ba52b7dfb65f11fa9376e31f70745f4a92522dfed26180218552403f42a29f14ac018692c0393be3b360236a5eaad6e335027ea0fe89d3652b5d690735fd8fb0ea8b8e4f154aca74c304ea637317ed4eeadac881941486b9c94d494793f2e0502d16747711cb51710f0758d140aa3c69e8d4ba368207ae8f7e261d578c508784ab7 7dc2d3b822ae490cac4da0b523414f12ef57bea31b3971b1ea24cdfda8ccc7be7eac836c1f88101edb82e14a50c6523a593c9bb8254782ff0c5709399c3e01fcf2bc9a1a99ea4c64340fbc41598dcb72d8354fe7f0b6ec2a85c303cb49e474421950f45815f3c2466ddec55fcc0f09546387fa185f532c0c6f9f209e6e560208b869f6fb7edaa644b8392ebb03c5b7eb5db040d718661e17ca4c3f4bec4a6a031ec25c1492d9aeded6826659b134019dc7d0a3f7e87d57b22d2d826b73b0729766b0aea649f77135 511dd09531d8b86a697ce4935801fe1678824077aea26a4293ac1bc82e7ad5a90a55dd49a805f819e371965c7a4054b05f9eee923ee38ae547b34f9bb95f970b39ddebb6e685ebdcd72fe9e23b915474ccd42a4ef5bca034eb3d25cb65f1d4dd9000052f9cf19f23d45e27f13d88fbd4659ebe2ddcb30f4a2c69e8912b48c85abf0d6c864535f9e9af509dba9b742d73dd22734fd61061b0e9fc3ae90b89759b0420d6778d7eeb0d95aa8bfa06906f136274198d43c3888259ea1d7148de78b35f7edcf39d64d69e 7aec1892bc111e4c9b6abdfaf0b60c299a508b882c6d39eebcb0b642b486863747614d821477f11ceabc6e3565de2a9de0529da0db1a883296a0f61f4685670c1d04c1bcbab32f67a47fc54a78077d275471d55d6284f8c8e78e5df1b1fa5dc70c85d86f023dea61c0920de7c6534dbef69e14e48cb08d70d30eb61e9ae913fc2f433ee674f13682b037f0b4ffbf7e7dd98477870bcc50e795b14eb5c14b68f4eefbf542b184c4184986b3c1a0cb706536c4becd723cb3e5c0e1dc97da80eed17b6970df308b2a23 09b8dab6af1a201b79e4e6df71e7462b190229fb2966dba6fad3d2a0c43c37f965761bb2ef278354cffbba28129f93176b11471d867d78c5e8e85042daaf7e35f8c787e749fbf2d422b53a72c8d6394407e3c6b064d896006321a774a009d99c572b65c47ec8f3d90e9b68019b5c11a04b34c9bce1746baa984c61ec9ed683594ea16b8855fe914ac4b62d32e44664f69f1036f488ba6318bc3ffc3fbf0046bafcfc89aad895c3f63bb8e9e9a2f15ea4a6b1c6c4bbed0f6935dce9fd85a0b970160efd92825b8df2 398117363dc662601f29945ac364a7ba10b3a56f0ed0eecc44db80d7e37217bdfaf15d5f0044cfe16205e0ce0f3e50d2e64207e076157d6c8c17a5739485fb23b661a51c77d3da20ac6a94073715f4a7e7a0f7c216a9c09cfff8cfc33980433366be0f7b9f2044070de4d6965061e94fa3420ebaa16e1e7957cecc5aecfabc84a2bc59ece546bb3a942800b0bb69f84a6fd02f27082b9b73667afb999211359d7176f1c0bc52dcbf3fc93db0694b3fc962a3d0c7bcd8f04245e95197e81c523b59a3a22e8fed5baa 7fe1661c96006ee71b1d1f879d3a4bc9b264ad353088ba34fe9f79f2c5e28a3bc96ca5d5747396e5e4d6167c35b6b7e40464efe19c2964425287f29fc951842891040ec215cf4d2d608b3b0e4e94cb5d2f858fd07a7bb92cff9a40a6c1b3d6e9d6412e4b6dadca03c9251bc787fd29218a4576e5f42fd714e49e0769db54dd6e76eeb77fa098823e6bc96c8c64569b608d67a017be43dded64c2310c359ce65c1f937f5d04803c1cf89033e2fd93cdae6ece2d498a5726c2d71b777a1b66d29e5ee72e5dd787088e
47e5208cebd8084a004752fda9372704e15ec361d086ad9fc3fc5082e453f6f22cf342e2f9a2eae72b219caf738f160b920ff66a85d3ddb0be11d87360b4af6eb8f272553ae8a6e30bc451287ceb0ffcdb4ff6e23464505c8ab77c3e10c64d46fc65398fc538f62a596b9fbe627d4422a5eb543e36b8778d8a6f0d33c511fa3932b33cf04b7a20397d70d66421051849f1fb3992f0bf58f8f043b56e956a9d428abd7e9a42228f5cbb9df3af217beac990b8f600ed5a77a6c275b3ea800aadbd3a5f9d73ddac539a 5c591b70ed1746b869241ea12b46c6340c66294f316a941c0021df227f4f880c1980d5ed74b76681143200af4fd2e205b3844ffd7912650f057727d8b2f0640739a4cedf151cb7294a90191a3f2ddb5fc014f21abb6ee19cf7919b13f373811ed1feabfe84240b0821af77131577e48174de5ff6889cf62dc354de6bdad6e0ec65abb1a333d4dc545253c8dfff58ef0ad064b1bced17830c63b3e575c360def1219b937b17427b865a4ee8a0745e1bf1163c9658b40a22b4060fc7ba116e7d8f4b2b5e85d0b0eada bdd62bf1ad7dc3eaaeff77696bfb6aff97c1745f5002803f9dd519296f3506b2ea8660450273b65e4f9efc632444efc12de3a88a35c559f2fc84c1f894b671101f65d809e8bd15fbff4ae2b4273a15d065cb6c891cb962141d8e15646ff415ff3d58d3c0784d7f415736be9547392992aa0684d9496da45a77ae91b92dd9405a6d646e67a18517742da50503fa5738041f288f58ce432a5023f249939bc6bdebc1478d8f47babc539af5e496cadb747b1ec620f180e3c9e84a8aca3abcbfa8f9ae762b482da1c635 a04546033530e810eab29e07b7a5a59bb4ec82b48d93e715e8aab5a460825b63605dd8c256548cfa43fd6bd90663184acd3411c86e3a34e39f9379306f4edededfd7cd1fcd1b35f57f9500353c3ffa418ff6922b24455f3f0dae7b32681c8ea207214ea1aea1862ee98fc1c522a51adbca47e3123dc3f2be9287e639af9f1dc5f81fb510034b2c9cf9081878bc89af42b45fa89773ca6dd91eaad590e3251ee4bffb82dd563de8344fef6dea3e47ecad13a0dfe620005a59df2103d21e8478a8e49c1c37acf082ed 8ac83221b01a32751cfba9cd07c5ddc859939ed9ca7c4081c15329b0690c0f7940cec8513b3c41aa63b32280dbf385ba242527f9edb3dbac6a8e572507a552687f2e3c4f7050978b0aa290e948a25889567dec54fd8cad509b10f53eb232283b3d8eea9c969b3520c45da30eb797a7e9a4b56400100df348ae01b442dd55cdef2530c327dd4d2f8b257998fa754791ddb69610a6ee89bc28c4b5765d4c9d327e2280002da61475f997df9f0c55209a8598c41d0aac5f0d995c138dcddb2b50f729937a18ae9f5be2 d628f4ab0c7c864c2b1a9fea0a11f9bae2b90d408c7c7810106cc975e517329e1ac4f281779298e6f08f2dd784830415d58754e3c38a678e3a590524655100f0e441f92c1ac5ca443d0b2f05853937902123c913d24bb66a8ab15c986fcf4f7ec4c8cb74333d56844edc2883419d3c49d8ce0225b3fc7ae2ac6ea10ff4325a4ac24705f24e8e8dc6242617bf384aa41fd85e99e58dc5b3568b8d8bb27427ee130e6aa9a2b6730abe6c95be9cb53c7bd15f815436502f4b435f149459a4d45fbd60c017dc2ad73f8d bbf5ffa4cab46394b97cd89e6a2d372e1e2f6398a6faf5d9c324e16415c2260b63ed94397e9436f8d07974e6f9505c8509f42f8a55a045117d2b3b85d2a5f3cdaa9a22b1ac60cafddc0188c5d3e7d99b29ec5d37d309ef24e41218108b61bf9a98516fd87ad405a7d746bb970a2143c02cead64386af2518d629f494fd105fee1883738926dcbca651b27ff8f86433ed7fbd134f24f6a7f9d8d7a582e849678e07d3c352ae6ed689e0ed5047ccf9b600776da16f5109be1136d2b51fc7b181e198c5a13907d9c64f 52f261636efc182c5e2c4d4ca9104c1b0ff39ae6151f8b0fb145ddcdbb7a04cccc5cc509c4c6ddd56130ceb7343849a3f8f0a99bf2e2112e07d147d8388b8f1618f1ba1cb39009590e52507f01533db7476a0d3e6dfc8a9bf30433140d94622148d5369d2b696f068111500e43ea1f700c905605a2a8ddc687fdc64494a2ac8cd78bf280ae3187270255096d54d52f14e58959a8ef8b3065127f8d168f0facdf0cdcabf19798fed3b707123aee3eaac9ce52d2c3cbdbe25629f8f91d528e498129bbdaba5fd93b7f
151589eb211a078d74f65a57b72fedd65ba148956061f2f3d39075f352b4e57945c8e0b0c1fa3592d64fce0b32b90216a611b9f22955767a236f0cd6aea37412b81cc413c59608c397b7b86d0376860f8b8287de9e55cb98281447e80391f470bb0d88d1b5358274d05deaf8227fe0f57c97b3c20fac19078a1b32c3e6cf7bf013edccc1bd53df8fe5833ef26268f6e2df3bc5069410958953dfdd9df2ce2d1384467caab5997237108151d7ce1db8c67019ef5131ba166a2027d48b63bc38db5d5cee2179e28dc0 9542dd7f7ec182aec4c02454db76a7a1be531a90a58b908020b5c6c866de289110031196d99d24d85259092e0b911f66a071a1438bbeb2c3a93f9cf51dcb58f2b3a49c604f07139524607f39ec37d1b614d793308ddea1b525d96d6c57d5a53f49a608c11576baca97d26e4495c870eb03b4cd1331e8cd31b544149117db457b40ed4f631f8d3e8676f913fca498cb1010b4531441782a44200e049a37561a70039121e3c53a7cc96966d7b57fb6234f76f2a0debeac8ed272be453c82cf58a3dd475e4310ac70c2 219fd965b73d048c17f3e72b78a5c81cbaee0e5385f5b86c25f2bf4b67266af9c582a4aa8d1964713505785a5b0354d8b255e9bd819367d773795087b06f57394a4708967d282e250876b95a475825eef9e58d3d493b8e72b4e00b51cdb2bac71b2ac8fecfa3162bba25f967224ce627701408b14c8f1e9a5fb7cb04724cc1183379d92a5f90fb6eb43c8355254ba5246bc32a33ee73d2c17ef37582712ba68c1953e50869e9fbbb52afd61eb14a01b86aaae5e3d5be7d83dd96316ff3163e3f1ef4e8d0d45f6a2b 664daac258e2b5edd9413cbae64996c0e45352ef255320c1c920d27cbdd2a68cff2284777a47ac95c0a5d15062336a0153b7400494986cd883db284ab71d4058f50fc77a0b3024100d9bd671e7f5d2f56236530d75c2ec6db61e358300a415c6eadcdc30527c37e9039d36986c132d73846983c7d2373559106b8ad8c9952e45db9c54c7eb90ab9291d0809143700a069ec292cc54ad80c7b542da57946ba44fae46e4c1d6085a3b558dd371a4191b4dbfc83ed7683ad6e067959d831ae30f7ec9bc2e5aa889dd85 3209486bbd64e7c7f5eb5f3a7c24b106cce987bb6cde29f6f92a3921af7b7bc9a00150a2998f0a80356bbe19b4205a3198a2ddc0bbafc3e94e3c096d92079c16eae97533bf1becce97bdc1c122c4fefb40e72a14f9577e2c6f99f24b14289ee6f2e80e6c0fb5606ec0322617e917a99be0808b3408f6202b889aebb7be6f3347a49b1b932a572db2064d3838313134a128bde40f47d5740f20324b23cb254fd128b1e077d8d0c03aecf81579c48e4dd3181e5cd10d84c0baf1cf39c26f08a36b191ed57f42245458 e3d3452a292f731fbb2c3746e921245a122a797d8dfae7465c63431a396b8298a7357f757b88faedf9265117c49ed7f85b88173fe541b4272a3a58fce8804c9407cf585d4b0699e3fb78c30579b8cb3d8a4fd9ec57f3f7cf340842f4d5433703cbae0075870cf8df92189fc59ea52b4a06dfeda713aedccd007fe05b7b7e549e4046231b93a07f2d15c1829bdfb325f7720b66ffebe0dd0c715637d2ff00816c4e5a79fd04b89c46bd3cbe9943710139921d0a50ddf09545b1747631714957acc690d865ba90357f 17fba6feb4aeeaa3bfddeb9a6b739eb568c91fa16c218bf5dd575562d86ac4b2ed1e669710c49fb040e021f4557ba1b8172e376d53566aae18abe1a846fd008e3fc769afd357ac2b79b419c30589340104f3742798bd9513def3d1c42da400f0fa62b718d3ef863359cee0306cdee22b758e7ea5c5f66a6fd47d382711f26d7986c25fefbd60eac764b5bbf5b213ebff224a2e615f68ddd3aeb541854073dbca66666164e6b50b8a1f88bd37f1dec5826af38382c3f9a08ed9a8aa3f9667780be961683c132d0da8 4e19ce4f1f18c876337162a04835206781fb2ebed3399e44a9c5045ef7fc56904a19d5472e0d7b832350eb557ac625756b1835ada241f25f84bef4c40c3eded4c24202c37858cf3c17c204311590982da84ccda03a5127814747742de3f16430f22e93a9d17effe89d6f12ac8d487295eaeefea6dbfb366799a05b38890bcc448bb3abdc6e6aed879e61b5ea8f1c224ca27e5cccda051bb27368c53114690d7a49448184a77d8cb995d6d0e31134f7097060aad8f78572df679b85e512ac61c0638fc2d38e70b8ce
669b91c8805187af33a2532a97f585a4b1d2b8f25a255bd35bd9687d30a86a860800ac48e0ed7ebbc1ef3af6730a07b43a03f811cd069ac12cf0249740b5de3d22c5a85f4ea52de6ccb7593fd7aabe1aae7bfb5ea805fda18fd4d1334c9affde6b445d61d680303e197898db7d61296cbd41522ce0cd2ff36cb446449cac0de84cdd87452de2c3af425d595b38d8918ca599da68e9e2da386a686d24acc448e975398e43d5115fd66e9562dd23490f8918d211273518095bd873e8eb5cb405114688ae9ae5cfabc6 81f21e6a344cb2df765c6a37154bc3191d479a7620721e654388c3a4c0adf74bab76bd0c65e15a3ffa33606004999b4988dbdf056cbbd4e065b2365497792b361900a2ade77d1718054be6bf74c794302abc8b0369fa68a1ae8b8b7dcb52e62daf10504f3279abfa8f20bd49a86a21f96271c8a34cc6833f2aaf9650057d857594f566a5627dc2f07a7de1ce009aedeb829abf10c8592667f438d808ede8150d4158d079432de91ff20ab530f1c38e8289ad1471f4de6344aeee31466308fd3e9d09af4b6b052f60 8fcb6d15429a35c04b45d961accba3064598bd2649057066b6397fd8adc626eb8a0212d0e9be3f94f7e01f9832b9d1f76437450aa0f8d6dae4d9f3ef229ab9e937e38a5c590788f8bbe5db0e44d12736dea7cf243e0ff985e81ce064ad07444d61e6f1cf25df4ed0fc1cfaffee014f8f851248a2e252106f568a4689ee2da0aefe2cc5f7cf2a2a7a0428f530d5233cc31d7208bb70659a374f029881eb330175361f765ca555043dc2fd61d614918fa274e2d5c8a1b2bc5a891998262ac86c028f1fecf49da77c7a 07fff62a7783fb85b0a2c7f442947c3d08a6efff7ebcac254fc81e944d409855ddb2cf857038490733a7c2892564600736a8af9095b9fc3f09b6b4f4851a3aca520f8974f59c5f74f16ce401108bd946a530a909500f1b70e6dc54d5ee84159bc464eb497b866ace275464e21e8eb83ea63f9e762e3106f3c91ee5d3a953c9219ba3a41bb2790265ceee3d230729ef7b7dd57d30abe755d0d41a9de561c6d7bf5b3c7d324e7bd555168127d32e370bc264f6d3055a07468fc5bad0e70d938388ce3406986b7c71ab b0118ed873e78fc7f726e48cc84a6dac8c9ba6ed24bb6cee00c35c2305d837290377fc34157a11d44132ee8d17bb4f57f843a7a0dbe84919a399ea4ddb393913b4c82bca307ebb224f8522f40e4bdf019a34b5d28314d428dadbfe14f4cfe29d53f73eaadb145230a2ef1252b774a1f5e7c1442845b47b42d815b49c0852657a7d5c2b737451d0146f5f6ad791ba7c0e1a4970da7bb073bc4e898586aacc0ee5f26cb5be0f647320e830e97887adc75d37e6881b14c279d4adbf2baca0823f29e642da1c686d27bd ff115f959e17dff2149171911e0c942b7285a4db307e3e71536830c0a46f7e8d79dd6d180045ec03efebcdffadbb5e53ec7c978b8000e5071d0871d252279f3b9ba566d807ab95025da6e33c64c67a5d928eb62601d2d7b052db8bb3fc9fd74a12b213b1de50c2c7fd0805dfc733b3bd83777f54bb37fac2b04e9443585c49b5c9d517caeca68fe03fda52b006c8a28854f2339f82e888750e2874389df8f10b75c5ce583cf7061378f8ab8bb5bb72168626afc1bfcd0198f0cc23a979ee7a2ab4ff4ec93ea5063b 6b25486c086c83a9574166259f13775cc317ca8c2523fc1596806c89256d3f98059be63accd3399f3bb5dba99471ec4dbbf4887443ff406c2f5054697e285e92cb4b859a3756ed642635dbb80fad8e81409a154a77d048a7577a05a89c42de3ae393de7bc5ac4ec48ec066dfbf16de7fdcb2ffb0a33ab23790267c7d32e250be11e253730a8ad3e78d31f0c59ac7636651ffeadcc43bd942964c8c26fd72a9c6aa471b03eaf60d6b398dd8beba46baa3add208099370a1c94073faebcf07a3602cb690b2812947bb 1f537c720ae47d5c4f268acebdd0f6e4c4d75937ece66fab53343b3a9b0dd19817363ccd95be7fb8272b0c43c1d4f98cbb14c61d946f34edefc2a9ab66e2299f43f85b91c70a258007de739a9170377737d78d102cb5395d3a3c63efa73d374e2be6a6e0381656cb58d2abeb751b7ee27d49539fa07d0efb2ed6c700300fc92fc7961881d1aefd62b3b447a4dabed76bcc272892cc1a7d900bf8705cd00ee81c069fd91581805025c10a10fac5ccfa18e2e6db340f9511d5d6b9e389f0a7efb33118e2e1d5217c36
c2fe3618ec0dd052e6bbdf4ea09abeef42d37dee2ac4d701c863190f447e0d9aab216bc3f39e65506d67a0531342e71ec10ccc3e044db2bb2def8e4e6414e6f60884f9dad9042232b0f9fabb24efa1704ab4b5ec8809abe707eac922f37db184f4710d1a0249a281fe3065f7da3fe9d2ec47fe8537aeff2cd60f07a4efc4f6813b0f47ad83586409ee03b277cececd5370f5507df82ae843dfcd6ca6f732f66feb641424737ffc578ea3189bded6b8a69db4e24af4efabb104f692621492bcc8639fb46ec686bd32 567ca7d797d31f1dd4ab5d15d6ff5b6b1c2f9eafb9df8b3d0474d57d13bd4b6bdc6331a2075880eae7b21f7cc64540abae7b57a6cf002c336131e93de7e79559d5a2958615f54ec433576d892333af1a0f389ade5fd355f1cde133bb6ddcc031b7d55c08e2741841057a0f7ee9f5dd3b15ba04c74b2ae433bd7d62c150726823a13ecf0890d9bd1962ffbaafa7665aacb8573d8b7fe4110e0bedf13f1b07c9ddb313cf166ab310fc628b14c35def5e40dfe8863069dcfaf518fdd752316a9ccca7a998995a4f9f72 074d6bdbaa79d9699b214093e33083ee29fd0ac64049d28bd873816fef785f75ee439ce81ced3055921da6fa3af86698d83ec7b8eb3d133ecc257559a700c9ed67cc9ecd4263a6a0b046b290da4b30812ef0b618aae4ce5d8780e8796ab011fea886d10f2c3bae2259d4993a7b3596cfb2841f47978d6a9aa4f11882003250fbed4ffc71265781f8b669a2f3d3e741bb23a49876784ebc033b69493a6ea59ab6be53cf3ac5e4941e597e78b5eda01d2470a437ea9220c6e95291975b557d1b1f700c0636131ede63 f837a4708de2726dace5c7d47a298c35d8839cb5ada66927b6fd4446619faaf27cd494b9faf81b85ea3c44b0fad718b45880add84afc765855ae74cfd49e577664998e5d51f767f943aa1ce61872b7575b7fd95c058550374ee983f1f005bb011512252e28869bb67f1afdfd6d362c6e30cb19228cd64db531fb69ee9616c9a61e0f457b333060a7988e29affc22c8b6f4d4561444d9bb81b3c92bb3247369d26ceabb7ba7caafcd53ed4a3aaefce641a21f6708a95c6b57cafac0c4e48196fa4e3102451940509b 12045debc07d44d15f3bf360a29b74d984a0c3c010ad6ba936273843b0805aa2637b933015e92109b838d61dce14438e828738c18136295d231415ef7a9f936ebc466db59a60177185896dc680eb8b3923e42b1c37bd7ef6659afad97f4561061610c855417528a7e9159ba14aa46c35e1d09efdaa18fec9a2285bbe39391a796896630a1c0f4386a6f05c11a761fcc26a7ace3fbd7f0ff623c2569042e8d49532df3052cb896067547f5a7ed39ec316136ecb5880698ff488211e0f367c295012620307b4c946b3 0dd494d95c2db15150b9ab5ddf57ec77eb86132740fb22a8871810af8ea049829188f36e8f94d10eb1c8c37bd173a50d4fac5a34f3d05211a6407fc3bc5e3047225c9aa9c8adef03fcb48fb6e71ff04050a15a63b7389906ff7ee2d6302a1795c7f90ef8962812c7489ac8524fd85a0567cdad4492506b2a20427b761ccf7ec4bf137ae28f7294c97b9b6771adea5e30143acac994763e0140e93f572ea340e181012f4a564b0277b438e2e320aa4806452a7b88915b70bea97f9387c69066b1512c8f546225d6e9 efb92edb6e723465d883731a0c23c289353a1ba69f931297a7340a3ea08b7d969189ba864f00fe7d7040c1dc490d88e692efa91d22ca5042dcece58a7e65579b5635d281202844e18a6c5f8cc23bcfff90a54fff560b0c558b0833bf1f57cdb39a42f6408f0ea3be00bab1f302220b9e24e4dcfb5572036bf30f44009dcdf94122e056f0ab816f479b0f01bcc6c70e6cafff4498b9c67544ae55cec15c34b54f8dc4456606aa0eee6810e35201e0742e26712632af790991c823b4c416c08a3bf7b903cc53b32f51 4315423ae5adc124158954fdb6c93daacfe66453970b92bad8b6331e460994fe19f1b70edf41a95cc503780740a7bf4b3f311438e938775ec63621e7512143cdcb03908e4f4a933446c189a60dac456de381853dd01c3810b80b46b381ade256bddb5d898e11fe72015a11e4ee44c1b8309761a1ff53d0447e5a303b63f245c19f9aa9a27786a0b22b5b145e97509b98e2a68378ffc1501cf17da9a43becb0b8b7c1a3cc3474d0b4e0a51af9b504080a178fa816a11ce74c25d7eff50378a722c05539af82d3f448
37ad871de17583a6032d18e99e884cff9e1d8b23776f696d877cce7b4be7083dafb6d51427b5c8ac2387e08bab7eab7a0ed0d21f7fd241b9ba3f170c0bf88b6f8bcb55a43a077447c0bd567a172fd3e01605c5752092f40808adb9b6d81bdef5bf1a9632ef807d8ee1a1097549fe4308e179608935658c107fbf5f5673b0f1723895eef836bfc3b5683252219d886be2cf395d8444b94160004b6a2d361172c5d8c21c422f556e592100742432608e05cbcdde7f96bf4147f846fff3c707aa9281ee72f641ba8dc9 7d42dde53a4355358120301c56f2179a0d2059641a015d20e826b5b4610f52c571cf0da634750ed884f247e83a2a4848d533adcd5ae69a7cc057b74dd53362f96ca405ad804ec1faa4ce684f2c6546b7ccf1eb7fe8551e4b217b47513b44e6479e0770afeb8516ea8bbf6b71ae0848bb4ae7580c018a23fca12a1ec1724134d530ee107fd5ea59e6517ec729666e48b7818c153b576866faf791bcd455d88e66fd4ab3bf3f56ec3e9104bcb72f7bc7f1e70c6ea11dfc02f4c76cee3f3538ebe3c8cac803b5e14121 0e4e6241ddead546ffef44b9c66ac1857908d68540007ffa69421635b0c2a7f5dbcb19882ea348255b4240d4a92fabf20169077dbaf01a468c55d2deaaa18f584ffdbd1ddf6c5ea58f919db554524261261e8a50ff7295ca80e7080f327321c9dc7c5d70911a3abcd3492d8a47a2ff8325b27d40aa99a8136102a52304bcb921131f121f1918bfdeebaa3a018a0b6b08691c38245bad224ceab47ff764fd52a9f7a7233afb5cc1aabdc764a08b0397c5dea9ce39f3578ed806c7f39454859d622a0392d077fa3edf 75aec12863201f9c1a3ce57dd6d62752b89047fa63a736ffd59edc15fcd765752a24f0608e67043dfba144b6be5605b651efb42a78f523b1cf60485aab2741b205efd64c11c680329253e392afbbad681944c4fbd61283af20ffa6b495f289bc66908e140d57b15ecf305d7993263338a2681d80d2d4980870d31463953ff97a756d9ed94200bb0c7cdf2a8e0d82285ce55dc66bbf96839b2ea525cd5fdc56b62d3c1cfcdaf3696436001204fcaeb6080b12da0a72da0008a0dea0c881b8634e691ca9d65c94916c 60a62f39708b61700f50b42fdef4e750c5118416aad34da21f061bae5bb69d3e81845cb27f038b9abc513759c74b20325e9ed9d20b6a50850bec5269c4ccfa2941a4d5cbd569afc36cae35c59b541c5c28e8b67e9eb2c622baffe8c500f38d399eabd190feaed4d65b7a26eaa8db99fc3eb4146fa5d4906192eecb6f7d8e848fe7418aa0f0b1ed733dac3cc184ea9273fe45bf0cf4c8315331e0fd6d7763514202eac962c2f09f861264d5202727a3ae8cbfcac88823c069af32f05c21e8534c61715df716510d3e 680cb397a6cf34491c94e0f4698d8cbfc5dbd6e328c14b044d62a2ca02ae92af403e00991fb9682780783a136ebda7227686eed1c7f69757a141614e0a50819ec211d9e33a99f0e35258355c636b266d618446aebf3a53bf198c57fbcd4418b70fb4e133a3cbd077ebdef461c8e85563f7be45d688c34c93ae8ac68678811bf90903e871ac5bfa53480f259ed26c4c11654874bb21dae4c53eb83f8cb03fa090a8acc0d59ac6eeaf074233a1f0ddf232c70b96b0a0d6fa54ee10b12f4a69583dabd4c243bccf4288 be0fe5332db920ddc4288f1052fe680879d51df8099077ad8ff1f077307e48a6f27f083af336bfea2d2abc688622eb62ed21f5bb30b8010bf3716216226ff115a2d43f500ea9e966416ab0881db49c916dc777d70509df2b7622b5ff51d2abd9fa3e55b53857c40a538fbbad6fa1cf736e707c5f9ef5b1ffc4da7ee94fec6d79540ca82b97ba881f1e43690f0e4132e97286a5f88c17624e845e00af1acd083ee5b213096e804c1b1704daa8d60058f5996af988b12f888e677f8aa3dbb02952261dc1189342c984 0b281700699b76a56c2c759670714e5d831636fb7964a3a997273b2a7ad9862d3d25cc3b71044f3b1953339817122a96adbbcf5d1505dfc6085dd3dfcd2361886826e57c2584401ba95f706f7e5f1007b570c173845da9c28e2ebfbd471a953997caf085a8d548049a2f6267242d2b480ecc1b599a094970d4d0eea7c287087416d0003bd75d8bd5dd08c85b62f42b9454cd6b16bbfd9750b0d62037ca89c2b4a537dac1d6c4728acf8f62a9d242dbe9d228033371d346bfe1b6773a078d4cd115b48b3c7a3479c2
3315fb3698b0ba1a904f3e50b1fc18eb78ccaa8d740f68ba3cc42c6af7a37f449786bdd7db358648f4123e54ec7c68d90973b0786649c9caebcaa20f7ab1ef1413d170c8581b573a6f7226cf6a74ff850ff3c059ec875fbaa07b0ba39772f88b479b4b4b433be919e0eba74e566e025db48a8322e3d00611296123e22f46aa059de8fbd05a50ac1d5021982972051e611b4204d580da9dda133f6c8a16f02dc1e0d0f679fc2251e26a20cbe1dda14d78951ba3f97d146d22c70441960e78d812197d2af2895438a3 968704bfb0182db8a564bac08fc8bc81988c9aa3e1d934e810a4e294274aad327742b1b204c97d89af0a2ca2f21e7df299424a23c89d0da92b8b49bee9509b5f064e047b878a6f80b50eca37789351e31862a674150335880b753742be8f316ae6ef92d3b778934c9910e68eafd6b6202073d48b830ca5abf5a2e7f0d1ac9b9c4fcf74e7c92d5bebf1cd64d21c6ee8ba3459c2184b4b207a226dee3b72eda6f7cbd64e3feb2b09e4c67399e5c2fa7814ac9490c3aa4c66993c61655567cac655118a53a8f5301dee 40d1c4ceb196dfb95e8d6da63facb0d80127eb6563a0fa2c7e8fbc9a0fa22660c8fe16cb13e1f6cd8214f553120e4e11002284014293577f10c5410ea7f55c07c4c9412f34c22edac9b9599efa8070fbfba766a7762d473544ac97a58e05e1370e0aa7ba990f1c8e0a365426b5f93662b8e3ff10d439174c83a175ea3ee54b5a2e6736328da955b1145666410b5bcba63eccb8a2b89a3b911b9350cb1bf5f8219f545d39e2fe2831a0da7282f6dfb215578accfd8b79e71bb3bb4a07d83cefc4d04f4ad12b0273e3 cada2ee15e9ad71a2f0bd01060a4cfc5a5deb543b44efdbec2d9857a1e883c46bd8f6898c84c660afeac1c49b1aa604ae29702a3d3395fb55038304c49de545d3774196acb711e21f22157e8c3d89a55d17282525674c4dc7f7ea667f8f6ab0ab161c2435580ef959c9c1f71600853b2de53070f9a76fc8bdb0c33c8c28c9a7f05db023f26f88731055d3ebbc9f75943737f3dcbc8d890e29381f204f96208721216113285cbdd89efd12a8226fd197b28961dca0f321d014b6c69141b569fbe7d0ba7b3ea393c46 8f6909aa0d25512fb3c6db5d8ee80adaeea69293c5533458696d7c27c7068e993e4d943660cfa7d9e30514afbfff9c40b88537c236134c0cc50b819b6c881e95f60a564aefa756f053684e3ae9db4e18dbbc4df5a1f69204bed06e40948bfd5c8d043f1e99996dc662511d9fce3dcd42f771013945481eb5ad05e85538156508077dee6cfac7ed75d3539be6060c548f76f93afd79c85f0a202a3090ac9178faa5eb9ad7ba8bfc126f15c2828c425d873f92c7c1f14bb4e7caa65560c11a5640c6774a0d242171b3 7f612e0c3303fb1f501e14fb5005d20e76d6719a3712c248c96d58bd8ad09b921a59f76fc1e14a2fd516f1d79a4c62e58f332bb19e3957b84ecc9447b39438b17ff9e54ee2551cfd935a4877db7f47e16c53e98ca1ed90fee07a38ba593320653726500ce2d1ca62de783273ddcffb6618157a87295c9befb3775172a377187e42b4e32f891830a6d8357047f68a46aa1fabb272b64f4235dbb48a15df237ddf8ddb56f391864dbfe9eddc905140fda938b411bb15a93ac9f74c9ab993fef950805eff8920763095 45fbba9fd8336d121a924258f4dc4b99d5b69afcbeced627f1b2eae2d0b3ac305bf9b6ca256b3b3a384cfdea4d4350da61e6f13214ab07c11c736acd8c375fb38ac15c90ebaeffdf94891b36026acb2d3a1c5a4089aad3aa8d28033d6a1143247b87b83ad155b732cdd38ebbc86271a8a3b9a6bcacb667e494ed07583b55ae49022fe1c1c71de3f64748a35485f51f43962eba6e229fdaf902c21b29fba1b3f14c5464e423756ed5beb6455e4b55ed81ac6355e30f39e52e4e933b67507b65c5d0e45418d755d6c1 6744c606b3cfbc3d93bcc5ba5db7d1facbd4bd5c9def69dd3297f033c682d59a81de0c69a323208538a4888a47400eb03fc22dc69b2c6714613a9dce21d236f21d15d88977ca0dcf1c09419e3bf897600837e373528f23f5828982a5f7493fb3b465e8f3dddd1c2193959afca29940e9fe3b7f764a49b88c954d22ec14fc9853d858d0bfe04d0f2ace717da2a27080751c4a324280c32939d07018374ab2c1379dcbe1bfe5919944a91a4ed412c63b92c577796dbc5dc777068744ab10771faa407e69fcf2759a7b
bee5937b2fbe04af02200da7d792d349178e5ad8ffa6b7a627c63c9f619d472844bd2586eb9762adaa00ff72d1229743673660b9103c94ea3df3e4b9f3238e760bd207d36113663a368c3023ed2a686a130d9bf9abdc928f8baca33d9b0d6d1522c750e635ce58a4c6dab74456af8b328f512bca6ea884fbd5d487084b1fd9092080f864ad6625c215faf56b7ff5946ae23206ec16600b7cabe23d84f8ee509d3c94521b93b89b6bf087ec2796e6297912a152472931794bf39954cd806edbfc9c68c9daa8196434 e73315db3f62dc5ba803d3896027e657bc280330ac3b79a49f82cc5306e23895e93184364b7c79e6430a048e32e963207487683c21c6e4a93cb9d0c1510bce7580595d960d65afaac2358b06c2a9bb9d938c8ff45eedc596fec920fd4cc299e5216b17ef272a67aa23dc6e6445d0883af67af56cf4b2a2bfcfb0acab8f2505b4c9127e633315a2b17fb4932d1e059943c46972ee8c13cbd4b04ffc5982c4da6040de889406a58e7c954d6de19b9d2de7e74540c8a9258a33767f24070e19d980ca500e8a9039b366 e53d767d1812dc6f1234ceb9f5eae3a827a3142f917d1d129ef9e930a2be39609b34b270762e6932a066723e5d4eb093273c9f69b6af92772623b354d769b75935349ce8796246d4a19bff534818e3d3179bb4fae83ceb4595788631967aaa5142ce8c89838599e247f6e0d6a5a688720eb2ea2465d76c2a3b40bf739e42a2af69ea036031035545e2df1e9185fa1ffa425baf849b864968c1afcea428dafb1e24b01c105ab857f12e9737f098edbf4fc0e0cf510cdbf26b2a26ad6531cb0b3d41257693d4666f23 fc080a59dd2eb38e3e99f743522f2b9999e2e016e8af5da246da84a2f6b2616072df6dba8c26262c4dbf25fe4b0da464532ad36bf2257ad1b5bafc724bea92f4368611da58c59885dfcb650b9b110d5f8ac4cc113c9dc1dcb482d961b7201b6ae9b7412df2d4eff530877169f5323b43320779cb9ef1b0a2c117f17831b2960e11ea20e0344fd3e96843b113aa04ff96a4a7d6e1d3d581d57169cb1d4e31441da7bac9cc4224ac05cfdc9fe1184e9fbaa9e62e553680df0452242734e8200bd32ace4ae5b9360217 0478c8b47d0d24b2e852b84bab246c17445d2165d0169e8fc88357e6d4851fa412e9f90d048e99196f68530bbfc1c2efea55ed7605ab2373c2422903ee94ae6e0d8263a618a4a2dfb74c6580f53c6aa62ebaaf5117247a4753ade0a663949bf35b121868a202eae8a5dbc059f6c82ef7c29a2552b4dca429c7050026d2c3ea91f430455a0bc60d7eef47278fdadaef48b3fd8e8a6082a7a6c2efcb8b6124dc143341532fd128d736349a261ac1b38b27246b2ae1b235f20508c491c22e01830bc908e589016c3ea8 a8a7b59c62c93f23c2a3893e011f81b634daae6dbcc28fe0b15a9755be7306878abce523ec8d93c776e100be24ede0ff6e61474736846cc53b89a1ef5e473ac337d2ba90af775249b74365d948d7d454a20334607b1ca8039f749db9e440b0e8529c8589776fa0f11c38435fe91401c802972d05ec2510752c3a50f676b08467627ea3f19a7c30ff5e34e01fbe5661b4017e29f7ca9f0b429baf3c0d2ac0e120b0d6262a21a24ed46bdd13ba6f1fab3f8f708ddfe8648490bdc0e3bf0e150bb4e82a2ae054679cdf b0553e174c6160fd7d8e6c89cc09bca88d63772eb197aacd4e51cc202b107833ee0c75a4a3828fbd3ffa3151b7a2057fb504fe8480734031b14979d6e3b6ab08ffe8a315f325fecc0dbd99adec3946e42858356ad9a282dc234467c1242a66d93e41d373134ff1285279a93e1bf042d2ce3ebdb197e8004004d5aba7bbf5527d67a49d941138d15e08d9699ab3376af044b24a08aa6c5978660e30d0a8275896aad5db2038b0c2219e6e86ff6bb077046f2a550371b832b529631f73aacb9499f700e4559a63899d 10d1d7251ced8ff2a34729a2f598d7df6f4e7320ee4e1375cff51ca74d097cf24feefdce4df71191476b78daf76e3ba2406bdfb22747e0b0a8afd030af1b1b2b5b1c338e5321f0a1e243754c64b565bc479652f7eca7ea03a604cce0c0379cfc8d4474702a4bd11671f7f2fe63e01fa0518752b6e08414aa163f8d8ffc73d631316126e3255471b594a70c802202111ea1f27260b4502eb563d1464516b23199054ad207c8e8fe062c94c05caf40a2e6e806549978c2c8175cf8abcf800a953c39ba8ebd9b9c0149
a62fddbea2ec368330c093fd7f7caa17a9089072c5dbefc81f7ff3fab2a7a30e7332c8159364ae93a09bd9fe2abdbe2f5ca0a6c90ff1bb19caa9ebd0cbdf221daa3c47280dfd6ac80672190a42d1d26c4bc736e6a1d7fb1ac42dead4e8d11530f7d7650f3de4c0f1d758d8928400e9a25813185af6646ebf1746901aaffa790dad4769ad3f5f78fc373b999be593c07cb7193cdb59c7df428caefd40171db8f300a765fb2a69043b5918d59505d3c9a88f013370ad7c2d727e1a4faa6f7080b39386510c699bcd69 b4563f12162a44a09199397aa33028b1ad043ba0302c486151a0477d1656c933d888b46f8fc1253968b67b17699739ca74cc1db53e877938b29670a78ff78fe74942d2dd8669b99434d06ae257e4f9a76c88fe8b70efcab204501f72b3e25ccb38d15c9e90cca58022c66e342732c000e45437a2b991fd7a91d0b2c8872cf3ddced5c112ee71baa85a13d12a5a785fd76b5824cdebc328471f8e8f2853aa9729d2212f97e7432df29e370adc28d0c0b35e2b992ee0a9f5192393283c6b7e35f22ec2fd18be282e2e 7c845be081de93792243a8d07121f490d8de58ea3023a55a135c88642dd75676f51f9347bce45d8de7d951594896c249bce64bad2907f563c1772c2822b0e873368332f20499a5799157da527ae9511b818e3c629a813929153a7c47a4973605d838b32f27ea5d7ff359c7c87af654178aede950279d937158a02d4ea888b459bfcde8ff0eb4ed439dc51a0280624e1f250fe06624aef82fcb73e0eba2295e5379304a4b2f0b2882feef5af47857daf7233af1002b79c739f375365f8628b019590af52a80513829 eec6e468de94709883aad4f131a42b4e24d498986992d66230c183ff68bbee3e1b97f3e67f76d7d10575d80b1995d031ec05f0eb51d25090ce400e28a8895be71095f62b3d7140e65d529bc20933eb309f8441904333803002c0984e6e90a9a308f663ccfebfabf4c1ad5a4d16fcd59f9748a397b7ae74f60bbd1c1bfe784eab9349683167fcc9790c64d2c148d05acc0ec295ea10a08f529c5c0b17f8e7069f35cb433fd74c713d36128d870079282d2c7a098589adcf7374d0b25d1b6b667f808e71614528d01f 1e4310861fd9e99934b4bac165c4a4f8e76a2608440050b59a424a70c64af37866649602ac68dda38190c4612c158e89e49550352eefa7151afe0b4244442d3712780c3b28081096424929ccc5c3e896eab2cee8762e2a70fc5b3b6471b77fa22f72130ef94ddbd6c253c168e1a2f59bbe486b2773e2eedf76a47cb62b89b4090fb57e26c59c35ed724a12019984532bf341df203fb614c59c7fd850926a913ccd5aa60a8e835b78305580cb258f5f186a8af1fe780fec6aeffa5bd4e629b805d91708964af171da 4c33f943d800dac38c85408e67ac000f062d3fe5f711ea1796adf8651c37098b7d332699defdc9d124bea4aa18769899e28f6470e9c006332acfab16a7f36f929803ec1d49967ebd6791be5d953e6713db035ca051cbb5376df7822914b754c379c67704c7e951c99852dd5767d6907392f3e4d18c9c320217e8299edefd19c10c963ceb8521b35ea54f774040ca46f135cd97b90ddabef68d62b7d34c04ab52ed89f01bbadc9722630b45ece730692dfd0cfaf333d58bf18f7c54f3daa60bd10ffeddde27fc7bd0 59c122d040b61a111be1ecdf79854e8646f12550ca809007e05b2588e7c937356aea812a52a66aaca2f65423f56951c635a6943fbf0108ecc5cea31f9b1f347fdcd953e77eb32ceef6156de41248f81e553c6b3b0ecf66528dfe6a108331e154136665fc4d4b98678104922e9947ddba182d595d5218dda2586464b48f19eddb6bf16661b06fc3ddbe15dffdcb46fec45f9d9e5f78d5646bfbb883e72dce92cb9060bc489da836c3b514c65e57385255e2478599a59e41ad9e4416d32a41f5ac84ab59333ae9fbb9 c15cc4cbbb4d0df4084802d768f50f15f94b7ef9bddf22e4229b6d8d42b39724a4415eab09d4922645aa75ff9c8e89b1b73db383dab137f026f694135028583b888a9bd1946f23c4fad0ea7e40ab6e8a6ac724b97fca46a9e5bc18ec954c1eef600fb6664d5820b475fefc45ccbfb06418d2a95978d6f8e890abeb69ee3fe5f75282bd007b52179d8df03f4a3f375a645d1f2d24be9767cca7614537d2e51c81a560c5492896f4264bd3a7e13a9b458fd4db82b2cf57ccf7a0084c4336490e3901ed435ed0d1378a
6b63b8bde881eb902936631871e0357a60e715af2bf49c83864431bf32d75cbadcf8b6deb73a7b4cf462161b0b7d1c7459927df2a48a87bbaccd0a98e5f80e67b7cf5284aff516ca03a0c6a3ccd9faffe7cc6b0c21f3e379a8d022d495dd6573d052073f839a296104bcf62d0864d0c0f0edf83c49d76bd71a631f06e27760961c5da072f1f25eebdd3d8e6abf1f0c33f0d56306464bfa07847bd24d883561c4826c6329a58ef62831e2930b238cf95ab6c72bbbd3158754e063b04fa03f68c5e2a52009d8d47e79 5a450ae06cf8c1ca01c790b7331ba7c5a9fbd5917f8e132350c9afd57ea12efedf72e3194f1ccf60902675414acd568dc5c90fc6b4df4d963f82d6080c39ed4c2d472e1aedb3106c54988674f44e1a5854587b381211343046e86c90bde4fe8df8cb2e1e9457e3ca484d130609d9024e121a4fc41e81dc76d2f637d977a451951db798ba3e08e6191ca7ca238cd87f278cce779911e95857a75a03ab435b12f2f5fe7bddf41168e3e9dbef5dfc7be569ece807bdd6484afc33c6fa6b6cce519fc701f11696d60c47 6ec2897ac4e741daa1d6037bb26ccb4c13b1395229c6c68126beaaf8ca20baf4fad3bd2431dd88a574b3b39e7b65f3c25959cc86a75f099136093c54fb71d47926b930bfb30aeaac77c547b6e4d6d7c36275b1b730785af63529126b00839f8981bb7ef6c797834fe71cfce81f9f4bd88cfd978306d9f430dfbe348112e2379ff5dda49fb80fca8a422255f49697ba7e6b205c2425b7129b53541cced32c280b1cebd0389823176597af82f6ed179e195a6468f5ef108e4595ee840eab64e48c900c21218fba02c9 6c5734080132a328ffaf328ba65315c35eff92568f827ebe4ad7d0e99439dcc7a2c7fd35a10d258c266ebba53404aa99d62813f63cb4e6150a19ce0c621862d0e0af42f10a56d274a98bbc0dbcb129e760a860eb404b5b11921751e45355c75f2e0b47b2bd0a38ae0f0cf0c03198dcd76ea50b6bd936592590ca270d6c585f5b4c76c1be0b73cbcc0ce589de69f1ad162ec7fa586e924806629a16a467a1cc1eff9a7af0dd6cc3d9dac5d8348f53421dd42c9d52f191db6be0609093351080ea2b19cb4e9337b9d9 d4ee2df05b7a7e3029f421044ef5bbab439073acc1a1e336f2f54298f975c470ea8e5f20542bd493f78c068b809321cd0c3b014cd0ecb1553b4cc0c6af0a245c826eb38c85735151be2d42d3fc6ac097bc2d5ba5e7f1db5de265fdefba9451f067b8503e6ba272434cffa4ac8823c9b9cac1ef48db939a8523c5925ef20743309d05a48f5e2d01ed0bace0797341d0ee6aa132ad9d74e00e2ef7572533a08e52ac1d8d59da3dfa9b64b6ab1ebbfb093e4c3090d59c365298707e944ed4e3ac2daf04bcff3838d8a9 6c96edc5f957dce010f87f3adb9b65c8807c370a894ae2634c0e4d4bbfd7769f39ec4d2d5ac7a15e5ceb10c6631fb05d56504f89a4f11801483e64d569ec3ddfacf72a5a8a567f4223abefe223d43b5e80bbfa367688a14d555226cdb8af3b54f6b626b87b9c5ebeee1f0521dbcc649600005703a2c318ef313c06b80c999d9b1eda2a7930eed1779accba888e5857d8f63dd965be62571a495e53dd0e4f2d294aac4790fa387cb1e8cbd2bfec233e28abbc8d84190a344af60f411ab42e8bcab7b7c5b6edf26ab2 34e0da913041b75bcbd44bbc6ac5a1a1a0a70b10e07d0bf9398570de03fa33b9dab675d231fc35235bb246d1e9d2a144f3cd49d978fc8f1e01b6b0519bd33b69a45e12de1b2ada83ed2148944c00cf823c4108dca7fb3c9ec4c91c05d471bc7787d3c07509e50ca020109eafdca1e9eba82fe532dc4db10accbd1b1ac7572abda452e535ae427455494465d83c9d5cc2c3d9b72ccee8b69c918ac4f1f52854569d741186cbc9960489a5527c46cb88224c13e46cb056888b553735d3728697d53197ad3d73623fc5 e65f433fd5727a1d9e522c7cf2700643c2e01ec9f49be55a1549ee58098a780736d70b03e9e096f6db348bea9aea3cd8183267eb55ccdcd12124824e94963edd28dca8a6b698aaddb428df69691ff00193a43ffbd04f7f64de9d24489386d427bb66799f23855eba319422bb15f9aaecdfd7037e4c93309a2c8c5ad7dd10240e85de8f0969ed50ecb2e40a03173acb0e43eab0c56a148977377079885b93379f0e976d99ad5d15023e14f0c5c4b4e6f2dc1654a4b86e7b2e196d62979df15bc6dcade0bb14146a3d
122742aaa17661812581d8fb1e78a0c0f7b0ef885a5c10a1357f8169ed206ffe9a6b3a648f158da5b9383ccb658038d41ba45440c21e80957b5e2ea7480e313753b6e9dc4bd16be0501d0dac6a984264771c27f986d96ef9f0d521f336917c41dfe2ac462a0f5cf85b3491a8c80843bffc45cb9d40f048aec4df4a5040889c16d2e30b4d2846d82644df0e382bb17d9dc5c6fb89d932b537fe10025949f9b2d21ff2a583d6fa1c6aecb00932e23f30cbec48eed627166b5db9ba78102b2195f6bb4f8bbc11210c6e 7f4fb257e0ec1600a1544aa30bdbbe7c414d401bc474cf62a3704ce30e18a4eb9e2ddf549588cafea6643b8e7edeafe122b3b8941aa5d7cef613831d8cf9e50463544b799bbe0fdb9363b9632d984ec622101d3d58d539f57d6644dfa7e6501590c3d7ff26f31daea24f5ae48e9feeb339330f1a95b4f2d6a7120dd59c121dadfe4efca050453703ec889baf0be494aa7a595f7776d074835c3f35231aa35cbacc63a1bbd40003fd734d919b511f9d0711f7618d5d0b73e04c8ba9c6d9c4fc181ed43990ff98cd02 bea6cca9161e58d41b9d1e013dbfbcedf426121a7346930bf203b2ddd3be97654a1945b29d528dfe360f63ee72d4ed249a564a83a14ae1664afe55a260fbca72c4e7aa0ad3beede98bc1df013103dfd6c2066b236b8a0b815b7de69159cba8d0f8327575d56373f7595c0015690189e45b37400ec5ce897677f78ad1ff835c4e6420d7a3d0bffff1262286ffa803c7fe15b507eaf2cd9d85a604d8022aeaee1925a74aec56fe38299b158c7dfd73e6e45770b792fa4beffbf502d7fe88d325b001baa9066ab04e2c 0f6c4860939f07f86ea40b57319b2aeda7e279e82638e06dc89035ae53e08c3534edc094e4bd4d6f134afcd30ddd170147691198f7599871dd153ab9031b8235a3e8b900e0863dcec47bc41ddeb69db50a5e86cc3b5c8ea8c772cddcadca00e9305ee97cf3f2d5c281681885822adf7cee8d6912b2619d87417ac2f78aeab1e426f23164e46ef9d7775b62ab025ea194a990f95361ffcdcf9bc940ff0172cd1599ff7223936ca1d67e42042ac991449fc8cde47f284c2dc4bfbb882fb936c187749198cbaa74d165 065dd8a588ef171c09ecc128f024c84d0638dbfe20912ed2466c6283925901411247166c7fe6e234e6ea357e30e6a039cefae504b9b0871c478f7835ef6cfef9b149586e902fb059e9c9adba489d16f0803874512994cbffcfd4dd6e092654e01a8384bb19a1a9f199135f101361c0efa8976a03795e6833e8a1655b6a38d85a193747d4164080fbc7fd7376738f28d77a87200e4b0074444dd8d6b854bfc8d3bb7d2f20cac3c7ed465dc39cae77b094fafc6116f3668ea6c0b4b4c6c8b21dd7a5c3ccac1c82082b 75f02963cd3196f1db982834b12b726c5c88fd76ee45a72ecdc74d2c09db4d6d9028d3e66e2d1a3bda597ffeef6b3428ef0e54d63a26be98556f932a33125ecfb324bfed9b9f931c34be978dd116762f9c4d1b1764cb6b2fe3cb982fcbf0e6ec9d352ac7d56b4a4dfc6283d2aa7feaae4e81031ae6e6733774ff629448cf096095c70792b7449b38f291d6b606eaa68b38cc1c700c1e41d0fcac73c0b8a0545eb1b60da409e7e026ce7958c4a2c01f8b6fe0127e54f4835283e8827a411cbbb64f5d234cf25bff68 e96a175a486580ce6ad2afb085531755ea2f086c2745341c0fdbe98075da0a941a6bf2b44af093f9aa0e4e6fdadd8ff3ca66a92438b77bce300eb6a655d2f64db84999f43de96b6f367aa22ca81cf363f55cc8c0c8070bb188f251dd9eb45cbd71064adf48087056a3064b751bba6e11b7728d2d732e3febca709007dd160a3449cd49d37f22671d5158f7c6374b9d4d927037e6f2702bde02ee0918713fa57d62fc45c53ff594eac766b8e8af3ab818da1618524913a4612f0c0f13e7a8cb89b6305998039ac129 2a99cd8e30e1ea8ce54f116627969796f70a391369a4363c6b6917bd4830c2576a405865545054ec62aa002c6e5a3f24e9b7a23a6155ab8c27cd0ec62c304292c2ab4c32c51f286c3d82d83583f38cff19351af542f83a39d657711453a0c8fc5c7340ed822b3ba47dcfbfeafb7514c978cdece6dbe8e7395d8932286c7d7583a688a26b76a9fce800d0f63dc500c2d5ac7e26645e4586a8680b38333eceeea07ec6fdfc1d9c2a105f8fbc7af62b30243dc0f02d3741fe6e9fda320c1e48816317cbdb3d6fd566a4
773b36f8b919d71b59d8f90083abfbecd97d1cf655edb2c90f7972a2a738e18a7670605961d615e15b9e219c759b0d3b025d201b16c7f7d46016347eabc2fa205729092cdb99dedd18c6240b7fbf0517e09b380606f61779f1560d85460f3a4de84e4035cb421621768c1a10400c242941a915d9d9419645b5d04ce1531509d601a978171588c944c0f1656d5726187498a064ddccb1e4fd09da6b3bfac9d01da9b8e581561c4a88d4fdd550ca885028cbb0f9268cbc23af7d9b5e141a630bb8b22231aada68c7f7 16dc908634317cd0b10d84dd19b010b1c42cfb2ce4d5857b5376c4d1d2388ce2d5a10b7e2e5c770caf9362c3f8751424c0b75017cfee5ed95fbfb83be8f686d49a490c67a89d2ec9c724899213e1d5e251232ee959da2e3e7ac304f4d36735549bf07663c8bcce8914a1ab7746730c908545d1c1fe65ddeb7de26c5f2f5005e0130923df190e0162b73466e5192c1e9fba7288933c61323b7da5b9c5dbef9d412ffd2b8252f8491309cb95ee9ae9ebc42fa1c0fd99ba0b527107101e3b8b51b1c2f78062b0174275 8ad167437611ba8e8b661cb4e762a85e292a24205bba12bb072ce2071de0a9e8752c79c178550eb5d2ce05c2d61d8f6bd719645eab486667000405c6b98988f6794e903ab5d0e738332c2fcf196d3d833036a70f14ea9063b0b8fbedf183f58898d5ad1c7c9bc00881d58bb4ccdb78b961100e4271240b6f364eafa8cb98de130e6dc724aaa9f1f07f9edea8e4de5e4ca9c05a98916d1a78e8fb1b4974021f87ed70f6703600ead280f0777bc2e370f3d881daa2073d7b45fbfa8db169e41c3d189df9944fce2a29 fc47443ed57627d8c876bb5793ba46540e366906092a845c84bafbe8f001019fd43356ccf6504496a4a90fc02f008016efe74399d7917a624fad5f2649caa528d6f144379a5311cb39dc093e481c52eebef11b5fe17f65246eba53055e2fa26040ef152f309a958b3e21d55f182db7e4ca8c08907049a936777127628aae3097a4399502b73cb7f83346fc8bb83bcbaf4db9d4893972c6a2935d3a2dbe97a1a1fcaf66fa39fa760d02cb26ee30a8987d2853349c9cccb45536c538b210b56d4f5051fc17b734fa7b 85e1149803f86a4b125f4e0a74541722639b4dce66f012f4d000507c08b4885a8815bf82917f41bf487d198a190a627cd07d257d1a129660a715840a8747ab931e2b6cb59b7c603fa1858fada31c950ccbbaf1b667bfba0507b32317377d68dc3ee7528926e8b441f4cee66133efe14e4c505d64d95bcf9eb484efb60a1e5e7a167a65893924189e5fb7c30385a8d4b998b9cdcc818f9adf1f03230398a9790fe095ba51cddc09a5ccfef0cb75654bb7907e36353218d8116994d648326c3628f800d20e7cc84fde 4220e9ec8c42978f16816d74f8c429a4d5794ec03fb8cc8535e852615508ae0dcf48464f93803b4365282feb8272f6751c1b54d1d58d1d6cd471d299af10abe7e92c1f42488283326726cd6295c086d1fcc10619445119082984f4343a501a81c27d648ec8968303b8cfb87573503148d42e12f1d14d037106714661a42e496eb7c5006bd8783565b443e08b2825fdaf86bea72731b205a8a86c89bbe890b0c4a31c6f5e2e4abc5225bda8a8ef9ca4b7ad90cab77b96622e64a50a33b961f0aeeef572ca6ce929b2 3a0e4f7851d0bd9bc95f85ea6b8dad62c3df59d98ece7cc2d6ab80e4d36f61584c1cba9ff76942ca85ab28d9bbb3bed1ab3b314ef1cc12f592a33aafc96446b3a9b675ac6b6d6a0df97b9e83d6f75b18d2e66e016b1fe463f2f861ba1cee0db4c4414d3dc84ff3534bc6da075a4a9e24c322aeacf0534c2d5a4f548735a8359e705323513c89dbfeb8fd1b6471edf2f3d3a7df1a5403a09267ac3fee3a0f493936d14d05b7fd0fc39d1dcbdcb1efb15524fbc2a2b8425a899e2f45d3e5951333fa6482902dcd2b30 702fe9a33ffe36bfb52b73a3eb0332e6f4b4c48ef24ab2a3ffd5e058aaf2b92cef078d89e86579ceaf5399890bb26a68da926c3c99ea7bbbe914c3eeeed7d004f624839e6136b5f4fb6364eb653fd704e586f5b4a5cd269da90e89b7d04a4d61962532701897e121fd3a4d52d1201c8feb9d29b6c3b8970418f65a1f082a30365cf60ff47e78407f8e5279e567ea315a0f00f51a80157413b026d795f5677ee54869658912179f2ebf18e8e901ca4109505a54d6618f52f4eca63e9db9d65b24d5451809b5dac4c5
ce7ee625a5b0ea9143bc120f77b7a113ca63d73527f42901707e1652111c3e3dfa58965be898a03d9887684d933b711f1ff49739d124d5b45ebc3dd295609116d6117e4ce612605699e14792944436fbe808cf3d28fca1b8519c437de531c828d9d6d99dd72a9a1c107fb8b3a4983670e40523efd0ffc6bdbfe35c3073857dc67a2aee1b8839ca933c3f7fd10a412803b648ecf45b210c9a16eb8e8c9358f2bf6ab5c3c9c7f6ff018d6c3c62651efcf86eff4f13869cd25c5ab1105b7ff0b82c2bb37cf14a803d97 8b3b7da1150d13ed49279bb10646389c89095f8ede5916f172545af7baa07396b6f030d83ac33fa9a0230535ad76f009ce628426bbe21bbe8a3bfc38c75f6ca7c73e692cf6c8199497cca9747eafc210f27ee9d9f0ec14388d5e732aecb26b6e1b44c78d5509bd149dfdaba10bd49e286cf3c3b874513b9f16df897d6289ca8a8c1abff89722c918fc10d3e5f717e09951ae9f3586229d634e969fdd1ac56a771022c98f6279667b0b399257011228aa4ab927559529206a4f88e647578f781a5ef21910819b0f04 d23b99c9e3150dbd746ba3ff135e1494bd7b3408bae95def70cd06d0f432c2ea3c2c3d66cd90ae363bc9d6c751086272ca8857f2367ec276bcc095da843c65fdafa834b210494fe21d0f2020ef9e32064a21ce01d76432a39d3c1d5cc09f672d97f852982716e12ffe0ac560861130ceab02015acc8def10e3f809ed3594c316586336f9024692f3ca5300a7b799c9210272f5c15b612225aac1f5aeb3f06d3fb57a989b6e1db11de332b45a3b429da683184d8d502a0026f1f546efd6b7a4af663b2d82130a528a 2f59f1f7fe0ae404f3073c9c403a01c7bd91c3ad85ff142f019c6642b660350573be73a1cd18a609a871cc2aa5797b3fdfcd186f9ce14477676ec9eaf5aaf798e61bcfa769ea396ac4ce8a43f384720e62c76f8d3b7f4a1ac5e628bfd0081734e4ec4970cd747c8da1f0384f523bb0ec3ab1236639345d9785af8a92b3cf3be042e61a9b963f564cd49a47760d743620ea41aac8f5f3cefd2c699d0bb03616d01ca3e22456913f2e037bc291177e10cfd5b446b979da5afa449161ff10e8c6b7e18088afc5ebe8e6 18af52847912d7b1e15abb2fbe97614785d3408be0bc8e73d35bde6c2973f9e210fd5818cd50e684669231de8d7ecdcccd33d372d06833e2213b951047d7c583522b1295db20da0b450c6ed3ce05fb9b9e45cc91dbc6ea345c78942fadd3502f100c724413f75d67c56b617de6303b622c1e0893a2127823dfd541d8a8e80a175508faa97a47436b566a863641cff8ee8b3be64300ee55fbff8d97bbed2fe863353432c015c5574268e2085fa63bdb52e9a688a2b751f21d01ce986e2bc27e0c8c703f02582588c3 8a705c8a790025adcf83acee5a2993cf4cbd8ad3fd9da1d447eb102ae7c8c24aa256a279e752d93e88e86bcb4bdf88492fb8889a73ad6fd669a8866b999e4d13e727149c144ac31d733713b97c7c034445694187cef23e0c060303b35b554a3b982433c068df7f087680c9b7d9ef87a685975bad553ef85c1ed9403eb392c863ed57e85773fe71a77595eb7dc9c8cde1d9dea733b24003689eee682042beaa3a3cc8c02e2fd9dd4248d3ccd008c2550169e0d2db2467d33d4ebfd7b407b279f191854472c3fb4d81 823485e2955c4755bfc8f9c2458c7155c98c555f848f1a3d0f9202faa9fa03a68c20cfc5929dc28204192c3cb8d67b34e9bcf3e7f81f0ef748ddc41016980dac4a7784d89b78c1569801f0f7586b65136aef327d29160dc01987b3c1d79287e80231affb0b60e011f8faad033d1d47b51de91d66d74730366b509d14008185befbd5a92dfd2f72a4a27d383b824d24fd6aa5a679b47e462e742d652680d33ca6376ea14c69a2e36997557a02b4ac0b4e8b0ad9d9446f5c5b6cb340e8bfedc2a6c994a116dd3ceb66 cb2335d99afb98bbdbe558acc09e64b992efe97706bc3cc5e7c755f33cfc3a051d984aaefce435f108b639e38cd6f3d808e8e238712e94ac7fc037c13120055706883f632c6bb6ef0418cf95d9ea8f998c0e16b40e1539e5934dcd9c557388b0e7aa05c9da725cf5bbd121fd21286e5ac7b9f90d092c685c63c4f14e1ff037f6ab2a57f78ef8397c649567b62fad9f67d9df3612363ca9ae6ac42506e5ee0328f72d282c263d4894731bbd5ed21176eb19656ba810ecc8da23a112753645dfbee8c33b05f7b4f98e
872aeada96e17b3538df4e7a2d0fd1576bf78367248a3f6973abbfd1597ff34ff69827919d5ab97d28417bb762439e01a6200a3818f054a8acc6c7fee58643ef9c51baed0cacfe92f5eed0cb32d707ddde93f0f20c0eb6b01d6536fb82cd3f4e4b065e89f089ea1a39a2ec45798da550414b6473236962d53081102594a89b239f002a27b33c8cba643034c0d15d6f643c287d5a875f508557304234f3e226c8eff62994f1598542174a222f1c1df42a0ef46e0e7f8baeb7b4476c56e7946d2d91105fb42e5770cc d35b93efa2efba8b713ed84447cf5b7d8984676c748bfd479baf20d99cc486ca5b0e2b676480d97876a9101e11e415938ee99069e552c75deaaf59a957bc0fc265e0e077ac280a562ce35b9f5c06dc6e5642f72955c49487832644588266b0274c0e71fc91977a13c1ffc5fff8a253b42d20c319f44c5bc3e37a3054ac93162ff34b957b6a2cb8dee9baf943f0ba127a1bf28b17d153f21e049eea7d499f0d048010f8b5cb29cad1ff97a6ab344977bee1f9f295a6c73b8926ab2d5be63871ea6d28329f1df2d483 f9458b0e2acb3e31b08820e1750d1051aa18651ccad8861d7fc824abb6b4517fd31da32af773501fc0484d34e924f43704f2da3ffea95253e741f21cc743a151469a926e28fa7eac1f715eb95bc0666070947b4f870a6cf93d9e0c6778f6aaacc3aa8b2a1c0b3a9960588d09382a4f8649fd77047d8599f51cac1ec8f880388428817c92b8e972600a455020b363b60c2417928f84e3e34a76abf36b41ed722e3b09ede1f27851cdf7d28eeef355502d57b7865ab8427507e0a79584caf97bf0f69e49567f69a73e 7827eeed7441620d8be77dfa1eef0a593713763db7e1f573d8fbb6816c29cc2bfabcf3999324ea3f95f4a888f64184b62298d5de296193d1c44bb83f463dc801642c49e3ee5b4b57b065239db5f45be0ee80879a3f7eb4c9661eeb71052fd1eac19f56d3d066456097b488c19158f70e4e11ae13ffc2beb36a739730bb546cea4ddc1282c13f4f741598119f5a35b1d734b72eecc95bfd6dff4acb7e44b53782720da7962a7d97ed73c2c155eba56465176b5a3c205b6d7fb9bf85581910bd454523c1e5eb8d040d c10be5d1bc95ddd23997daf30dd8d85ef1ec62bdf83d4290e9262250857a5ab54327a5db997cf14eee71d45ff91576e991d99de2c28770e9d060580fbf4a71ddf9313fda75f1e3cc5f051dfeac00cd7d20a1be4b8e9ad3b0314c66be72fc168aa482051c08de0bf651d313cd682a91030e2385223e125f44359a01e4fa7aa203e27878a70fc9c9a708e9a909c9834efc5e800077ee7d4be75a66933367934f2f1baf84be760883473c0cbd617e36a3b1222fe4be91ff89bf527f815e1fa92398dbd2845e5e05b578 6056739eae3c87a4b339b5793ce1f39950ea3b55d2b5816480727737d3836384bfeb001085df7641b32ce024c937221f685929a5c85063587bc1e863da2ed52387fc9814b16c2ba299268657ed6e7e260bdde8312ade32338bb91d360c45df8d0d3bd6633ada8eae3a507ddba47dc38e2fba760cf80cf9afb1d4b76233b3bfc0c6e6f2f9460d19c6ea5f1c60c3a849b9e7e8e157dcaf916bc772de81d3356c953f94a1e0cc1379d2fe4339d40462f7720107af230f0ee6478a125556e1ed7bb9eed8edc1f01f6b07 c86adcd8058ebf856cb42e7fef8c6e5adf3ad4544dda901a99de1a04afdaf1177930e74399f1a764768ce0a42a2a480810860eb57ca126aeb3fc8b62824589811643b65588240e907a6c121f41bfd29da7a4d6c46f86b6353d94247feac7e665e252c471beb54bba1cd33a4e14c29cee01fe85bc8d205b9cd28ca3ca4a4c766123b4500cf7fc2575fba1e24648d85b91612c929e756774dffe42d3e4de9a2cc87fb8a65a1a1e7303f43318a1b193b6e2cb9f370bcd2624e40c5f46f36eb1ff9ca97d6569117cc95f 75480cfef5ac8fda4eeca30f90468924c2de6eb7d8b39b25dd8a6043950928742e7857ac0162fda107c2b5f5184ff272420902aa9bc7b8c7c3fae2da32428c0f95a21865cf317bb15d85eed92ce5fe1cb5988fb7e4de1234421850f339526c1c81350a053f41ee8cba757dd6e1b7fa66ffa4bedc6974519dd1f66d3bdf9b6855678f877cd1a74832a4242ff2ab73f40a8e493d7e3e0d1a4a65bcff1985bb892092a15b5f938130c30eb4402dfbae4f24ff23c6025e941ec36b59835fd50845fe2d101007d350debe
310f48455040433efc9820ee786353d9b2c38a28c2066e45d9e027cd1fab8fdab1f136da2e7031f9a50274c761479f0767eab11f4fd6ddbc903a37c751f2ba8986a752479819ad1384f573b5117725192a19247e64871675eeed69db8a7746f87d5af2dcb60c5f87634ef6f9ad38ca92b2dee6622f28cac7498ee1213c1e1a33e0ca5d82c2c3fe0f1e75fc715f3a6e13e36842c6cdcd81510f2aa6351127ec886dd0744f88ff00c9851125499f8b38b80ac3f2202b8b3f46b0585d86a5d4444eed3a918415a2c389 0b27e9734410b23b274bfd0c02455b8c1c58a372c987c5c7b89f550876f4c915a68133a22fdbcd4fda8673eeecdd993df29daeb7b532437bff6cfa7ba2c6bf4553214be597ab50e48fa497c85e9af7cbed6c4d112094b7a445c86b2f14a16874f3c383b84886ef2a1f85890366aae06ae04ba8ce4f9482afbcb93b9c9cbe06634de63486103c1b153f1c16afee998986db49f4bd2cdce1445b568912442c2fdb16398b6ceb372590e0030de5ce79dc2804e13e4464bda9bb0bd56ef14d660da002a468a65ae7cc38 97157800031e88f249f32aa9dbfb23f5397aaa36034908e47092be74497775cfc9fa794132cd081f557f2545b62ca4d61a4fd3cb270c6ecbae5fca0e8627430d674aec45156637e21c824b0cad8579108143a534d8779c2898e69e25f8e35f16fdca193e88acc212662cd2005ce34012d80342945455aa873f9b3b7c906b97a858276617400680e9af61e8f79bf6442159634ae7d0c9f50b5733857c11543521090dcffacc32710393c5ed84a722464f8c0b5fc80c453565b0c8c1f5fefe60a4d200f3144bcd7d9f e830cdfbc4ecbba375764b1e559def3ddaf8bdbbf766965129bf35e1ce5a04194ae08c570de8fd23a549453fda4e0ebe82658fe3ba4942fb714096c2beedfa8ebb66441c7542b7a1eea5aa70691ea327840c182ff98747a80953341319e18b3e5bc023e3836496d35eb7c7b1d162245b4b5fe5a63fd8e25fb9fea5609b3b7da4161b206b4bf818d59d911b49fe7c4619482956baab43e51381070864589eb73d0fa22b56f89a282d863bee1b2ed02229aa1adfe1489e38194155be80db9034319d4379da8762c963 50597692965f28f3088a77dffa35e4e24f9745adb6d5350fba633658e8bcf12ac9b21a37ea8669a524bf4f30872f31b4c0577d2b95e72b368d2386711c8bfffebc1ee45a4d3f9bebc94d1e8de65306f0aa33f37cf5b04eab1ec5ae1f406fa4aa6f67c65bebab18cd668ad9bd8199c8074d8f50e9aee98e0fa2594fdbe84dd0ec754f78646f6db2e1c48044b29cccb1b9b0350e2bd9d71c5ad4116462b9b73bc22eb75abcf862ad7c2bced06ade6e81d8b28dcdb77f53ae1b9b54a06d330431082ee6c426f4536acd 775c5d7e379feb7662fb3d47cdcf3e196c31909e31e599154f777e1fab753d1f145cb0f56037f3ef2e215395652938502e00ca7ba77dce21e4f475e74832fecf9a6d143f6de97cd35b8dc49e004c860410d2bc024a21a38ad40569e19f3386b2540642d70f67094972fcf7a383389c727c4dd7a55576a799551c45bdb0d726b2a9fc755c1c1be1406b3a77965ba5be9fd4d30d5fadf1f2b139718a2f9e31a1e6bfc3c07e765544e85e0b61f4d459418818b2ee6fa05cfae6f379acc0a02b3c5b2bb33f0de0e363b1 735a7f2d9be38663310809b4778c9a1a5cba109bdb6caed4af813a17af9882cb94213edf7117e5c3ebc348940e1f4095970e4744e097fe1b256daf6ce0dbfeab79456877e9f5da375c9ff0b1ed64ce8f74f8c864c0925b32c0eac05188fda7658c0ab3ca69e1c2bbccf5cf852d325c43b428c8fb22e55b5838ee67425dfda569a482643ebca8dab642cae51505edacd00eac32570856169536a3e902917c0c7d10b8b1fd4b7a378831ea3e38ea4d143e3164d8069281267d41ac81838b4472ee14c03b4a5111f205 ab1cba7364165f8a8a8ba22c5e535d5e5bb17e85d95b27ae2fdb923f13c7585859840e302a8499f29296afe9d73193a06e038f2df4bd1342f0a7693df498c9dca68c638a8ae4c9fab53b6359efc8195c5bb4ebd39348eb46be5f9f1ad079ffcdb28ca35e94b129e2d3243a7f31544af6780d015270ae318fc831f03717efec0f4dfbe83f46e26463f5aae64c54bbd8f040b44793fed938405b4cba66ca8b7dad5aeeefa0140e8c02288ec4c9dcd5a270aada641aebada1a2a5d47b2be4f733d7f239e16b2ff45d9a
3f433e64e25350376e392e8a220fbccec18ce2a65ac7e0cfccd52d009b4e9427210bdb4aaab9154d6dffde0bc25e13ea75b197f8ffb82e360afef23a89603d4c8fdd77a1872fe10ea4ae80b0637ccdd5f48594e6bbe3b57ff66b732acd106c67cedc48a40d0087299ffe6c26ba8ab0091779d798d8b0fd33a2dc8d4fac583ece1b072d4afb4b6d1427df125aaac47f6af85d5e8fed9e0eb7631f2494059dd096005dcef52ea64ecbd98c42ca02d486072bca63ba347a83410301209814b9c0c0a47594734b17ea14 202328d22b418db38b29da830b4f751991515ff0c8260a4dfcc501e0aa09ac55c5df81f538f8f0b406753a0b0358d7db94e2a5d3bd0fab8cda2d6ecfb0160702c3f1efbf8b4ccbd5dc2d9f3eee48ea41a2ed5c2327cd40c04f2e6daa5af0a102a17ab9f360dd4dd9fae62dcee8145de27acca94f4d060e7e9877b89bdd37b4d73c183a425843c4dece8e0f9b67020595ae567c68eb0caec8d17ae4a1434b2cd12802dbc7f7f4fe6d6fd6ec242b658bfa7a19fa5e59dd75100b82528b4ac2f8a122eb17e0e3eb1b57 c38064e91d9214ed81f2d9aad6a8ebba73a230ecada8f88b3b72d99680a6c541e0ea0b2ecaa9bbb6df4ef7661d51c6fb80cf99adde04a1b8aadb6892cda0ebaf46c2b73d03e4d14dd763dbc0cc27285d2fa1e8936b10ab8add3e9db0e14f7abf94191f6200766ee250546fdca16cf508e93a5310d5379028e0ebdac83578734e70335764af0bbafba808e3664d60180b3c1d31abc59c438cdf9c53603b5b7bbb4c282a98bec7939ca8f6b76cc2a94414b3caf1d981a08014295bfd6f1cd3bc6c7b71c2e56a120268 7c4439b7c0a641c212788eebd7851266c320016b9fbaab30571d8275b6108438afc82754e4bee572d434647b4c0cbf0c783d6838e41d040447e2fe50fc0d942cd231cf98e62c4526675cd1398d069edb3ea1ca1df56133bc48bd5c2e19fd4434bb8062dd5247453e33c9691b7def47f13478ef0a8bbc1d0bf1deea12f931095925ad7a7c14c9a8499b02d5d2b0f3689850773585671e5c2009227d5f2ab7338758d4e12f28517f392c8f7879ac5cf0d8dcc1b6d316da5c602b99142e3b78b9d33528aeb6beb9ab84 c9ba2217d67cee08b598f730bc867a256b466ca9425b6a581b12723a0be8926b3708ad7d04a502dfd3dc97dc9fc801bdd6adfbb887e6ee9f70bee41bd99905c0e4a3fd505e8652b1da44fde4fd94f8f3ba395b8cfd7efd025b1475de2c387a98afaba5b99e6d49f4ff4370af035ad30cbc6119b449dede280fdf285cf37b2b2612be5beb5da53368daa63840ac615d424c3eefecd733c552b3eccf9fb020880847ffc87ce8d1f1591cd9d644ae5c2bd2b0de5d8ecd963ff7fed5f0ba634ea399e5f1b31e8b22c703 c7b73d10620917f02531f30ed0efa5f8944ca2bf2cf96d7f269e9aa442847bcf63645ebbc59d478d5ba8e95ffa7d27640c238f7c26242afcdfde98d11c2492e8d4ae2906113739f39a5fdc394821ef5c2c85272f5fcfa162ee8a385342371ee980fafab6649bbb351ad206e38a9470debfa664625882fb3d4991c469459d8a3f949d285af85dbe169b7ddf7c3d58abded0ee8fa508b8be6936f7de0cac108aab3efbf16828aceaf633eacf5a0b00cfa0582da3d0c24c159098f85f07b302f1cda49a51737b25d6f2 7b27180d62dcdedb798252b6027ad8faf8a91e03e20b2185ef1a2ab6aee4bad1a391e0d90c864cdb8902118361b3a9741c798412180e019834a7d6b2af5e8828f58b00ce812ef16d91d0007015826a969d269b4f00be3a1b143307dcd41e7dc8540dfbda1d29be3ff8338de8d3e7cc22efd4d99eaefb1e9e41bf4f8eaa08ea93cb570aa4382b1fcc36f82d26cf631b6434a713fcf1a97128f32b79c7c1a946187d27dff9e41fef2d8e2ecb85a65a9d0123a5f24fb7abfebf0b107dd130a6cfc6f1716a0c65c7b466 678f7e8d16e1aa2290ef8f2d5326a8c38ce1635ef33c0f6d112f64a996207a8e7286871709cca3a03885693cf471b0ff77d4ee9a4c74e838c20588c561a7be87e3fb7321a023fe1bad8f6a82cb3e89db19edfd8b8e769c52a8415fc2d411f7323ed9cd929137be7e3ee87b46d21f3c5ac3198c971c2d7f069c2f2810b81772a07e302e4690dc2e8afa764503e5987b0a7b0b98dee7a280ef64fa6972a2cae21db1de754d049ff89de2c4e4c0e0bca38d5c4d601232fc295438402d991abeae07c52edbb6f04cfd23
a0a4083e5866449bf1f82c4b222f7735df8a361884a28a614865dddbb2a9fe9c0fde1e9a369745d76d655729984b245f6ccf6972eec359ece1f95149175063eb90948f24fa0f05e0db8497b8e0aa51837dbc307a33b34549e690f56e6932020dab38953c2103a405bfdcd78644b87937cfc02eed7e2cc9a4b1fcb1d648187f9bb425d68f0b53b433d03a27f5f111ede8d1e72ac1357e128df7c19de3604d2d17520bbe5ebd43547f3d9a2946cc1a94d6384603dcd62801955769e240426477fab2c4b93e350d3dc1 30141dee77298d7be862ad7f8cb980faab516fbcad600bad1cbc0a3f317d538a399b42ff6a6ccf14ef1c158f20d7f966afd1153251a47006393bd5442c38dff95ac43f344455521daa4070c9edcf6d07e6e398f3e38e814511f21219549513e2273ef24756698fbd97eb8ecc5526682d01f4fa580cd87d17a4b453a629ff641f34558d1f8e16ab09837e6cdcd13ffb3fc7980ea5ac66ce638c2ca26066c9276d65c06d83ff0896018e9bec8185785b770e3cb666e8e967b82a4eb904e0d7dbcf28896f1d6870ced2 f71522327b4b87c0d69db01a329eacd9bfcd2f10b91da15b4b52207207a78f055531c75319961c7d84ced2a3124f3651432cc53fe1a44cc8efbe337d283538f99603cc221e74f59275b57821e1501e2e409d85d857fe2eb3609008f4283e2be47a1fad01284a3b12fb2d11d1739b4e0e39cafca474ff624ac4f62edf49101f7450b0b4a1e4f768e51cdf800700e01ed8d019c2c5d49237362654ca02a0388d2c2a3b8af7f6e0dad9e3268ee3ba15da2d14b6972509a93dd6df0160787c477b20b39420ba9149e0a1 5bd029935de1fbef58a7cf612acf8a3be896a3672fc17bcc005e77f12410d1afffd0658efcb254865b49cdc70b6046cb97b268cffe539df0ac17e2a43e31fc084ff1f65f6468346070cf000b9f1a1040148cd91fc3143020bdfcb24220c9adbbabf4e0ebb7d776d693dc80aa39c23a2282e139d4a958ddd9f23a4d73c8d04dc26f62552981c78385ea49af8c3b7bd9b6bd21483dd3d6ae6ae797b72823b086a7e3268bfe9cdbcf799bc33225944e7694da2e005c5d16cbc3d2a91cf733ff46cec4f6b0c87c3ae0cf ebdd0ab7e43582be5f3416f782790f495706b539f4cd37b9683a58c0f03942fcd0dbb0e9b447dce2d7ec641d16ce8fe3aa72bf5b59937dacf0635d83f5508a2d9208488bb149868a4a80765d5221ecd779e807d108db3790c4804f042f7cb778c28dab8d52a1fa1ee80745cc57b3443ad6c82ba145ac7c9e2dd22d164d728e0af24fde856ad4fe19a56b3444782ed107ad06844fd4802644d27f6e87de793f537bfaa63a6d05385b9d974129d5e0c74712cdadfdfd1918d83b1acf36144f246e22717c9cb566ca9a 02ef794a593ff1694d4363111f3d129fcfde3e1ff6a75850617f517b8c0cc0fcc2fbd5150c46a2f2eff770ea47654d3dcbb0b65900333e91b63465ff2dbdc0eba49615f8d5b3d13ec0d797f46f1135330997dca6d5aeb0ac3e78c27f06fbcd55e067c4326af0b27fdd2b86ccefc85de9a855694e3ce9f5e6a80df67379bcfa1c585ef6b7165302fd64bd556dde34586470495f4bc7b2d60f09750b92fd41d3f2e9761968e1b98018e0129d59da3313b7d82007b36ca72cbf153b8e04bae039630c01c7c46514cdda 689347779d73ae5c075cf6f7f877f9282c7c184b181a9cb1f77525d9b38cc08fda6238ba940a081875ea4d9dc7ee8a9ea5f557f4d0baec1ef99ec5c555a0b55feb6b69baf1274e45e90e4a3fb4aee6ced732fffbfbc0055659b7a5b824b4c87139590e010b6c246dcbc30d57221df185c181ef69600a4b62746645d4308a84d187b3cad26141c65c8a44040a15fd400456affad36c4490d046746ae1c5fc9b54f2163f7b429830a63846493e4a45edc0cdc44b6ec2afd49efeaa3700c1fad3e57234085a2502ff00 4625a3f50070d7580e0ad4589c7dead643025e3674db96f6d7a6a913d2c831d462064225294948b78179fb5378f9a853eac1809eab42f7df3269632ef2195f1f0bd31d604dc075f79a266586b73721f94988b731c83e63a7d72570c6972471c6c50593927dde7a368ffad13f9de54e13e5e638b678a8e179be56cd1133a049f5f70915eebda420847f41b2bc5f55ed58daeb4db82ed6c93e0dc1a7a8f6195be313fadd42fdbf116926ded56a5e22ea9bbcdbc1ea731a7a7c141fb8e8a52627ea6db97f79556c300d
3ebb56fc3df366efb5cf34f91397a3a889903d7efe6e666475aa6169bfb59854137ccb3c17e8d77ac4f52a0fd5592d20e16a65ffd7e2ff5eb059f5512d9618af1cf9ab8bb782e4e6c153970d23ede4ef1762835684dfa06f5922c742c95efb98d8dfb4fc78a4b8a9e43b9f4ce2de2b3fae8535bd34beaee2cbb55b08a6fb006216af91f5274dc26625d4ff12249c22e3f6654209ba2a140b1a810394173b1f757d6e37a29aea64bc1bfa3908fe19d01cec47e84f89b12650e59e6a9c9813079f5309fe197be923d8 c1cdf08413ef152ab0f3baaba62a12cf8f2a2e5a8b3b9bf8adac6ae6e230f80841038c06218aea9d09041eee41210a882fc258ba2078f1ab9438389d8b4d01a8c1c829b7e5d3b746b0c07320263b1f78de275f0491468868b15ebf3c8a4f0878e7321d0590c9998b18d25186701ec482f0857c764560470c67d2108be6ac89dfe773a6d8690b70be80a85517b33edcc70c606125460439b4718b5130037c482498c836726eed120014665215c34b860ceb733b4600123e7027ca4902fc6cf2d5650db3f96248dbe2 cff3a51c5edf868c02ce4c6e4fb1658705946346f9756b110dfb9a16ab034e8c464531f18e8fc3cb3bb9d3dbaaa5ec9240009567cb3dc2d7bd576bb91b47b077094466675cb6217522d4faad1616be494d9987fb2cdc3879a1949936113b7f4704914f3731ce1cfe011dd2e070556ee37673263621a44b3502b732c52214d55f0d4a42b2c8a87c679f4eb356cfed4a3322fda0f319a66c2b1f0bd8cefe9824e27128114532eda5e923d4af2168fb6e752e5c16b62086cb2380dacad588adf003ef1acd4d81a8c180 082d0f48d89969f080fdde94cd0575db75169a1d1ce1c0daf0b6252d14a7d1783c42f9badbef1e44bf6f6b021125d8b51b279505869c5659795f0fdc3cac2f86f560e6a23bef3fb9551bf8fcfd50a0f841f8b9ad113dc674c5ec049bc32501b760456151df4b731160b13bed8bdcf4f80454d58712e63b0e17715dd6b598d1ed9d2348e23d7d812f8c63ef4e6d749d5510f8eb34b9ffc51f435a56fe8a364b88d9c2165350cec7c726557901dabd48d68a0b9f5d81018b81b63adaf50ac63af4a712cc3e14501a81 88868151b5d42d98f3e1ea0ad012ecd68e8d1f87a73349f446b32b07d09efbf9a53528b65497724d2db6c7ce716a34fd8bff75e6e27eca0f831c669bef01509928a3c2731cf6f9670a69ffef46afeba00797fe294578c8ed64165d8bc7c7c1e5055533d3a42034b0296195c1bd4015e05243e278faa86b9ca0ed7394718653b1a7336dd369c0bae06e9e1bcaee70ac91a10cd7b7e646fb2845beee3b293ec8fbe7031021d38ff697a978b9e64a2c3461aabe24cb8421f622b96242ab3a70a6ff9f04a6ba66130dc4 ef949251c7f68c9edc07bc86108a38caa8546772f016ee48f645b5a893a30b4bfc1b80ab4e7ccd49b041d68ce66a8ff81a162c320e7c025a6091c961467c1f03a24728ef3e1c5ff69069b187b52c2304d0d002b778132311d2f76f83776f1043cba8586e6c21f41c79ac4c1c1ba9f9c0fd936ad6073d6caa5779580121a2ccde64b0fcc44a43f8417471050a9b3cc58b005d39998c27a64150b4fb809ff46c79f2cbb3d94db13fd85ee774e9807bbf79349d6df5e9eb1d7270bdc1517d02288e4511341329eaa414 9247c583b949f33ceba48f4f82ece7b06dd60727ec7a81a65287a26ad4f0754c8c61f340defde90be4b0418fe679d3eff9a108fd5710e021d848a4d50db5f5e5f98f164846f8c36090368bce03a0809495ea8dcffd01dfb9520813188c75820318288333e40ce2dccaa9043dfa629f3f97fdc0b155572bc5bcb1a1e90c9a53f06b4f933d6d7fea76a1ded34c9b6b6ade202d247bd471a5aeb0432e76fd1a1b5686314dff3a7648ed0d4aad7059aeb12313bc9d5b7cb46b041dad2ef2187e4be1daef00f391d1d571 cae8f656c5ecb66011b88713e4c1bada148c9b4590f7bff049dda378773f9c60773f7fc749a8974e13c35b81e40a711d057260c0684e26988cb7b8d38f57e8afe728acfd5bada3316c8db1603884d370c3f919cc8611e4487985876cb5b48df9833dc022d2ffd0413f071186304acee335a9667f94966cf8743ee446721c75286a23ad1f67af79be3969cb7a867bc2a34a20dab56631747c0f86c48207966718eeceed0d3f8bcde0cc811cadd0a87d94fd52b7d35ff0cbcc885be0a25cb6b38ad6862e166c3dec0f
7fcaed68c97f17940f3998363a7160545734157a72476d0e0ff6970fe0abee524c8ce7d72609b1303bdd43f3552de4b94aac338f9a14e23d3c4347145efcb80d41124784c71931ee852ec4d510b1918d5f34e4c8e5d19eb0817ba79f15f47397e52f004873ff70f6476f5e216557027253c97696e42d18838c2b3da6f5016cdaef5553622c1e1bad685264d486b4ce71ef6132983448637745302bc364c917198eb5bcea98003e25469900e3f300846d06a57e1a29d49bdaf13b9967ab259bad907118eb0c0a2723 8748e2073be3cadd1a470c88f0cbec45b0b09d3f7e8c593720f4c61d619792927ae62cc4f6d474bbccf48d413ca4437d4ab3ae15aefc07f23ea56bd1ca8b569ff66c0a8eac5e098c5f6a09feb21bb6a16a72df026b5b30c092d361a328f2c64cb95bc734a72d0a5832ee52cceaebd2bdb3e0dc068f914a69ef3c4887db007f57f5c8e482b1e747d8a30b389c8f1266146ca59e0750389c2c259eaab3ae59b85c17d0e5c9098129cf38746904881ee54546053f40480c48d46949bf0305a59b62557c701abcac8cbb fc77de4bc5f50b8f7af38d4a1a5e58be358fc7dfa5bef358ec12dbba8b6b3de313cc5975335ff3454555965ac8d4ed5fb7b4bdf8c1e2d5f4b3b6b88cf976b906c219640fda46f9b5e0327ec4eaaf0cac3dbf73fb571cab7a1036632da54575d15d05896936a80113c89aa267745cc84320c1fe04b822e99050b10493527c06dd0a51649adfda192f576917b4b93b995db64f072289c9a98e025e853e29bf07c14376941db8fcd429585b8ff38a770069d7edd0f565a368b8f56a8b41bb52c23cb0dd7d0b802d1a08 77486821e41b90f1bf28753458d600f09d2566f2be449942a7362192b0702edf961e2c967af82e43a63f82c97fc9c9d0a25583dc2e577deba4eab7343c5cb4431e34376cd5b1a549788ba782caa7cf1744310a961caa743fe7fb258a92de2535048e597c71818daea455cb79926495c584fa827a8bc1bab03b3a0a3c706f6fafd05217803ff363297c732cb8011e791bef603890b129498890b431eafea5010a9c5cefd352854e16ce6dbe0ca6c6051cd6aeb90a08552f836734f99710638f9cb0c0c7234afde258 bd303c30558ddb0070d704b2386997cbf9f95f170d1e12c57be0b1d3369995b4d56faa4bd907f1195103b2451816ed8ce0c3ed7813ef1d4c03192295bcc158749e0428c9fbcd00a78aed1f94efb04beb07fdc6f9a0690cdd620555706daee6b60f77be832f6aa3decf39f46426d3b8e8f8d831ce991cb5e27947ada4466d4295c3134fb4151b2ef09a327a2df4cd320d4a545cec08dc7c54f6fa23ae8f2e626c762b3770cdf97338d8df37617308b91415e2c5ad7b9f0b27bb4818b19aa093c9beeec8b61f703a83 f91dbfa30004cc1f0390f5aae78447a9dcf86fd6dc7f124148e49fbc2aa36681e3569dfc895aee8d24fd3bbe308f5d656cece8d532eed9172e2f25af0535ec1b6c369f72790c831ad9ed181cf17c13765d20f582e4c6ffb9671b3a233096bd2d9d641c3b395d3a9a5220af9398f809dfb28f76df3d6d0666b71cdadfc2ba0752b2011878a4a478cdf3d57adaab758afcda935760a7fa25d0ea5d034513662adad608c8140ddfbb41a1fb765f1bf0f271ff1b56ae7c0423cbc18137011d2e3977923d43f897b331d2 d32e4a58e2d11079336f9c2d9c06713c1b0d9bb39abff19e7e64384cecf2e19aa5982d80e6a4c8119be49f28f6f6394cd1032c51cfd370a0bf4d3d4886bdf7c425342070a5382830b0311a9e2cb69e7e75a6d6be985c7368d5ade318fc6149c1dc83d588c06d7fb1ee9e87ca1c6fa3f47b4a470afa6947cfd4dfc4a96c6f497584a988ac96229dc09615fcf1e1e9b4b257cb240d62f056a56270dbcf02db56cc88503c01ee4144e6e093d0e4873b53efefda2f6e2bbbf8152c6d260b1b4f2e94c7a064bab9465d0f 24b38589131b64bce3cdfdcfceefb45c106fd1618b82713b4800a5c0605a8fd8e484009cca556aa693938988c66bb7c47dbb4a9c24d951a57bcef8946414bf26d73aafb07da6aee020ecfacf11fd164606213ce9ff01f5fbf9c840b8534cb7fab0946a5263ec7c8bcda2fcf1deae5ff05abd5dfa1236d0bcb697bf1a3d7e4aeaf1dc0453826df45c0ee5dd2f9aa88f82f3b59202e579125bc385cd2ef4a5843e86ec2da067ab3ac5303e10e7d3bd07893e0c814e0043e8254492bb185ef5fce30109457451a179ab
6a2a3ad56175d9caa3afb80bd4c10e5607d7a1e2f66b09440adee7675ade383442f9676fe295941cafa843b878af490e5686aca8e8abc9dd52bd874ba1300b0b8de0628f44e6a705c2050c736f327cfc49c6486ff72ba732ba1c321dbf37873cbab50cd0127ce17e7094821c0e53915c660d041602ad488d774abfbf33a1b0ec1fdaf45273528b7a4fe176382e05d452ca3b92e927f47032d5b92f8d1aebeda9a7f9553a2f2a836ff17ad39e3b273b59de85f2b0eed3b3be63b3f69eb9934ce7e2af6a58a409bb90 234ccf535cfae1cef0498ddcc349be323a41694a545358021b9b170a1223542a9af238dc42cf9ed7240997449a9e5ae2dadb62fd146ed54836469ab52e5b610ac37380216a8326874808adb0ff7b3e3be0c7fd2482a70b6d4548752bd756083dc3838a4f2f1d886d3730fb1d43dd8ff2a458a6affb90e3343af12142761a4ceda8b37253f44569be979a364d6ad31fc1123de93a043149d269dfb7e9a7f8e8c3b97b3987a856278c82eea86cc8aeee50f1c39648189ddeaddfe4a9ee37bd0ab8c2862c262c0a00f9 7e69f95f7d12ac9535e94f272aefdba2c7b0d80e7292bb95cba55144cd50aac0834c49b6e3c738f100cac67d0a7fedaa830a5039777045206bf5ef0372c1cb3637f88795ad4986fbfffa250aa800eea6cd756b4ce99b1e1a1812aecfc3834bcdfde7412606c57c75fa53e24b511bfb43d2eb98d6b9ce050911a9ee3e68b4556388426ea957d98b358eeeecb78a1107baf20d84ea18c3cb2cfe61f2b8346e89ff5976e96f17096771d539c7390271afaef8e6ba2419a323a995c31a209fab558268d8d800d7d8a78d 05cd104d15b877b361b57027b6dda03392ae486c944d447b10f3044c02f1d1d8d3f27d3491289b6ef7c2072bd871a2eb1fa48d9cfee71bdc887d4ef8ab6a4f8374dd8b5e0f5a8c5be726d47108e6249277e1fde89e0c6f4c5eb68e486c7d1bbb5ae3a5a986e9a433844d7ca7b831ad291b777088200e8c710440ed310fcd33968d7f81182705f6bb5fefc1025f42086b4d6578d6cdf29ade715160cbc5865ea38b06c33c8681381343d4acd8ee41ca4795232cc01ecab4aea3a58bcf86a63d9564613772cbc90c8c 9cabdcadcf418e4b0c963d56747b7e394c6eeabfcd8b9446a9d3544656fb14cf22c91309d0c086c2d47206e5cf089bf5e794108bbd2c48541d259db325e8c96296639dc213bd55587005eeb6085bb9393d577f6a6637a35b06632a00e52d87e52c141e31424cba1fa3fed8142eca320e60d9b26aae81ff77a7f5c2299be62660d2942af30ddc03eb384541b54ecbb5f87db8501d1e532e7146de8b624c1c78cd226a21ddd1a93dc64deae9b6c3260ae65e72735e2c24092191a2c91205ddf84c50686e1c170bb845 a3151ed49f0e2ffb928b72af6c6ebe692a8275c377293c65e2575aa9a488342d10b41d81005bf5bbc1538afffdf070da8cce7df5356ef29431c720dcd9a25bc5bfd5d201f4ee34b8053035579cba825a79d3c818939f1827d1b6efbd0c7fe6c80084d010c634301b6d141ccb8c12ce5b8541b785cb3e8af2bf1f778e154d59524e034c39664a7f350dcb8d14e95f1855e7bbb64047b4e6c9a2de41bc9653810933ad50239f1e3d9cc68d4d1b873b26fbd1b281ed8208fbc195177f0782cff9cba5402f11fb4a3949 e482bb38b3e7659db381860600197188ca083a7159d0f40cba5e7740f4db8829bafd51c24fd11e953d802af44327b73885c84be278193941109bd9b216c6039652365e6222bae7580040394c21b3b5f0bb1b4e6730af76f866169f73644e5c67b9afd32403fb76a576367ee4ac54383debe026d3aa51ed9c1717e45312216c812345c52901ad8cbcf480036d1ee4e41a690c0155117a02af6d3d4c0579fea600f65bc2db53ae2217f3fca410c36d2d76c56ae30ebb672fbd3151266246db0dffbf5032aa63ad9199 8c84043a0afa95503f986cdb1f8df631090934517e51165fbf4c3c686913e10b011abae5ba3223dc183bdb3e0d01620390f5ca4e432b836defb118b4ccc94167de093e14cdcab9d609d0d2416527a16631d7ba61e2511ea4bbf505a22fa13c2eab1b72bd9e73f386ba3f07b466ab6bf2722d668dcb0c0ac5a4ea36bae3b20c20dbdaa55e78cb7e8198970830a5501cc2a3b2c8b8aa7b05437e06dc28609fe388b5446ac55d119e1758c2def00eeeb9d433ae8c9fb86ec824b46a579dfa1669d5c5860644f151d40f
221aa9b9e434ae4157ae29c6e7c117ee7adaf62b86d564e7bc60bebdc565452dd80120f9e01ad2887497c2bf4033babd851d0cdd4dddab2bf71023fe3fe102ae74a17063e7f73a5ababb130791026fc5346c9db53eb5b9778055f20efab03886044a733679c77ab3b33b11d3cbb064fa6677f65cdee6e5301336528a1fcf657a5c25f9609250935cf3ec728ccf5daa08194b13f1edd704005c5fa7d1a54595eb1f91b3865c06fc9261246748226c60937dd2f8574d4281905da741d0fff76d8bd1b4e56ef8408b9c 23b0acf8b87852b8fa97a75e4b51f5933b38753d69e656be8a6a46273b634aebcca3894c30f9c2eeedc73bf55e95222a5e05766f49360724a3286abb6128d50e3acb079442c89afb478d7a28199ac1397ca50b066b98d4904b715fd6349be59b91ecdc94050c8c43a257e02d195057ec1d8526d8bc3da526cc4225094957c222ae58e90d25c41cdb292925c6be5dc1198f20e8fe5d0ef33f9a8947917afaee23e9033a3dce95b6ce914401c427066ed3a9668ed01a7efaa63ac196e7e4364af3ebe9d02be1a5775d 6b25513a08abb33af98c5a32143097142bfc79fe8578e291314f4ca01ba791731beab3c54e92cfec1bb11443bea200ad9eba9fb36f23f7c275a6bd0966b2c344a3116a9480eb99b78df9a5288ef68e6b755fdb49bfca606bff9602a514a04c3393aadffb7d931b4512d8970575fa54ec5f989ad186238f72546aeae971f23ac72a25da7f6014fcbe53354dc5f46fe8af4888a2412752a427a32091d6c9fbacfe661d386554c9e0ff5ca8f12fc9ab4ee289b3392271e8da97be82bde386b14945ff435e1645710c1d 2bc1a5f8881a45e175c0d2736a2829731e91675980c1dbc44cd20e69ce659eb9e91ba3f40fb7ca6dc03817c8064cf08c3492346e961141cfb7f5ec99f2626486756fb8a6a1d515edf11eeac651f9483dfb26cfe09cc5692fb5cf5fcb0b009d5523f774f4dda36b431057b8928ff2eb942a314163911253f38a67cd3b075c843be9c62921f30be9e80c19a417d1ed2ef553f939d01dea5a01e3eb28f54fbf1871611177dbac822071f59e563248bf7c880a0ca3bb0a934fd7b8450fcfff714f09e89e546df5896adc 04517913b67e20d706a3dbb8f90673a64e1db41e9c7f23467d912efa632577deb62229d8508836af394c3835e2c89bf369650ddc3e2b4faf2076f883c1fda304daff54b750add2fe34d4913862a341dd3980270841e2b3900526b69718761748ca7f10480c15eb75dad6306d974181d8729392326aadf68a5dc0d36ec6b3b818794473c1ff24452ab5e45e7f68736b7433d6d532b4f8003ae53a38fd272ef9d44e7c001fd68a20bc1a02f394f19114eac60985b995b0a21cc1e0c4dede3fc8454c5d13215327b40c 33fcee7ad8edf478ddcac858a8bf75316c2862752a869b9cd612ee17ac58d75b463a35309de5254d3d576bc06b1248ca190d0910dfcc96a04bd2e63468bd2a26a47b27628ebc1a764f1f56b4405d10a9bc13644b3d56048d7e0b86988432ace1276e2f42bf158b24c5859ed64a72e594ad5685c37e34b2beb91c8311a555b40e35e2d258e07d3a5b7bbd3705fe039f72dec36b5b840fb635100e9e089d9c3903450fdb67409cf61d8948e30883d7c0906432314183304e7bc6506fb653e9e30989881fcf74c4a82b d0151cf3b953a1d32b91d13f6788b01c6ca9c6b0f592f5fee0e3bff348861367f5de37908ba6ae8926aa84306a3b63568f05d05cdf5ed1f00461c10ff63b62f75f66954659090d8476bb18fdae73023e3821d7b4506e69b2a3f6f24e703baae4cddd2756c60a2e53a720b0993c163e125252f58355a9153c96c6930fbb75f40d1b2c61afb40e3d4862471171175ced5ae8096e08626a1686973c7d7eec6c37fd49ffc564bb9e616997a3ed3930fdde1ed37712f4321965de152b37dbd94085d9c968bd7d9100efb1 1a49bade385558ab825a17bf1fe93a81ee3b1a422d8ae2789dad484a0c7470ca1ae3a35ec28ee525ea115864c648ce8b2f3f10c7bf3f16d48e8cd3acab87eebe8b912515591426acd4690c3501a005f4770cb29bdeabaeee66b9b91d4055aad271f25300fdd2f9e2d600f8e7faf6ffeeb365dea2f68d930fe2e50c32f76218300fc7e3fef397997f02034bd4bac0449c61cd6ea32179082d6efdfb35f6c688b01f3d68fc41b77577aa19cf2830186b16c17378435853596682ba71f98342d00068a1506f4cdfdfac
d33b25cd88823a1a81a75856ffc2f1b92a2b4b25af7936d4ab78e985bdf0425017b45df69e7eadcb10ed531cc5630e17f2a1072b73f812b22be46162d82a0c2a4ad51ef7442b00eb1763bb618bc7e6a62782e7d9112566ab0c7ca583198d0463b425b3bc87798af6d9820dc774b22232528a9ee2f850ca26a51bdcd4c4387d9d6e2c7aa956cc439a965a5bfe4c1b3da10827a8ff69c68f7f77679aa5d351ddc41507ac6f9e3524cd5ba2470609dd295f71fe4570a091f67320c75c896fa6c5f88c6427dc6573292a d07d22ff62262e2ef144efb6ae4b7d95aee6ade2ebbca117003a9fa7ed221f692e32f33b02d09819d4a6bb7dfc5108491f90771f977cdd331eb2dfe37d4e29213fb9163b59d3a429f4850f37ef522c31bcac5755dedba5fab257a315a18be8eb0ae9fc43e7664b3dca7fe060cf4574d41dec6e3ca390c0545960a46abe064e89f07b6531ee11546183e51796847f8225bb08b261650b29f6c81e62000b4f7310e672f5074f036152f87e17568484290030adebaf0f2a6952188c433e2414069f950579498582f8ee 2dd3767d05080c89350429292bc4a503cc716f75d39df42bf8f025ed3046036d9567e775e8a0eeb06c6f0fdd5310c234d1cffd2c4758f49dc9a2d4c00409419e4479c3b0348791fdf5eb51d8e042b2986ee16fb8c357133e8175201b4b3ab15cd2bda9deb1fadd667ff69ba10b3c683646eb1aaa5846315477b774138b7a4095f07a3e21155859a6565a10df09abdad3a6a103feb486a257114b83b8c910659c796b3e6fa09ada28c05cb37e1331bd9307d8095c682d9c6b51003916a338852162872a7e834829f2 ec87e5e913fdf4f9b7b3ca21a15a74511918e80c185af963cea56889e8b9fc5b9fae04c91095bea65513a05a77eaa3a1ec71d6ca370a8b77ac335e59dc8b6077b1168602683bf390b9c1cde578a8bb66c436fcc387bf08b780773274828aff09a3c5a8ae19e20e55169787167dc931b6ff1cefb409a8a9a59deeb431fab37bd2df00fa87a4257920f5543144f2bc11c35d9c7866519142c6e370fd64af4b064aa57194dfd6cbc24eb2bbb515bb08014c7eca033cf19aba382c9a1ae4f835caed9d79965181301ed0 d2461de66259886d83d222a4d781ce3af68c86e811a7f567449d177ba72c9957a56d105fe086ae9c066744cab41183703d2065f2783cd6c45fc2852f6bd20e9c1521d960587136421fc789434660a5793ccbe7b46b61beaf79c44e12817be6790b9528ad2a6cedb761e1e41cf540f400b60acd27862f7a919fd3d05d5f3ca88772afce874350a5d1095280486e744c7d10de54dca26208459828b1b66527488e908379f398656202ab747f8319434df865586f00e7df5cdd70450f72a29e1295455886ae661ce21c 2023a3649c061628138b1de6ff9b296b1c061081f36b6ab3a90597bbbf240a4903a0d6e3102938857d7b8a6b14e644bf9f0f682f01d2f81e6837a0309cebf582411752dc3381e1e5f3daae721e94906097bca1e710d4f92cdb567d133ffbb222cac98f547b27fc3b472890df81aa28a69c2670a9a4119a02d57cc62c28154bacade36b248df4f3f2e0fa7485f7266fabf21e52f55c036d809054bfb5def6c1726ae7198134de4cd4f2fcaecb17b49b4ea5b7aa58d94feb9ceb3398ce135d3f741490a219944ae892 b1e1c275d7ecad68c1896e4c93c67595a758dc62b2cf92493169ce0a1e4db3d9894fb0a32e21ad35b4473c12244c010d0d509656593d595684e9224bc8c2383b3d68b0f2596cf6bc4ec3b87ed4992f4a6fb37b27bb2b44cc52a013147f4b3ec7c53cec5a97dfa9fa67d0e1dbcfc4e2540873fcbfeabe227a5821763c8b2a0e348049cad82e450bb9e1c1cc3ca02fbab6a14f78a50439062c98f9809064be0fc1504d9fcd69ae827cbfe3249bcd1ca5467997ec3df0e539acf18564b6408492fc05b9b522e1610814 0051b7706c5a7f47fa8dbea900bcead4cd29ed9ac0c0d819dd45beef8358213eb444463a7974d891e77232e8615b73ae7d14567b3b03b182dea0edc18e1413d408f4df562cffd6b571c9b50ea7c8993f36cc65694f339ac588ae68d4e14584855e2e3c0c7b014452a0404d27c88ec22ce3376dd4f630a9329c7501180bb0d97851c645ee25380ca12f11cbc47c552fe4b931db0158ff51a8a31249add613d1bad28ce7cbd689afae0a950f750ff97af737d41a253dc4f705b05464a708e3637a0f2788fee6badd90
a402d495b01d502ea1e76a97adf7799d8e140fb0e4df601d41521dbc86e31e6101ec9327515f91c2247e4b408b258c5a0c0f8a630ebfa6d7ee7fd6ccb06b87d81f2516b2cab5ec0070b046bdd4e4278f6d5ff2d44b556b19bf4a1ecf8854f8e8bf1ed881453b86a5232865693c75d855fc613a9103924ec86684b17f0a57fdf3d758a31c3a431a076bbe15c539378749cee28bfe5f83a38ea83891601436081eb2694c70dd5b71bdf0791e9bd300d596f93ea4c03a2a4718dc8de4d03f1775727429b269a2981150 917826155e712742d52254d90e61a70cc97da78341b35cf58aff6974ed652d6f593ef658dc0ecdf41c25bb3a3abd3312ff4f3a51924ff072a8e74938b40da5389a42c53dd002abaf10a8efcc34d0fed2c2b94c62db482c0a81eeb26df577810833c058d58d2cd32e668a4bed50d4a16cc1c3ce8c2f77c6a1191e65cd0503ee3d88d1f6f1f2f3a4354cde14b03aaa5698bf242422fa844fc7916f970336b7c1053c4a8877f713448cf371329814cb41cfd738edcf9e08a24bf6ac85efff4943cc7bcb2e0a7430a10e 4d42a3f1f6811a0738c1c2eee1e43d3da03b97d7075f282d4524b80e59abc76392ffd503e429f78cdbfe7f4c9faf336a534c9228657c9f54db261ac617b970f534701fc7c34352116eafcfddb159d963bcda1267ba7f4a375a43d29de02ff0170abfa1ebb6deb0f68e2cdd2e04ddc4bfa55d3d3879af790d06ffb73d6ad96f13f31a48b47fca8b452dd75951cd2a6b53e428a464130815395f18b41aaa41b019635bec2b8f6e4c8090f39c05d5fdbab51b318e15aa4d975bfd9f4a13bc505e27651060186774558c b237ef2b6afd1869650b0effe37ccd336867ae18ddcf3519187f904defa15ea448c9db7d1084cbf3844331f8e0dd09e03c08bcca47070ab57b43bb9e1bfc559eb653c586cd0181dd634327e00ae5e98ef57df47434100c16151dc900f51cffa9d9e3b4d4d8b2bf171c81b76cb6126bc05c9d4b3e53a53efd4511b3529891bc840cd5427024e0e854aff7b2929d89753e42a2bc7dd85a14d70ed795314eeb3a63e1a161dda8f8bd599f2fa64568d8327d0a0747794d2fc33b219c4af8ece77dc0d139c8cf658c79f3 f11ec44554cd453f63447bbcdd743f7ddb0f450372def12345e4fb677cc35bc791b2d5995a4e836fc4a6fe413b79b38a952d358ce904c573433ebc98e2a832f1d447f98bbd158acc047e26906a643f3a96160780a43ea55183d2787714f44a1d662c2be4496bfa5ee511843011a80bd4dea503e33e1bf1014dcd819c01a5eb4e50b94847c72e347a284c5ff83b034ac2f5f6136d47e55ba0ba44c6a1d474662a7da399175621d7021fe27463a8ecef7c233e233be7a2e2e0a7f11f4f4facc404e486da8f4648f77d dc51bfaf5ea842344a8b16efc2762c074666c355ffe6027593a859e0ca21c18bfe6a59c42f5a8eec8b798c7f4468402c4a9cd01dae4416635c042534b89481f16b311bc1bac32a3e0abce1f586bf969204072bc8182aaa4d529e262078ef24ef172cebeb293d4243195397f2501df69ca0375f0aead52fc83221c42cd43a7030f781904b1ffbbfe89b06aecc385f4bd75ea11ddb5064a464ded053c4618927c862aaf7dc9d16b4e4804e313ad076da4f0b5b48ab2cdef7b9ea712dafb81985012b0c52856f04baa3 96589943cddbf28b4e9a8963aaec71b8f42faaaabf5deeb5fe9f4941232afaf650943afe5f4c90ef11f73355f4ac103e5b6545fdefbaeada036ce4f1009dac02fa0576ec4ad0453837057fbd0d5f6ffad9f0fe2a7ea636439ffe1d413f5fd0f4788f4f771608498856b3bf74f7725cdbc57304d24e21b2d1cd30ad0fb6f0f1c135f1961880f4b771a433a49c4a462d6ea11869b4d8eecd82310338d6e958419971cd427e37d1d27d739de3a8bab8eeed86d0605a3870a8a1e410b30e5039350e7ca64d3d4b50a5a7 a4678ef75b9ec35e061c2b0b1fee702ceed9c3c921601a7179b790645597fea2c3dd5f0f8db08c7a297a8ecd1651499ccefc72d198d26f0b6d6aa56ddd6053935e55b28ae6f5364ca02688ce779714303240ce3d9cc58b78c6e9bc462da0d1a51b7d54ce10e9231cde037171a3120b0af702866769f771f02939475170d153b26f3b3f8ee43dc33b1ad6d161d1bf1082808d7b13487735924b6b47b5ecfa71c9c30bd8aefa012a06e6fc3334eac425c0039b731d52060d05fc0dfd56e1b273397e19434981e5e3b5
32b3f60d0ecc2d2face108dd1505d6431d2a364c577d481344c146378d130c8a60c7ca3536ab102a34bcd5894dd1ee764cecb004fd49bf08debffbfe6922f0a9e4e763b559de6421b2e6be8492855b577b2926a1535700d6fbbc360a7d733ded74d7c61eab0282e825e3362f01c400a97a6988d2c3843cd0b051904ee262e9c3178203908187840bbbd46ae3528df627c91ae97ca71936cad8ff4a5af0a5342228303d0b210f63a5c5f87af6307130c41b7b632c3f0fab12e92c829e6bd65de901ad67b79051d819 f67cc530248df63fe3ade6034e58b0de6edffe2387a03a2a8c168f2b88e0a16852bf4a5dc7929440fbc40bff420691a36128461acad1528644a8b32d84552e5accec68c41feda2df2cbac3ccc8d1fb69095ad68bf08fd4c03607bfb1c1557428241645f7c9ab2fb7dbe177308c03d9454c3c103b670f648c72bd380863a9b8bd76f9fc40109d292f3a5df1039e02da5bceede404d49e8119b8872345a9a4eb0f2d496d7beb5da2cac1c46e22f55a474467bca49304eb1fbbac1b6bbb002a39c82a1cf7851f151eb5 a4da9e50c60a5b114168c8131a2e3dead44412706d45e8fb6d6b782662c907f4592b86de21fc7c0ca17490a322e02a584038cfc981a87736bd2eeaa079501310698be075f44283d78bc76ecaa88f6f49532ee0b88d56ff77ed5d8acc28d7b69aefd00a313b06e948e15de074fcbe9bbffd279c65ee9a40beae26a53730c00a2a55091fe0cf9e687aaefdcd939ed8857034f2880c5f480e6c1cb1b27215fe6ef1b91f0c502052e5baa25d7b1ee26d7e8740634eebba079fb8c138460f8b2ed7d78642c6dfdd588213 297a75732955351446444d9a814533b3f515831760ac1a476236060606c779b4c18bc3fe3563237290a0cec8ccb01558ac29c1878971e0d959daaf5ce9c34019d2039f3147046b0fe1e245c266aec6436bd544b298705bf4bd070b761b20857eaf3a13cde2ee9a8becb9d2bd9205fd3198638f6c8913e4f87b67fad474bd9e85a2d05c9d97d08b531bb82dab4a91c8037feaa877c29a8951b79ec53dfe764113be839deee78d2ac6c5d440a9dd9ad4af8ae0e2c9c2e4e4e66da875f566f9cb70b9c7fb79f9bcabe7 7a32c694fb76f1596e0b178f6f0851385c37af6c007cb8f38539845441d45df4e0c7ca41c07179c4e3b7070474d20c42d0f592701e62d24af592c708dc9678d82f0a4425dbb55a017e6eed938812045b73662eb382a7dbd046903176b4c6ca923c71f052e1f2f18dbaf7a1b964c933d887f641882afb4f967f4fac563289f03a578b0fb8807281dab3fe9d99f71a4a8100a2458baa255661196e8303ce493d42ef1d02b44c543ded183225709dc92c311205e402da36d41c8ac919b7d8107cb407faafeac99a47c2 d840a8eae77c4ebad55ab0f4d241feffdb3e87240f2e108110ea1467367f3e5f28ebb4f8331ac4c75b71f68d98df464b367361e7147cab6552ab6c782b65feea446c57221ed8579001478467893fcd9c535d670bd2b284219e2ad125352d2bd256b81dffc1a0c433f3c07cfd3563a1a53c1f59b7c9548b6b530598229d715755eb2f1082e2d43039527538aa8dc93f87b0bab12f6e0f6923f23c2b3da59ccbf6ced4e5f73e4c0cb3ec0991ee36bee55d873bb379d12a5b0604c927d727b69dd11de50e40527dcf71 caf89aad4ac52628227dae1d39b61d176216fbb1500f4f04cba366c7c8f3333bc955d1b04b98fe22b5bd2fd6ad26773e94254136ccb213e175e5d1b1c4e9753de81c0eadeeecbda13dbfd5357239a7bb9dc65c2306466a2a04b89221d57138a9022cd1ad0df72591df19583dde39ebe5c79d4b8bf23e92707339917eedfee5ff2eecaf9ae1007333d1a47c7ce610dd57ab75ed06bab1ac30c6dc52a9ccfb12b5f9f4363fff9d7081b8ede4a045f36d6f03c4019b7741d63a4a471e6037dc1127da5bc51f2a21a540 6c9692606efc1a0634bda2136d4f82ec169e5cb25ae20b6aae2e9cec1a43684f1c4ccc929d5e24b778974c87010ec71fbb78c57a6b961cc54cca96458c75245f7b20714ed9f80d46b874ceee6cf58d5436c3de5bc85c5eab6e597dc97a640cbb9834ad73d2f79cfd9a8b92821b8754670cb168f25bddb90c02d6339773db5fcda2a0424aa01676b974d4d88b0a17835b955bf333c09839969ffe34149ba10947e39b5d3b469bca1e1befeeeb731b68b4d29d4eeda9e878474a4b061396f1524538e416469c44dfc2
a414a5ae08c2743008f32f43e86ca1b32bee823d49ef1d88303eacec6b60cbdf5de6326199961fe0d39b9524af448b762e218b7f8ff9b904d9d8baee04314cdd58a419d52aa5a09c2e4755b3c8266d873797fc356ba7dd7dd89a983fe3cdf15feda80adbb7dfb17de50a46c212dfa1be37a8cfa494ddd90c4b9bc05309f7a640e8a1bfe275e46b167c6320b9875c04df90dcb24d28f0021bdd94d22cdbfa8159f5af4bcc375d09ca86ebb0cabadde0cb227141a46314ad90bd17e3f00fc92d4a17e9c1a988145a7e fa7fe8a883974e3ec9c4ef7b782cd01ec9edf39c800b1ee3442ce3e65d826365e3a865bc78fd206567557652eebee76bdb76898983ca1109bb2fa5aad367f727deeed1d5361128f6b862d8a15b4d6ae3cf97e7e7a3b86365ff335c580f00d2c08f73195d0ba796ad3850f11a16dd9b5b152272f1dd721139e0f7617aef900a6d7f1d8d53aa6b6567d64185186098b68aa2024cb7dec06744ce65a6e5c7f70f9bd3b9968a83047ee696649f17c6109b916e68118efb0ea317ee82b026b9383b217c3e73eed378fcd8 fbf4f12f01a96bcb08ba4b75fe6ac8daff3ef2b5b7aacd4078cebb7a82661e7cd31135cd152bdb4a33882c8375addc72e055fa13198c8eafb99df5534ee2a02f977ff32165a20aba51f717a018210432e566d5d2df251ccbfe495f687be5a647086ca31c67e48b117e37b34a710ebc290309f5180819b9da01503681a63293bdefb430b2021b0ca450559069389eb085f037367f24d5b3239320244636da75c82bc420f053bc0a9d0643b4f51937c39a6e5bce92aabdf4b3309e6ba7bdd627fc5d33902380c02f22 99a889417954ce562449c5cb31e1d0765a6d8288e32d45bd1f8f028f6bb786b0ceea71211533e9a398256985ff1fabf4ac922d8288883b02b51dc50b66105226d6af05cb4512ab70560e2ed52f6a62f5e7d239b05016fc4d94bd128d1a39366145797f3dee1b2fbe717878d504b19dc53ffa19fca22f7c7d8fc742f6ecf3398ea47e88106185feb3a80372f3c99eaa2711f95955bed1e02757787737737de3e0d9bd945727d645ab72718f234dcea3ecfb45fd0d75216c343bbc75679fa8bf8b036a822b4f31abdc 5bc32529933d6af4d9ddf229cb5ae3f24e07bd36d4bce6d42ec43344298ae5f5fee3664fbf35af9dca9e21225a51eadd7ba5572bf975c3259c0d758549e9e49c41997dc7976569670bc0d588707ef833a13a8e22a26b5a08558c226a93551700801ba4f561e63299516651285a62926d5d0baa96210db481d790616d7b435f5af36bc0b1564e14f1df8a3827507d6c07740bf73563dd1df1162962113d79aa16d312441d516b07e026c695bbf40e052f4ecbab89a3f5981b077afae8818bfefa7ec78179fa2da7f7 f3f52574da22cc4aea3f26199ede9683bc802dea652a30e7520946b241a471f83bc7a3bf7012a601634b931f7d31bb2a8777f691bee14d3f8b3b0189f282dec9495eb0269e6819f0a34ee84fbeb6dd5e6475babc8c249bb5ed0e8eb9b5108ea8436d20e2be46e3b24bfd7980596ba2198eddc399dd83aa474763d2163fda186375c5a989f623bbe2b34a7062cd0acaf9016891fe28aa36d53e3406008064858035c171fa9563b8863c42c7dcb8595618a7a929f84b52ad3df52b313d7d62dd63ec0a342ebc6d4409 3f49d7be7a30e2a32aca6b49f280f4a5570217603f64ccc125292ef9c2639b6175c5541f9bb3746a55c53595b4e11c12e0e77181f470aebf6269c89f5aea5e304bc3197bda5af4feb633f182dc794f3632aa7b1c1fde8c1896e9990559f6084ee13f36356e842a8acd15ca80bf4638f4982250c2d07c4335684fba70763bd134e914ceca1a27dad11b2197f0562a4d3c6be0dcc48862edfbb4d55efbca51aa464658dfb53b833cf4df6e5f0ea3202dedc9ea499d18db45a2448691036fa6fc0ceb8491c1a434e320 c3a59bd723bb74b673e6241d3618413ba09339b9ee70ef920cef5fcf367708b97938f9997e5dd8571a2ca160e6979269faafd233fedcbb5974f82bbe1b269c2326f473bd93cfa1d28f79e16a8ba901b3d402709a571a8153fdf3e5f45488f9117ec54ad98991561272b99654337181a7fec18719ad839eaaf6b752c948929449bd5038b664f1c0e1fd7f6ea71eede8ccffe1e9c787437ab75ac9dde99b83aa63b68fb88bce9c27dd6ea30230d19eb67e5308f7ee9a119ec153a0bd28e9946c28feb56b41df2d937d
d7682826b7103073ae23bb6514e18ae680dae9f4c14bd897c452be8d8d65fb21f52502cd9b651182da8e5cb0f1d2e74cb0a97a9578dadeb11d0276284995ce6d7176a28988cbe36b959cccb732859cd2e7263894583baa06dcf3db662d0561853ac74b103798fe39841032c3f4f42fe675d1c1ebe11ed2835ea5c87eacf95f7d8af86d19bea1bd86d8acf2e7a54fe2839a713a7ba490bdf8092cd860ea82a4f10a61f333158d9d0b62e1816da80af3ecf5cd501e9e8a77c34aded1f518b576aec7dfc99953cb324a c0b2e4ce0ce2bc897ced1dfdbc31f625aced50c82b49c8b4d389bddfeea21ec9875b133b82151b3f3d2a6a568670188ea7dc9c193f03d72026dfec47e7c04af5bb3c6d42688de865127c9ec65d095d1fbb884e0c69169aaa85de9f4027f03f95df7837e89aadc1966f05c02e2667d2f37c94e058c427fe8e59c80d935b8d3a7a1cdf11456ae3bd00957f42f184bacf1ec51dfb735d77e595f66ce1a4351573f29d8f1c931145a7fdf0f978884c30705d3fdc6bc80411e75308b65d1c408c8cca9dba57c1e1da6cd3 8cf6ce052d6da97e996bb07a456caaeb486f93700ada6765af8e8de792404b33bf18d45bb5ab61f020bf7d1beeb809627ce2be6331835a563ab1700d2cdc251c02ca1b96be5b182c2c310e0f429ba7a3e8e77d863a3da7ecac2b4ee9a28d3b1a7f78e51da12036b732fdbc6116ed1e4bcec166b50d60a959b51e483d17c61de210d42485ec76b0027238d7e3174c706290249fe0b0043f1c90a8348a2f80ae408375b5066bef7f3ee73acb962d5608efb301818a9557493d72def9241012dd477b228c9208a57bb0 08e49ed4ded3b9d43e75feabdc1114bdbcf552b003423517504f6882b4b7aac246221d6d471ddebfde0a52a82d66f711189371bf65248c4904484b2cd2e2736fdf24ea00040992ca89882e109a89c28f5e07a52795bd52aa755518a2f6d9adb100ff9f3f6065525510a9ea719b13c0d4c8133f48a0c0d864883bfba3dfd3e4ed8ac56e8496608b3b979e0530dd23a33d90ab0e86546ec17f4fc4cc67fd3d580ff2c88452bea7f83fd7a8b91db718253519a24ac7e299b211c562947057ee53775b63959a122aedac cef566041bb82f08bdd7300f7c36f1a1da9f7c4bc9a673b6ed8af268e0f8817fa7c1ff9dfed0015f8fda6a1e8e26b2eb231956a9339006497083cbe8101227be5f68014e298331d21e069f67a14615dbbd194539e13be811cad5659dfe5128b8d358bab7abb8c0d48967fb2fbf282834ad2dd6154b4b772950bf53d3fd374eba4b1eea54cc44f7f9661aa89db8e4a66caa8936f61ff3ac36d757e6dd32725d344397d2435ec9a5950f7dbe4a34b6d49ac99890a7567cad77e6e7aae0047c26c83675d0b480351508 aa34d8ce774788a0ba638872b3a40b7846cc09d087c401a92ca8a2a969d3b9257686789ef496257e1e3b0035e7baa85895b2e54c18390530cab0da3940931eac5590fa9d930e9c2aa59499b3c640d3a3b0bfad716a1962b3eb6baf5a237bc6f1b5c26d74ab79a791943842c7bc4e7ab2ba69923132cd67a677b7b7311d2dd86c228fe40191e08218384502fd22ddb6c55445e7da850d90b344bb0135417ef2ea4004b3e1cd5ec938d139222d2bea0ca389992e0f110e8083f8e934aaf1693a348fa9853b5b0a1be1 a44a0d20c86fd0ac0876649e0c9504730d4b4f1c104d18c89b8d3b5c02d561a1c93aea31cc60669c31b8f1d9cb9714dba20a3bc56124ba3a7d6b03d71993b3b2d16f2347e2ddc8f9faffdfd8b5e79775b29c1de0494205c385e42beff212b046e760a16edf1c5ea9656c56eff73a835840bec9b3f707c286bd7b1e2f49c5c6bd79ead42807125521a1f154bb2796c9bd972f632f2c74a88af0037d570790d84dfc7f41fedf5464e4e179a57f5ab029e9537b7b39418c6941c48209d2f33b24e59d6945ae8f672560 488aa483e2793f9577af7b56fd89fb4954ce739fa9698efc9c9a1b9fd6766768926cc93157ad01b915c59b751ec53502af12d07db9cd4dac012d4d110e72f606a174b303a7c5681e2b263b1ed03c30c1202359b562df7ad971bc6fac6914b30558589b05d287a06db6d7537c64ca7ccb8d370104e5ef320f2922e9cf737fb9c5261a273f65d70864eb85e1d65fc3ba63e980a182fbb45777694ec61d87a36c37521c45189650f1d9ece0f22dc7739ce4c7018e797161b567d8d73d8396e9ad17112eb85b15179dcc
09e0961218314db229500c80e0ca87fd83e073458115033b155b6a61ca2036d6348b5ceaac0eeb00c765165f1a12d4e9c94f6ef1ec4d785919dbf22ccfa31039ae87662e778937d61928db18d7f80391e5b040d371121d6bc3fc436dbefc8b3d9263a49ab8e8f90f3c7668cc33316fd0ca04a8899296459b9e23126aa969ff25be72ce20fd75b6090333228041d52bdeb01d7da91a369e626da5e414d52c8ab7fcd2c8f9bcb5165b4cdb0d605c9143dcbaa40379708bdda70e74e08df61d0bb06801107163f4eba7 83846611a64bfcc70861c585f74b8c1f19613d052adbc84fb6d1eddb8b62f4678c1b7053c60419156246f9c4e8148659d9b6d72a04656c80850c3bfd8845fa74c1d60cb2748262f1a25dfaa4317cba8457208b5b76e9f064173870dc802d22208aa362db566dfe9d0a5f4e9305dffbeaf17d74a066a3e4e32ac4713ce46154cae2c8e2e91defce9723a03fabb296059c692e90bd71beea482297fe1470a6a60479faad3c807ed3228591fc69248f98d366427fa627555b25f699529cd4a2a5ee3a68a3761eb603a9 df84d08d7e3635aa7b428017d55dc72466fb8f7c8be6822098def652788b89f37f7d380f09a0a7bca5758ae3648e388ddbf9e6a0e4fc7df6c3454b46460ab9c563d708cdaf8704ccf690ebbb02fb61cfd1b7ac65995634679676cfac3352718494bee3410ee72b5258235bad2cb015785dbd5159541f39cb7ea0fa41aca911e8c6e382499ccd9f5640805f02cc2b0887e6f36fa429ce79358b26e519b29fed2fc8b95b66261824e67a8dd148e0e135cdc3e1bfca4cc31f333fba4db86dc0fc0bb3a20ebc1d9cbafe 69b43c1bf8d1b318ac4634b4a1686695fd844a59c4601d6f94083712a784ea7b00d9ba83c7829ec6525e741c0b40cb5003067bde7b547ae5bc339b7231507d9e087d52f8ce23e94ce499d23820dbd6a1f28427315107fe1d5a92949f5954ff232936386cac6e4db89818e43c65ea84f1f0c08a0da2e36ba693650b3b751981e591e67832f719130306411fad663b19712c2a3406bef2df0fb6d78e6c7d8620ce80a6d3a40ace6adb59e01ad01db07775e6c23558db02cae0f1d23e35ff5863e7ee740a51c9707341 e8a833061d96972c2d236c1e7156ab85621359832065f5f8e8a77c35b813c5c02686b1297ea4c07ca36c0330053b3c263545de1276014d09308f280ee9f92fcfc6a815d94b0f7552ee1258115f94afb7d01cea070de3f492bd08c5fcc62306407c68eea70f0745af646add8c2848ac48476c26c0a9386e27b5d402bcdb93935a55576d58333be1d607a61f9e6f2f7bdc9e05bf0dae41a002802370337552b008574fafc0218ddaa14fd055d29898e98148eb707ff9499eec6fe1395b0c06bd17e9abc1cec1114036 30a2eade015bae815ce786117f24d0e87be5b28de702a1ab6c60aca1dcb1346231ac1a5ecc07c1cbac5206b7763905bd502c3115e48c3cf7ab061f8887815340df2daf05cf0a0014cb9271c0ed055c2fd08968c311cd5e063470eef88bf2f23ae9318f55b82d7a789e5527163fcc89618571aa1e3a75710c6094bbdad7fc51b297b452ddfdf574125c724f9dcbdd6a8817240a88341825d4a7d0fc7b48135a6354bbb5c5d5bed28d6b68132baae0337cfc87e33c4b544240a489f92d23e5f21948d7ea46c565dd0b ee8c47cc58f0563eb7426e217aa7831e941cd71fb5437015af35e969cc8e573d4cff5a5b4aae1fe5cbc60f5dbb8b312cee64e22ea268d37cf4cc23adb2b8de465445e5fd03377d5a048af11b5f63d2dcb0d7fb423fa67dfb75ffb42c1f2c9d299077ee46131c6209010dc850e32f600b138f79ddfa6b31379e60d4359b86cc27bd4f64c90863e5d117b6067f26d62d1d0155902dfaf528b4cea596a3a2e8a4a782a5874be24bebabd8843d897d212ed411dbf832968812ae0d5e9ee20b0c0c73e36e87eb57049c64 0d604ab99a6defe0bcf66c0a5773198a8a2447079ead869109b96811c38ef4e4a1471416955f66b8957e69c206df31bfb24fc61d85d12aad0b4e9635a7ef7ee5d314539dd8f69249b9afa054cb47dee8f1515544726e8ad504de0daeb025017edf419a1129d587e487dea00705dedd3e0ff4f975b2ec374988b2fce5e4b83a5766db313aa3242e738f5f9cf1a67286368fbe32340b7ea129dccb4bca11900afb0ab8ef3495bd2be00fba6776686326c5bb797ea9af587c4bf9008dc464382eb1f975d004520af3ab
f366d10c03b10254a87f2ff79b84947cf3ee4fc15023496e36fa8d2fcfcd0f701313de9b85903dcb0e22c59e2847df35dac0368fe6f6959eb3a192be993b386e617a82c43df1016ca8218a2df691b1cf2f6e37cdc7085cf6d53b795c94727904cfab85f0db2cbe78131a44ac8a774b6e0e7f3a19ff4000afbd81f59ab7cc7d15d80dcf1be15e671b10b756c0ccaa4657968956b1f54c2d4d4a7e7e382e92ad96b8c6c791d96ea65abcdee48cb26d2cc3993a1734ebd4e68e2b703ac1838e2e52b4e4b7d861d3d67e 0a61e318edfdd61c7595fa39f904513e1717d6591bd03497e444a7c767a39ba0468578928613b891f04cdfe95794b9238cb2aea7b2d365e826f89b1f8b50cbbf6c2064ede0f0d94d68742fffc345feb068b531a305a8bd4aee28c6268e98d462563566b155b3edf92c14781174762aacd13c48107686b7420f11722d1cdb41810f44d204b88861c26cd15914d47ccf5ced28c958129a77325f2e92aaac002d6817b5be71b35b8068690e69f68f008db32b2e0c10a8c97d09375a7e4f87a519ba96a470a03d1c7550 1ace5ce3491d8f74202ee8529171fec9c0641f39461efe75a41d8f99c1302271d943a3faf1e7c13336533212a13dc47b73743e21fd3ec5f0512c2659dff73ac5875192871621d02598671b0f45c4e0e4c783c5bdf2e5a3227d3f13f9faf00d38c118c3376c9e2a6cd28bad5af82bfb1a38744abde1affc6274f5ee3f93697bd5fdfe3077b215e65925f21592c18fcacc0b52ab33f9343ef13443d59cbc387c49c3727dc5a4faad926e9544d6cca5bc6a09c9fad787b38168cd29288d4cff66e5c0dac87a4cf02ab0 a2ed9604f5f0b9d0ace9d312f560763c01137b13c1bc803c84b3abb6ce479fc35e52551ff3e622478b1d14189ec54e1bc54b67c896e5e21f32db9f61922456731b9f6b1b8e588d299d500f59d1ec6afc34dd3250db9cc86c223afd73858a5a993cb135cdc6a620d832ebc871c3823ce166b969375608072f5c9c45de9b457bd809e36efc581e5e64d0f4b9cc2734b40c28d5b1b28f3b5ef1ae797d782c4fe9a293c9d1e5c2ca266e46a2774171d049bd5f0bee3e23fa1c841cdfad9562665e38f3a663aeabd6e96a 992d141dc31f87149b52b9cda5479ed3fb4be3f23a99be6af679f54be8f51d51b73e43435dfe696c1535ad507a765ecae315108678c6f26f08ea57c1a4d699773cf61fa4857d07423226d91fd73466ed18a648d2465c999b72b981553955c1190db22ef692f21f8cbb1c502fa40d7b1d2eb7feeaecc1faf48578e43a5c42ff4caabbd94bb3fb6e3e464fc9d592431a98b866542028ac07594118f25cb846d93b436e9e4be9a6fe99c8525d166fd5a4ba0f112dafd63a57548b3848c7337fae2336fd35620d86de7e ab43317019f90090e18dabe6061feae1008432b6e351b93e262b19f5d4a51957dec1f4d216b00cb2be0f2ca602f1034f38309bedff3aaf6e9ca800740b6470b771446f48653b9cb0153cd5c629a246f1d191fa1cdd9d33c38da4a927ead954a19e0c85e5a425ca402dbc9877b235be1ff2d03bb52d8e266495ab7d469732a4418ff8d7881bfa70ff9a9d93ad7586dccd5188b1c46c9fbf7d45346c11465dd6f2db514f0f8a6e4e2239c344d0f2a36e2ffc3361c24115ca232dbe461bd3311969651776b8e50ce33e 613c198635eea1c6ea4cf610c963e10d4085ca8e0c488c5c94e0b03b3f4035e8680e051d08fdc972d5f9fc200e0d3e9a1abcf1de1e075c877cc8ef952fb2d9a19f396a68a63c901cda9cd34a03cbcf06dc1594c3ff57f5258c3a3fa875ca247ef85b9d7abe1e02a727a0228d375b860d8f83584db4bef454048862f2fe6a5fe189c8e6885cfbbc2229e9d5060b45605fff44387a8ea84a24ad51f14e67dc19883a77aa7a0f88a936e865313a5e510bb2fb54e2a6bcbc749a9bf8eaca967666c90c049654c75dae8c 6248b965d2a9b9449cb360441b32b0a6ec4982fc5de7471ab40a0772c5a9413deb1f49f6c3437c9327228769cbde0005ab46f62f4b17e9eaf1018453ca920c1f9ed88189384b12ff57f72aed3533db87e8f811ec8e7a5b74aeda3b9091ba94da7ac5677c2af34199779a29a0136f0ca4439f9cf65b35ef5894721e1f91474e88d22c602dcb4e77a97f53b697f648d75ed24578993680f817ffd6ddab54689b6c33cd1e07f14917129d3a7f9d80b458175c0e972f0c6f2f98ced5120b55bc570bf64b6f014330f8ca
e90a4dd8ac43f6fcdf055dc7401c41bf8ea73bb2121189ac0dd786440b5aa566471200c89c3a10872bdcc74ebe780184ce1cf1e87dd3248d4de5979914480547552a66b1a00ef1a46fbfde2e51d1d2009814e5cc54f83c78013f1abbbdeced228291496f2ee17a56105b4e9505e465ddee42d906781dee417db590daebc054e8b41707fe1475b91a0f716ecfa4328cc328586164e9d743058866e9465ee83c3ddfc0f700954f09ae0f8132fbaa93f95cc65664d3f254c55642d578e3fe7ef63ab55a7cb5ce492ca3 71595ad6e73717203ef6f0ff579c3a54547838339185a7dbb42f4230a64c51393530ae3049924d63c3c73c753ed594caad1257b467a78e56e4e85b1f6e8c4252fec82a4520b36012d7cffc044c256b859e86ebdedf218e98ed1d671fae3ee654a7c07f4c74edafcbf5a007e4bbf525802460ed74bc7dd4282ef40ca04c2895c3098d0e9b8cc76d5959e8a0e7501e7aac7def8e415b05ec74f1b4fd93c803653e2659298805bbc9edcb9f38409ae9be900e99574a05b0d23446db0fdadc4edccdd430dc92ef1b4e11 5aa9c051820c10245bf8422de8502e78c8962d7ba52d6ce157b1b57ae06b9d1b973e1d29543e9b6d3090b1187439432b390d1920f74cbf15ee5606e8d9f7e6d82b2cc698bae13ce1fdfab1e3e53d7449289c0a7836e39e351c28527405d493922a48c960ba4e52f70ff6438dd2f351153793e46bdb554b43a80b0c8a3e8e25491c9be9baa39a224d956631743d1ba4452d88601d6e8c16298dfb57fddc236cf0e3eeb44938a430d17834b46e061038a0579cdd673ee1fd9b1fbf222c0d1ebbec58cf4a8d07c4b10e 01d385a2f93b30068a3f2545edc471a56a0c8bba23e50363406d424e551d5e1f0f9b7934975e06920ff4d627dde3861e53b5b5d6f4c5cc060f942df8be4d84cfd72ae8aea44ae349631f789a6f7f35a29e40ec00e87783e5da4918650377d9d68f8d3191b265c55c50b2fba1b08757722c379fa6f2112eefa4d84e25bf743643bb7e665734bb3f7d24abd61fa47e775373468fb562efc803da6be568160dbd3933649b0d67afd757bb94d57d5463f9a4b2e1f1ced59450049ed0c68ef24841060d86f7e122008104 0c544ff50fb8c4f41687e6ff5564c78e11abf36367fbbeced3bb256c530a33a66cab6900e9236c74442adac601deb4b5b2a8d2f319d082e4835c52f2a9ef9be9371e658862701f9241c702a0d6d63cb5b5eb1d7bf407351e9ffad0b079751c6bb39c4cebb46e516f4b3a7dbc9fb7f2e1518e1b96d8be0aa80529b2dff20f0261fbb395b35e2d82b399cc417064ac8e76dd3e6c0bf9891c452919fd466316b5f78b4c614d15de02a540d992bda45ff3720bfae85f8cc56a42fad29bfdbdac91745a223cba617625b0 56c44b1bd7da999f8913080e9fd064c94142f2ce152dd720e33eadfe51b576dce1ae4873ce86ac43c8c5c2d21f584d757de745b37e29e381440c3a3128c31b90a93733112035366b191e22e98cd388ebfc1ff04e668206edfb62cf2df2ea79b6e51c562baa7510f6117170da9a65b28df45904d635e51486f6946f55b71e271c9c12c2ad1fa2941e08fa306389cd59d0833c48b30670f01794475141cf4e30ddba6cba0b352dc17201735c65796ad91e26fc4ae2af27bbbd52b52ec7f3f538fcdd7843b55339b3ee 057d86e2cfc8a527c5a3b1472cd757a19f796415c9d5d551456c93dad743a6188acfdd5b473a00bf8e20361b0b97a88e5bf49da66fee585226eef8f5437d77006de281fc2a7ace0d3292cd943d2660437059e6e8fcd3e46245c423f6abf232f0ff95e8d3a0e5581e814759a14c58dee67c0cb66faa6ffe3dc64a27f8c348c33219f6f6eb7ebbf4ffb94113f90d9d21d1fb0fdc4241266c89497e926f3149fde077141e2068c9d8626b7a1b23160fafa1024baeccee4885b87a5183dbc46aff62287224763cc8f6f3 82009d205cd3493dc7ac86d25067eac08a82df0d577910cb387baf89e08ba1d6efcdb77a2c7a273b75a3f131bea81284cb158c900094dc7f1b7b34475474b0bc96ca61967d4bcd76be61e422cbf100ecd2aee34798c9366d707ec9d8d00c7718a7649126f95e547c5ebc87e6a89a441aaee8e1aa57eab9c5c62dd22920e4e130e8a3b43e02b680a54dc0e68bb3bf5f02ac9a5cb2bba29a755e33e71209d10487be7d37fa752a08eb537d650d0c095d617a35fcea27abbd6453d357130d8f826a45d977cb93ff23dd
f368f3dc6503b3f910b87c86dfb9f4517352371a3a5d73775579d065a6808ae2e71efe7f55d3672cd0552b956f81f5469ec06564e8d4895443a7f92b6cfffd2e04b770e79c6ef24ab9fdfb1a3b84b128a37c5db405ea7542be18d7e4e0df8c9bd9d1724b32a7a617782df60d0fd4f3f0ef26dd5f0a1edc48a6c9c2ba3f90eaddcf522a81c25de4557006074f3f035ae0976612cbf6d2fa14fe3232c783e7bfabb4f6eaf38312e0eaecec319f0a07b9d998cf88c7275835734c47941874b12d695be43d3b9bc987e6 6863ed0a23eaba4e41b57e26f4077a3aa6b8dfb9f5df8d2017fd882bca7f6d7a3a83fc72715e949378fed1f0e74c6f0d578b4d8cdbe8085d61840cf71011880de70cfdccdf043df6eb8b2d16562aa63a4deca41b11e228abc58e1451cbc6cabe8a08e71cc6397a8bf48be8a2b4e7dabe18e1d83fff2a5ec389895706cbebf1616d1779819219f347b76fddef49459125e0020e74e5092c3d458a65fbdaa1c0bc55b5ab767fb9369138438f2a676fd67d9a6c91e144934ae8f74050ce854cd18b5fcc8f363ee66ade dfa7d34f08e49e6e18f583f96cdce83ed611d26c82823d449b28477f52ef7cfd8161cc99c1289cc4b3e24621b8d9ab12b009aaa459ec2558cdfb24c372539868c99237fa6642046037e15db8de52ae3c31fda66cff9206308419bc975d8f180059709766428a08102458c9b132e5dae589c1188bfd59dfda9fb16da7dedb2a0eea6c2a815544618d799cf2222b88ddb6dcc819e113edd2d324c8940b9582a257660177edc10455fc812d1a1337fc233ae5bcb386923312df97965d5fd4662e434da218b1e33e3cba bc6c0ebcd3aaa7abd928534f3b17e32db101d4ba833e27e262f249cc99bd1991cb2c8466c167fc292f2842822418fadc52c5fd87b29e5e60b2e91bcedba50870e6a27c84a08a0070bc711a62e5fffd0ae5489df2aebfdff51dd438d8ce1f4825d79e142529aab815f0b342a15ab762d083f4525a868064184e7a9e09321f48c9fe301cb4447c82cc3cd7ecff1ce4d06c439ab35e29a20a78d4882a2bcbba7f060fbac88eff38ca125d5b7f5018ff60529da2f590dd5382974d9ad609243f0e4b79ebd60925bb0cd2 e28402abfa5892aeb8dd9703439cad0695f82c23f982625185c7ca75096a8759ce94ca8de76825739fd69caee2863791637d09a8668a78eccdb7ce03838db9407aff3b4652a20a4af04196f1eebc2b4ba25cd62e7b05b457e51dcbc21d8f9171df8e3f7deafd3346c6bd2bea0ed3269883c8f3f5bf86980521236e60736c634314509eb9995084c3946de73baa7da3196251da4f902313dc20ddaccbfc15ef1b73a4ed35fa5f80210b1802f10e91dd847ba8b41457bef90edd52857f03b21ae3ced4a3cfb420e319 e326a1c2cf4d53d7d2af9df2d6842f138f8b5c30bd6d0eead50a0d0c6a141aa71521a367cb6cc4e0a1b0aeca4121391b4a0a8339164ce85b889266596d8ebd87ff09e3885723d6d6333510d6ec6fc2b0634ed8b6aa7e3d065a5581bb1072f8a97b9c1c2daaf481685777b7d85298a2c213731704f1d16bf8b48be57ce581f9bd8c13fc78c9b0defa25aa9a43e15d429a90acab7ef0a7bca4a70438d181f8416de8e61f269cdc46fb8b61838eda95dd327a4322f47e1efef3290f82c37d9243649737572c179cc765 5541c567b630bc96e4fff3242a9744a3da44667b828f8f231a5b668dcea9c1e23a18ee2e3b2b4ce798efb0e87f3fa1458c56f70be6f600e8339611f4a6d03b47ca82990d72fae3114f3e241106891a3e3d14f16cd8a3d45010b5a5528a54ec41470a961b5771d540be98bd3b3ec0fbc0086bb3ad097cb07176266db2ff5cfd2656fadb56964ac066926d67bbd49bf049cf0bde94238c129a53bc05607f7f2144fb80f384391dcd1f56327282ce3e0adc48975209f1d79fba35951655ab8190df74b30d661c4b94b6 73f503bf8d659342cfe0c5de2ab03dcd7e19bfdf0bb76fd90038c87f8d88cf90b2851cea8d28338b8c62a4015fc6b127d200588985271ef5c085e24216c801c35b5301ff525635efd8879f6514fd0076c84c011501cdbdda0ebc672b1f7214d18fd6572be8fcd0b2fa2fe9a3d9a0011876569cbffe7e9ec0e4221222b25f8f74ea57df43012bcc6427d5f9de28c81bbca0726c79421785eac6dc2077c0a75c8d712126ab9c212f5fd89780a9e6e504bbe4b04dec18d3298519048240a47797c8705c226648c9a87c
55ba769b9ab089cb333d7082714d7eb646c52dfd8037d718a480074d2fd37aad759da10b5618e02d600872a23a3b3601a0ebe7d8c7b66cd802f0aced69d6c5936fc5f470540aa7dc9453e362f879c258223416276900d96ab7d6b1e62411bf1470566e8b284bb678ab48acdf6d0ea6342272af8a325c83f38ea92382ac8df882feca01e3acd01022917afdd3215ae9b1432f02b7460ac07164a1cfcf86bb8deafec38ae2033cabfd636ed00964f8e671de65edae6e91f1536f72d7f9cf23c3d4fa00cb42e4197824 05d9d12e6fb80f4e22120e04c27134e76c57ec99e217fc9ea7a3fec6928d3e6232268749d33b00a399ff62a8afae3813924584767ac7c257b51eb6baee4fb0b60d674245aab0161ae663a5d2cb31235ca211c636b6bfcd469368672703c4868b761885cde9f007849b8be13f8912a2811fdbb5f82c30e205741d0bbdda8f56a8222cfa6ee1084838bd1d71582975a9ab3b7c699b9595ef35d258a30163deeae08d7e0e3583adaefd3d16a4713f66d7d2c5c79aa9d0e15eafed6d5c4ea44221ecb4d3f6fbe4aefa18 e79c9f936aa6c9174533fefa48bb53b0bbe5e2044cfca4b97ed8beeae1b2ea2d5ecc5e4416313dd695fe0b3de97d03918425f549dab05a65e369acdb07f11e196899ef063048ae051fe8c3c6a354bbf209ce17f8fa721d89644a3d92c30f210b586a1abafc8141885c8e77837142c400db1c699d997038706956337fd28323f7fd6d3e2bb8e213d02a06be796f8f0e8d2415cc750feb6dd695d3cf4efca4e1146c24e5c374164f0ae86f3edb3d71eb9d588b2026ac08484d724cc8a913f40209f6425dfa052d6cd0 dcdc40f2e01c206cd9e033b0f480ac347b3bb015422266b922502265aff8aee455efd740f6b959977194ebf3147d449e9b524c01ccdb2652b2e5826cf557c9816b0a21f82bb28890d32880f5c2cd04d98fdb88c8df2a7bae2db092e49607b585af7a9674b455aad038d9e4a15515996214e3d717f239a324fb4c848c0b9a0bf301641e2f0d203a474a3c8050011cfc7fa740587da18615153de024ccc48faa01c1ffbee7edb6faf46015e73c6d9b5e48048778809bed8583a9e8f5710c7b02472ac256e47e692145 36f2b5d29404e8213eeb4e41c26dddcc8c3bea490e9ca8b055afd68c5f7fcc19d4e471000a0d8da2ba82736efbfac9831534c63f4ba4430c81aba1e7f0c202f8d022bd6936f91631df2dd2cb673c1b3926c7b26c11655f0840b10d2d8116837ccc072a7bbe8da24eedb38d564347d7570be5c0fecdde1f22d32215deefb04cd9f6f1fd21fa8e43a341099ccf4f06b1a577c2a2ef61644144a10180902f7d57023bdb67de23d4e005047c3f192aaaee74dcc0581f74f993572137e704b160fa5191ccaf9b460ce7bc 7cd4153486a0feddc95365201ddd709533b7afd3f49fa343b3362436a32fb50066dd2f14a3764d8403c78088f4802393952505efc643ccbfcdfb277b070092e046a97bd80a4c1f58f710ee540e23e8ac4a7b597078e8d07c1db4985c62b49e1114d13a9d77df8b9988258955dbb66bfc61d6947fa67689c2c1b6761cf5a79d00ce3653971b52b389204be2e3313a2e1d33821fa5d99a03b25bd7abf1b6e7f137ed98f8b314c359e0c24a1edb67d32d48cf3d6154f16d4fe8cd9cc4b0fb255d7309adbccab19573cd 5e836bda8f60abf5eab464956e87c9f375442a041da6a32a15ff472f409d020f0c7d360ec3427f6f26d9d7b5c5f5a3ab43e1de749ea79067dda8e6136d3444e924d74bf7f2f95f5d4309e47312214fc16093b763a387b0a3e602725f0aa05b1c4b690c8184db2957f65824116f84796be6cf1dc1e5e9712fed23c9c2cbb50db1991f05ab20237381841357d0a21512dcaf18e4874d1a1c379ad6ad62d9a4a3ffae8c05f55585d398ae96c55f1c293fb5cd8399b19bc41e3c94a5fad307a23c4597c42ecf92bc3619 8203d229028264a0278396e50ce6a8cd0d77e90c766bb565cf20441cf19417ad0fe63f6bdea5802ff0030d125da4c89a9a60c8552baa706ca35b2f948f8854a87af08173597903350331a0f3f1b26ab50ef42fba90819bac4544f1e22830f36baa79b0df79671424275dc90309110eabfe24d2000c37363fd00bb78b833b165de5d25753006b1bd841fd5139658d92bb6c856f9999a0aa772c3b345b3537349aeab49f62d8bb075d42ce623bb27e9164a4ec66746b0619937a6bb47d2dea6fadecc3d38473e16f0c
590b3e36bbbeb50dd035983b05ae4c94b70123ebd37a36b97693f3a31bc88ea47ae7812fdbcb80e55d5a6e2b288c3e9833ff2d7a4711133ef648d96fe422911c3fbb1ff6088804142811561f6ef76a8196a7ec5caad8f2259f5f5f1ab38951479a7ffe1fd80faa9289b6dfe57a65279d75dcb8cc3f4a0753b81bd35f41edaf4d492154ee03b974a49b7686cac3da51c781a4b1ce6aa9e2829c06018c00d413e5d0fe9cf092ef78556bb85b9ca3c856f8172794642d5de23caa7981aaf1d1cb2a65fa957b8081832c 58c8864461ae4f388c4931249cc8c0f990205fe76e90ca2dcc40487be30962e8556499d10b4ae9fb4f1259785ba4d4d26002ac40234c1072b1043a506974b900415f43d83f4a366cd91a857044bec0ad6ccd497c129c4269e79a0ed757fc81ea8ee929406c7d3e16a0e1e7a6201bd7f9f5ad283438ff0533077b4027922b2ae6ce22bdca2e9ed48f5ddfb9fe5e8c35e449459c1e1ebdc5af25001ddeec3e5c9619229a176818af891e87720047bcf8399115a712ab5f70d8c851e9b0a43414b1db97ad19b98b2b27 94c4b41a8b52775e3d8ab0af8f5b1b686fb6a1c3fe3266e533de8e530dff3e989b53b6673844bea5a172188f18123d1fa465e44714ee1b694e9d5a6ad2ac714b6062d5b23453a74533689a47d43978b47d2f75557037931241d47c185c29871c02e7952e4d60dee1891317a565c5778e4b963d93b889ba7abed5fc869d81e5f1f6074366214f45faaf1ba4548166db4cc7c7fff23955fd365fd35bf3c1ac7056d57dcc8867dd0a83f3b3adf4f561b1e0b32200c7acd40162ca7e04354c4cdf9d5c5a9c56f055dda6 e359c38da6370052770c47e95cd0e61e341c70292584317ceb711afdcb5d07b33de790f785e6bbc482e2b7c7bb60f2202795bad163d3570e47d910c59672604e30a06987ad35cf91ad24341bb9aebb27603cdaddfe6882a2e4eeed4a74484cfbe2ab59da7e05305b1f21a52e4a54ea4f627263c7733d624bdca5381bc052a686bdc128c5ca0262836c65ece95d56aa178198877cba261d6d605f6eafe861789c36977a0c5f95d82c20daecc668917e910b8d2a5b0b6f99632efcb081844d6db8d73722dfac52c430 4340ea940ea9e77b6b66201f46baf627d7e55c22eb8a7a2462a861fd9e58e5d0c8f916527ac7c1195c1c44f0630e22f7fbe104086c58ab972812eed354db7528fabae22bd7df086115cc651031f7da2956ac57732bf1ae53309897228885c12500ca8d5f261abca5b7b33bf82cdeb990940320d34634b42889b12488421d0a9c91017d19cdf4585cc81ff6555693cc4c6e0c8c74a965778ec968771ef123ca39a4b4840d608e4088263c4b4259a8fc8e88e9f1b4b574466580f48987dad17d07807e651f304c590b e85aa02129f7c119acc1fbe24a6bddb47c3bd0fe9af4937a6f9847afdf3bcb57ebf1bcc98e5eead0627448ae09667ea304fe634779ca8efeda1f41f06a2f0f99aa02b7285340a46d145468c88d83dcfeb35871873c5feac4f0212ef7d2621a3586b5700a67d893fc619f164354b463acbb6f35c37a75ef23fe6b205dea46e21b94deba417e9384bf579e7bdcb1a6fc57cf90f7dfd35378148645867cd971a5d1d88359042914871fe3e21cb2610266a1c39ad113bd5f727c83200bcde190657809e00e2b1ea32f9e 5183926e3115c2990deebb622554188a0c888a319697226de7c3930d4e16f93e9a03fea7d571748313637021f8ef3a35bd45e694b9a134bceda92bb0965b094814e8c20f1bf1f44399254a20eeb571615cd9075d59bf1c1fc4d917971c9cbeff78034984d369458a20b228f8bed8d621c796ad4c008bec1590ba5c95de55633367759cd69b2f84269b62d1c0023a50dc33aa1a500bc3265bc2c233e5aba45327b578fec7333462e989e11be3701347b954610bc83d3c608db7acdefa70fe1ff9c2aad9d3c5a18336 b2ae691b1de6fc2c85f119564101d4c0bc58c79053c7dfaa40dde243d6a6c86b881af12c03cd316949552dc0dc493748d39b188cb434f69b7898918f32394b94e0358c907b878f4b800d8778d0537df0550807f51e7d72938face05319947af5c2fee354ec24e4c565a7c57da28ce135f9dc24376002fa5b91dfe3f25e2513422525384e7c17979506c42c76309793181b4288791d93132712728a9911cd0f93b3d404cf160e8d52093661ad7fb2d0b2bcc277b867e79f7197107d9480c139d656f50423a43558d2
acb309aa668189f1bc76b6516045355bf4887328536e94f24d2da16932d173144128ec5d12d64ccdb2403c42b298d425750eae09c61a4eb8a12728da46393c81fe2792005cfaee1d525c564f75f8afc229e3f3e6794e62c7c757d01f91eb46ca0ee8c282da831c7245123b3eb54bc5b90afe0713c50cfc01cf49f24c7dcd5b77c9be7765b7637f882e0145a649e1ab5e488488671d6cb92c2d2e43e58061e16e298446a1079f0760859829185a1f21e3035d97969da6062ff444f8160005e42795d586c7a5153ad2 2f13c43191625ee5667b9c0fadef2eb87c970da9a756892a54af30200f7921684a9a46ab9d9f0664849038338539e8f5f59a9b7f00ec88e46c4755e0d24c8f7a4ebdd18035fc3118f06a1c05ba5b80180a615f697add2848d3e672d00e28732e2cf5d2782f7f4426dfa65a3824de21644505bb7fcf745f5a4d3dc165db75e3dd2dd48330f78b43da3c96b05f4d1631f9598dffcfd29e22bcf4e064d204c8296e09b36360abb68abb0cb9c50f5d9cd696812e2e1e8c7afb609b3565148cb7978f5ffc0fd10e54d6a2 0f0080b02b536ffbe4d9ccb1d53861791c31f73dc43d398a21687edc027483cdb723eee327b0400d1b277404d37d11aebdf471cbfc8dc12ca02022e2b35efa990f7796d3181ffde2fe3296a84780a7edc0e1987606d2b14fa1560555674bd9fcbcb223805f127c045b39e16532ff0200e5053c7d2eaa44c92131016a5f964c11d57741ca9f60ae0db4077dc62c4b8c55b2a17cb032073a6161a98ee4af4789f2e3cb61d3a2d8790060b81b927ac5fcb910924b15b091e1fadfb4a06bf04a321eecd91fe6e73b8318 8278cccba7944ccbe3580bd7f7941bfc720435571facd6501d6e42ebbe7a24188c0e68ef0c11001866b059f9bc429de311ced85038f11a172abdcc4b27a2accef775e98296134e93db5e9f504cae64dae860c0bdd973d968432429e072ab9858d7de7b2d0a747b2eff9978ef9435d20aba2baba0621cae973bb1519c0fcfd8a63e12e2825a53a46eef7af99575300abb57f65c3424e0a637e64d5b9d5aad1e8af941ba718c48d6e775e3f26ab2f7df19831903f132db55730d974297d36dfc4b4e8b4c935de957e4 dfb9f55bd97aa2ab7af0f4c7af0d69b5e3304f6c3230a26906ae6c6948b06e8fc3fbecacad03f30b5e9f3aa85a3af6f9ab843ea743889099b00b604fa4776cbb11db92cbb07d019597ef702d146b8c468251f375d8f6b1d9262af7b0e476b74aab274bca1767a3c4785526633b11dae82d22cf0f601a39a452e1e6d4960fd95f3205596c1b80f5711fae73dbd5f5a4af2274f2611a58c2d757138ced071d809baba02f7f7cc60e2bd9998dbd5d29cc0f31b10574f5ad30b1b229fd9a62d4d011e498df8ca77c4213 e272319270d58872091686c660e2f3191e2f2ebcf48658d6a60cddb2970ebf8611bf6b5a471caebff9d9f5d1903cb264dbdc44375bb0ab68b42aba4bc4085baf0a41c3cf7aeeb4823e7c1edd3ba6ba8b3e283120878229bdb35adb38fc351b0a9194e892f562d1cd0d02b08fc9fb33e8e1300f80b52626e4abcc25f184d66bd9b27acd21cc8b5d344ce70e2bc14718a3412fe726e13b5a33a5668f32341722656c832bb258023eb9559094d92738e4e7138e5adae7c6295bc0dcdeb4a3db58ab5da9dabdd76c7e26 0504df9339121bc3c9f00180d966ac8073e7bcb958a6a40ff9310703e429c397edc02a1705d0d16d0debeee9ef05249ec14c587f0d6352e63c86cd333a9a1fcacb1ef59d76314f9bd97bd2d1e957a52cda810c4758066cd2dc517dce5e7c2bd501eeee25ca22c3b1d10f2b0268dd59d7d225ee3509d0b6bff9ce8682ee119cbbe7170e5d12a583500e4dc513ca197e28979a25bc6d021ff8188e7e79955c9b34d3a98ae7264f9056b4a647334f0e819526a985c59b311aa158bd6dec34ec9b7e5cb37d5d75f81108 3494314c0cfe3eae7e9e7b576ff92eb766211102845052f1497a16e7211249159adb7ba656809d8668ac78cf8276913ac5097fe2410daba01be7a2e9a1b7df0bdd49c853a486757ee227838e40f860e0a71351c8d19e42b2b1d2de9c01c1ead2777307043a34354b17ee185cd638b944af5d719f1a1948a901d8bd67547a10861337621d54f116ce9803a8f6202f8e2f42e680599821d4cb12809c07ab3ca0028cd159f32c4a87ab895c6b63d22e4aa1ca87582f95016006c6f21c0b0b795808a6b1197eff40f659
54bce8b21ef7ff18c7960ae5b506f8a9cd287d1f43ce5441ef13a011443c17ee51a28894fb536cf77c7dbca51ba4d0d643657d417a8f0d8d493bb7bc8cdd18bc1ac65d93c9605a08aecfd2333143d5224f094b9adc33f3850f31dc1c2a3d30e4894085709d5b0ab10c457227204faeecfe670072de6eeff398bb0f455b7062b6dab128732cabf09791b9641d1741845f53e3ae94b82c2d45e22b3b9f0f99aa516f3cb9b91b27deeca3c12bed35895a58585d4a0addb12bcf58cdef9e6c76387f6c44c3eb31753692 e76c2f6582f202bc59eff96ae288971269078df4ff18e395015492bb46f5a907865f8bebaad6e60be0df520944b0e60747f10855e24a9cbee44efdcd6aa4121a439b32276ba417343df86be6d9c10febafeae320c8e3bc5323ac5210682f9ae6f2001f09a44fc8b7779b79f236335d4d54271c90b12ab2697b6a0fdcdcacded405df26ef7554fc2c3f5a1c8db963bf93e467d874d7b8b3f4d2a2323a005e9d4e2a3bbae9821f600e185278ce8b958f104a6fa051c62bd73e83294f7d93cf9acb344d8f97951ad6e6 ee006a41e4a5bb460d03fe198ca02cdff7929c9640d4629aad03ac69315985d143baedc99f5f0ac46556ba3b0f592ed972d9470941d3aa8c51dffb3f2ce3f4647f3e4ae7e719554e23eff58cc5df30ef33d35c8b2bb3a87fc5fd16063da906f2905dc64cc3659e4e712c9e5b4040c85e65935f3459f4e416b5314493f31c11349c3f285d39c1141c419e5f5df991bfa313ffb27c075d76ced8b82809eee5752483d0c7c5b3aebe583c88664de00dbde3a9d1be876fd866ae79193b59274f226a5e4ef4442652c9b9 26576321fe06b397f4338c753a9f70f6319d8c4cf7d20e6a89406aa0c02b036c847e19ebc37070cd2eb09641d92180cce09c04484b061566e6fc483bcc269e9b1985515d3541733dad42dbe28ee9145561ef1b0c8be669478b55cb302b879af2cd4549b2c333a1f1178a52bd0a5b3294de668a221f570ec9bba3d8a1c648a95bf87d0ea565ee02dee71c1d55f090f8ef9bc217e3a76dd0ce461f4403025cac16f072b72353ddc3d1533ceb5adf3b80d0727463781ea4c983046c3b2a8e1698736e7f34ad3a0ae1b0 6cc18c79c4ddf8b75c43b4f747b7392c986b14fbff11aa7d70b8e422f5d248c90f41bf15249c2ed2170439412cb78ff10f85a7c5dff8ed54f0df8f445806c2514dc5a83da23a3b1237f7a764271931450b9fc5063ca76f938c45445033f0fc4298b7ca5b21a40c1d65a04e2439ff74128090aab9bee059160d654f977bd181d2a33c57de0d005033355895c0fb4b4c78d89e0db22ab43a688918f475156dce69eb3c229586b5b12e25298fdc66de075e97cd5027a90273228b6542862657c911a33c19135d0ced24 89b2ac68e86ffea0df5f0acdd2dd7c0122c8ba21e679c3ad33f25b31d8f3fc6320b60dea61fab0fa3e7bb03cae63feb2d73d5b20096c61ce99e196659abdc9945910d3c821dca09b091ac3106ae003dd445c7a1d31b1d15028120431ad94e2585c79d33dc4787ff21c365e4de4711c4ded890a102657c1e7c04ebb6028c13be5643b77db1e655d7f7c1911264884e40a7ae475a4eca5419bc7023436db7e59a2113907d68d2709e2b53347fd6a9048d78f956e3cf56d2c5d6c134103f9098e1736c225ca0258aa8a 6d03d21f92149bcf7dac60394fb02d32fe357de07e72b4cf93497d77c791b42ed11789b70d0bd3b571f1e99f420da56a63faabb045f25add9d5060c5fc7ef7df986dd4dafd3ca88d012fa73f54e6bd703ac2920fb9701ec9927bf547fcd53b230e833b6289193e76f3f7723918991e45cd010ad8d1697230c2f96dbabf73d65f2fca3ab6469f1c87ae2eabed55ca2d601bcb305b30ae90d4905300d7290b89dccfc28b24cf76729d1c24b98261acd53bdcca2ba9bef72bfb2ead2987fa81d2f18f69f8330adc7bed 3dc1178ea57d3ee814366b59afb7d009f27c3c488209fba2fb45234879013bcf3651292dc5e0accbca99bffb5b15b069009912116c6c1818620da8ab6a95986e422f1e82e3b79d940ba4a631553f479a967726794cfe42ccbda7386c55fb5f3e715f89c203c58eecd6e402e80fd1bce3155f297b703e0403ec2abff6c6d88d727164fad961811f0cd71672bbfbad682bd90583c47be7e071ab9860672533f80442d263fd84e27695d2b340dc99ad206937e6c7e2d0312325662fce65faf6c42fb470d3a302fc9e9b
25d55f5b402349ef24d78f5877d7083f36449e66766a3d05bcdc3d123a0499b649355d5265956b608ed583665061bfdf72822c5f18c5c2da58a83f6d1754280a683299b1096bb6a77a3d837bbb4fdf5941c151586b00f0b8d8689a64be338ee518d3da9835be4dfefda74b2259f674d77096da1ad44a19e42e8ba4a47f6040644d1eaa62a3526936de08149b53c72cafd488435c2bcb5e9220c14af8c6f0ed48380fe9b74c7116640bc314a49b737106a6cb01889fb0de3a8a55064bc5b8fe46bf16ee119c44bb30 b594deb95f3569bd1f7136cd0e248aa81da81578da058d320289a1da8c0fd41a305701207491a158705cd8d9d3fd494a64cd08668ef5fff5ef8af4b92a1d705503d97d273e29841d01390519029d0e4107b3a11dc047a182e85d025c469ed72c695931c911f8a9bf4d7a6d53cdf2a23bf422246033f438cad1632b4cf4390f95293816c94eec63d2e1fe01b4a63e4d487e9b74a88447c089e0fb1b0a8ce52f172bedb8b785da743f1e2f9f3b6901909eba35d4dc39ddf770008a7b7e55d05295194165a8be3494bc 2152dd500e845776a36dc854db91b1142d67cf6318e2fea9abcc77211c557401b0392e0a0adae10311e6f92e077279f012311d096b1a5e4c6808f67e505b6d162dd40d286dce2758071de0bdfeb8415a6deade8d87a04591387eda0307ff94b8261081d29b5e3b4e94983812b4ca77e1dba291680240cbf67d2e9d90f5387b005308cb95255ad4e9029fab8d28a4ba9c67c223929e335238f021c2db045cf94a221c6fbcb839cf955981c34189f28a80e162678dd49ba952fae66066f74b7236cb75e978d5bacc2e 469ffd15b22ae2bedb65d244db77c3385b5285b125c352dd366338a299b184d43de9d53a850102916dffde1b91fac255f693989b6e5ed3333646866cc5dd1941bdcadf2f4c86264df3278624f80d9425d9c3366865b0497704f362466e6c77980abe71c8ff51dc20e2a8b14a6ac858d13656d0da63efbd6bea88c34f1d3eacb2056bc76410a5ada9448f0dc199b9f8195d8d2afa86c558a8006ebf67f1ab18d9b84e33bbf3ad78697bbd46fdb2cfc93bda3573e73a02a33decd90adc26b270dc207e27fd01d24258 936ea28c92c1c617189b38163b5488d1f90f10a4f84fde05bdae9504abbb38e40db9ae5415f6d80426cfc5254c9898e5ae491fc0da19e99ab0855a474cabfba397bfd5cc7ce22ffe19b78de77dbf6f2251df0369f2f3b74bbbd90ab2d43edfe3cf35523d009de3b6e1019098f4b22c2aacaca891f64222bf21aaa1d3781b6b02d20dd87eed5dc68207bcfe813ccf2f13c9d66513eda0c551581576bda8a085312dcb8b2ad0ff6df57adedc24b62704195cf1a886a75623c86ccd348c8a6327450f70929cbcfda32b 31e58ce6d41f9ad6e39893df576cfe44bbefa45ce4f02953620f805256c043597c89e26975ba933792f96272adeca282411127e97639e81da0092dbbfe0be831b80d5284523828e602c70b4248139daf0dd1e5ba359788b2b41ef1f46a2a9631eaf99cb4fc028d85d80860f894db3fba513787428fd05d0e8f2ba2a595afcf6133ed06edea2df96a931a8b481196d1b259b70fc69526d0d4cb6aab1079c1aa5cdace1300158a42228e1ad844582449da12343af8e812a7c1a0d1c0d52955a5e2a4692157318150bc eed752f27c8096bae4891233ab68cdf8974c866dfd80b49c5ff51d3539a268d9d0fb033b619d48b4d183dd2a76bbb2b3ff5d04e190c9c5451cfc5ab5415b6e98dc0d8f9ce44339c6bf27f68bcbb3555504cb13925b339d412ca03814ee174ca5ff0879587a0f988be19a925bdcc65d50a102f694b15ee8dccc1a7203482559ad71fb4fc573eb4ba7aae7443a035db984066ce07e3faad8c4123de241e0fe51404b9d71c1b1c027e9615364902c9bab6a446ec7958be4a191f2ae60c53178c15edcf29e76b76685bb 1a0bc2cbdeac277cdeb3c3d87ae4f3ec85eb848bf2fe73068a613650bb1fa208dcd523a0bd1aaa4bcc5be2ec213a1ac7cbe03a90c2d6f8c65de3b596a54d165e91f1b820d287da02054f6af8304bdc9fec56b8c64f458d934282ab83ae329e3b0ac27af7f3875d15748935c7973246786c26c2bb98d46367b419d0b3de58b0c74473ecb5a3a5211778e35544097507b757656d25ac8042bb5989d453e1c10567d57c3afdf7eecd57082772be3535ec7700ff5bcd7aae597f3369c3ee59b5e490f38e04b558879082
1bd69f41d757880002e1d4d19798ae5cd68a823ad8c2b7f3fda79eb486df7941ddb661713f926953b338cf46a34888c22b26637adea18d99239ecfbfacb1d079d8f2a02ccb32921d1951ec889a578c455c3cb4f8d4bc46c8d1cc009dca71a50290f203901f339cfb7a1bb6321e16caee36a87c74805fabf91cb46b0086c70d23e3f2d180316fb305bc250bde488413a2fe7f567f1a58ecbb9cce124e6e9cb21f89a8d2b9521d6a0bf9c66ac44d68ce57940ffc6985cfa759c19401e9c856298adbc3ae85fe57d8fb 05e6b29b62841d23f60fae80973806ae196ed3b3c56b120a7f8a2041a93430aba945bfcbb6e28a7fc97cbb03cbac296ddb8804ed323ff6805bcfa1effe0be183330ef796a12fd4aa8343fbbbae32ed7097b18c17c702e73edebbac42aad49ec3d7a86b4b5d68346bc7308ad2fa77be96577cc8dc1163b7b9db172f47217461fab5add151a6eaece34f7528e6a0b9e56976b60668626a120ddc8dff6dab8ea81daabb3d284a234e80486628d21b5df9b31f6539c3df13a3f493d4e63652d0955e786e38d63e3b2710 02ff8429bb59ce12be2942f3334110f3e29c9964f6b407fc34580abbfd694c64e932ffad8651652e90edb7ef86b5c6222a07fac7379aad783b3a8e621f5b06745631fe84aab8f31213f45c7e67109b24407d7e475d1e2bb3ced2d74e5e0242b60af038e40038eb608a4556ffb5564ab5c5e31f203cb380b4f5cfc8d82ea849e72c55e496c7d513c041212e260e294183ff06b42c31842e1f6fda717fa97b2aca291abbffced3ca9fa7e4b6a6d2db93b80028e0be184406f5e15bbcd7ad3acbe2b8fe58b20d503dd9 26c71c676ceaba961e833b1ea946e3505cc452653ae139e3bf6b121c18aa19d015791363edb36dcbbf62ace17660d4e257de76fb3b879d99fca2297a2185a0d8f886b2df0b483b2e80774e63874f7446b890d345931594af6ec4c0e6b8dfc0aec31e5056541625a53b512d75e5c30cbc262da2fc94fd719fcd73868c7f26cd45f3252a8c7085648c3d9bea91059fcfd344b62f524be4629600010b86d734cb00512216d37e702d9b062f731db649d0ba7ea619f3a2767c83ad546caa0f1e3ffc7fd649197582b90e 7516d2372210eda8d58e7eb97bce599f7b31f72a00508e61620f413052b41cb8b609a4721106fd323e78761f0d98ed479bdea9dd4ae2aae1ff7147436aa768b45f2d0efeb6f7f2f604ac52f1ba20a09dd2aefedb7ea014892741686fad1a39e14b1452fe9bf29216ed3034f0b56dd11dbecd3813cee0d1e25c27e48be3c096304e128ae9b9d5e5756ccb233727c13d48febc759c6a011c373ce76cddb9a3627a2194d9c32f6fea6b93280a36413c62e6993066b24c4f2a49aeac250f202f3682be4f57e6cb038941 ef60f04ef7b771e9b94398323b567811a35db9eb9bf6f64a92f2d7ba29b3d2a41e2bf50d8f36f749caaca30250e9e98153d0b996791dfc9f1225ae321f3ae7340d8b8abdc573077d258feaee9e0118352730db148492274543244687b4ed0f91570c2ae16eec07e0873e1bf641fbc8f4eb8046ecdb37deefd9d0d2d0a2b3f51fbad722eaca3323ff64cdec7c91e9abc12c68e03b567475f6e1be55a3cd1ed13d742d95e8c5eca5557f983d1fc71af1ec1ea4279e6026d898eca8060a16fefe518618e9983b542685 3402eaabb14c51666d5917e882084e7b31ded779a8bcfe3f16ee97f4c8f96e7c68187f59b81c18b5bfc2268c8e5d6cda9b0657e3c6156e00f5d9bbcaa7b63e495d2ad67b89d6082c9466c2d9f22fd0ab899780a3bcf54004c6a255ebbc8849d3a7573ed19ce60ed81cf4ab6e0fc8fc367a5e65bc9470e839f146bde42f18e2208e5297af042299ae7093974ac670b9f804de0e9fa1c437b39dcde4db03e1c1db7ecd646395ccd5e1ab4b4391491a5d56e8acd19e4ea2e2fbd0c58306ebb23fdbf49a3c6c819c2030 f4c06c8b13f1ea380e6987956c3542c323b6a767137b8e0f373adab086d529996f859f6eb5d834f70844c5f110c093375b45368056179b20a20b50fcfae01250bec3af7eda3f909181631a4634bc498abb74a8e8baaf61a30a292aed742ed925d2b2064dfd8f6648c58cb86cc7b79f98e9ea3bd9c159860d7cc43d05753c36fa599a5b6bb58ecc7a73095e3bddc91646118bc84e758cce7c065ccaf8183677f3883e54ff5ad433e21a0df16417f90f5084c423dcb43fe3c20346a0643b2f31a6a985462b77ac1550
a04f840a74745e945716d9255b99f074ffcfba2804dec0b5ab19bb6f14ebacec27467cf766fbdf931cb520dd95ace315abddc7713b0a43530bfecea13adb9f2d854807cd1936508c8097514ad663193eb7c026c47706d21a5da75258524d14f3b125358dccdcdece6843ba035573f328bb83575ad836981887a99f6c812fdee5e5bd7e73f6ac354fef1432a7a9f82486fdefa3bb0b8bfcbff2a4184821001d8482b14f9f34a9d5ef7de0eb8dc2d79e13a6bfb90c99b092b65aabe980f6dfe0b708f2f987db090a63 602f9cada64c9bf938993947297b423d715c758e6ddd5a882ce6a31374e59d3221938fabe2e21900bdbe004a05204edda8abb2abf26522986e33f5d1d27ac1db5a44cb0ebbf05aeec57983da894b05a57a158a5d8f9291472a0f8b2c7a007fb85ebbbbf58175931e51c726df510047d19bf7ee58603802d49a4a5761f6562d0ea65117ca440bf1ad1d284c1a1b6a95479cb6f5e672105837d45d5116f881bb01b56fcc427aaedb7754fa415db38127792f5864925bb37553492b5a3439b46e4ffe4cbba2d00b9329 a99d4a3ab9733b003c61e22bfe67f8b1b313b5c8e5d078013d059e9d64ab0b960e260cd06a01c904dec144611377a58f10513cdae542c28af298dfafcca6d6e73c27ae82e0cdb8578c9d6381bb6f9cee8fbe736d904ed3489fc165cc5613e4c129881e168b3fb2a4183da8e148da94cd1086ef0a5103214f2f9573838dbfb6a2d8f498ffe213ceff686bf7d593d593d8120a278a723ae0188868e3acd60df6b554e7b877fcd8f3d2357be095e51c947a78b5d61a0390f21eb27fc6c48945b4b72af4a6874445dc8e ccf16df2a5123ea0b0e632bc64b74ffffb7e1da2696c6f619c1c1510df9d768c7a6835cf3393dc346612c3b952907e89730166bab33524c0f645126c85ceaedd96d127de85ac5e218895b1edaf3c1449da11707f9e4ba18a38bbbdab562abbbdcdd857cf5decc9aeb107499743d2ba5aeaa8a738f894d9a973efc9c2b24769fa50c1b5534268fb0cf790ef06967d8208ea8c53326681820c31a7b53910b16289622b7b4f003238f85b4042df6a59994ab7c85bce5d5665c105b2f007122806cc52864670cd431d76 80c59a781b94511a8f1cf37e7ff94ae93da8c1acff9744e7bddb9f01fe2cbb690997a70c1dc347771e11c9941bc9c46e7773261154f94e1418f4bac40899c01c1daacb742b25060b29ae772390be465191d749356d56705d52644b685ff429660987ec76e9b1af8652ffe29cccb08b63338f6e785101ff9a215328c8bf258d3bfb89ae0d5ade858aa070a9e37bd5c1bd83567ff9376be70baabbadd9079ae4e4d2692f50c69b67faad7e9866952aac8caac597d5887d65f617c20587ea1835e1e9f483e09ed84d26 5648b3177f8d2a73fc32b11ca9694fa3bda5ee54a0f9c818751fb2537a752bbb6246b4cb812261b90d69928de074bc4dafecd0823c0399bd81becf452e670484a87c91b4ff2a0ba801045c76b7d410a154ea624353d48438c7f671d41c2f3b96a93f7a1d514bdcb1e1b3bc92339f97e1bcc5704cd7acf6276e89c8ed216a43a869298357f6946c06167d42d00b6839789e166b8cb17fe3eae485d2571e3aec0b9daae5de383ae3a5ea0d9f0b33a79bee592b9f89fb47ecbe1e1f832c1db8233453d6d5b7e2c83a31 e9608975db6d16dff72973edd5dfd3be1536da21a4de4158a9611887d582b2f5d504bc0635a0fade059b8e31fb6813d31aa5271e2fc480f962ae97fb235856a78e1de4ac0866e4ba9d88e8a627ab845b2822be4db4235ea3c4a114fc2883554bb26f9973988d1e952fc8b82dd4a9adc64091a771d3a959edad8cd6cb9f32f946336374ca179dd145df3a6877a959ae325c2e0f12f6e11789927c1dbe08e45ca3ccf6e81fe9a3cab3f72bf8ce87ca2e7eceab940b4d199881b00ac38349ee2199c19a8bac23d931d0 bb7a7429b2b2c4870b4d72c85faa10c3e283da275bcb8f13871ab6000cd68f1f5d0bac51caa2eb48b7e90b9d168c6898511c5608277cef22c70574bae4b23ecde27c80513601ec2ecf35ca1c8787164924632f815ad1753b165bd9a1404b2a223d5d3e64dcc9df3bec05f4de66ee1b5a829a2c8991e77bcf9d16f580af7757072a453adbead1f799bbf3f1910e0b6d472dd3545dbd3a65ad1f5f34a12dfeec4c4f010308ddf143b2a4add1c584a23691826de4da2c5fc3bdf82bcf2c863d8075f3d2bcf97355943d
db2122153a803dd2570e6d04851441507c577527820a4152df9a508181dfaccb4e2a8d536410f5615229e982519de4a8ac5a7c38f726bd52b9f6d893b797c45ae1f0a22b7b2eca4e32914e54247bebd9ff74f54f357836b449a9e7491d7c4230918b982296363c48596a1054a1941bbff69ea58e364164f67eb1e80e95794d6c819084db22b1b9dfe4694f537eb1284ff2218eaba29be85fab2c641294ffe05fe606a365de2e523b5788f5b6f1a4780b292493f68d010f55360bb77e5933d6f8aec9212526b9b2dd 68d733dd98d83ac26a668865abd3c95050967641827d3a246648120cd9aae4adc08608b8cbb232c858718eec104ba502ac1406d50f417a7659b8b1634ae6721271af86d401f3de2ed352c7eb29284622040e65550f7efd99b57d56ac56c255b297dbc5cd67fffb4420c3cf7b892d200404f4fb1c46511dffbe8dd7a930407c8633583efbaae9756c87c64988cd8ffed10e66dd6b1e2b96fc856ff33ac50e06b13e9be5aed1991090c077b9d921f0f9a395a36a654abfeb35e05e9023b109477b7a022ccfa5120929 1e958702da32d709621d1c6a9db28049cfbf0d483bbecadc9c3f8e8006c8d7b3df77c5e4757a5559992d9723f4232655adffc0d765f07d6fed55e8ec35d824a6c2e86d5fddb393c1cb19d35564b0c3c6a93a4ddad6c1818503a33640336deddebf53956465a16f008c17bff47d9252e5283ddc250cd55e199d9676d29b9354b0aea0a15d231b6ba7ac3c884d5fee548e07cb035935d83a7a6983620b38037c02177ddd64ef0134ab2bbcf1f93cfbb1c80025a567c79590a9e1e98dea6402b5033c3ffcb9e6d17a37 d9e03829f7e659c86e1eb831cfb832edfef24354f0de26a0404e7b99cba567afb0e0a9db61fd64e6a39f0456b2590a724753b7b5a4fabd085ec86fe06a2fff76448cb965f875d195b8671f4075ceee09fbbed34983b2ae15fb4ec23de5c18f8aac49c80366e115e10e38375607e0f78eabd3498b5b0b3c7626a4848f0019dc4eaaa334b55064dbb96d7992a98bb6909804af3ac099beed833112514ccb6e5ebe65b9776b114f15d561580b1bfa929927e39db94a50708165efe1adb0f748b186c0d12458a81c50e7 e5602246fd396461b2d612294a460e1c0a9d05f9a7b847796f23b0a55094a9b66dacd433c4abe6eda4b3867e5ed9010cc437544b9436c24db519127a66ef8a0411e07a7f54ea3f2f2e22089ec680739fa75e5b0c7c48e46eaeb9177210acf3cc936ffbd09fe63e9c2f46d04a4b0e186a7702087d2f6a53c138b35195c9cd4a3edb09b25c91576b4992528de7943cfd6b5e33d1c5391f7b783f251ffef7a424fe00d76cfa29c3030a9a9af35b53e4f2a284472d1e6551fe79ce7445d87337afe72f305b98b7ebb46e d12f9e015a7d01c8844e86d9e09a40e48e896af048f45ec7e6ea2862a400f5f61f9fac333031e9d998889beba1273db8c6f7cb108365cde816f6567929ffb672dc4eccd178ab54cd281983579fdadfa1c61c5f5aad8e314a85105138e4c8196e11aae158492b9b0f5f1089e3d6c13f9830425c13a193c66d4adf358b67fcbbb6b54733e321c5e3672caeb28327f8db1f517064a6e4113a59d89670c6144bf6baa14e261895e7887ca3324eb859cbf7464232891551d9672365c7aad099181bcce26411b25185ab0f 7e9574634ee5dd24f65a1f3c432bfa7682200d58a62346087eae753cfca587497a8f7e8d940c164829b4f6c9cc9a4f48709c1916b4b9614430f8a020529d0128653df23bb36c81a6020576ffae91df618d87cd5ca84c48f4f6695d68a13dfb87e50c71b16e86473581985ed66f80b1e12b78f124b754759257ce40f65ce5fd9616a874fc3b548d954aedcb11676a4531dd405fa810f3f4bb15c1202b23f1edfb7e1727aef3951d1f0e6701d63105b61dccfcd8c91e551169286dd6b28555b51b934655c956c945fc c0423d105d105104b827ffda63b74c37f71d804336afee0cb1cfd0723d889e1228a74dc36e0edd12e6f6dc3697409090bbec29d977dd3fae4ada1fd1dc1f2ea9e5bcf3571b83111fb4faaffc5dcafab22d89010bbaaa51dd5dee82f70a15acd8d0d947fa6c7c61f07cf6448e368a342e510b2d03baef1c1ee2861206aeb0c23d240cc39b1140954f9b2402637b6037c64c2778c62191c2f5074748b67a49880b05d04165faa19d71a8547ed27f9c382d9799b9b2af1c1cff82776eefe74e082011db8f3395d89948
0f38ec5b4678e42585535e5cff08568873c01549ebae0f16395db8d643d778663e25dd91649e9748ef321abcc1acc899f903000df78af23d4147b79fc7698baa1f638989d8405ed799701c653a30ccce60a27fac5bca93a964a84f526e51128c41f4bb8b4f7e699f3053b9f7027f7f2146afa41ded1b612397a9296ed17bebf4fee903795b037fcb1ba389c7ab6ad0ea22e803d5d0e24b7c92057aaaa8a49650bf3e449b63481c68b69f723198c48a7ceb2c4f3d9473fcc5823a08678adcf87546e9e1955850e77b aec5f81f92b34a3daf5f50507b18d88c08e17a96cc094e10af809c8b2de88dcb281b3f4148de5d312d8586bfc3ddcca8e07551668e1cf583904239fac354362f990e3178a6ea114dfa308ec33459000d0fe1c9b40b04b3ea3ef08b259a01ecf3ac2c5a341b674b25c9af2839c3be958ee5bef4f267f4b5a50429d7a4042a50452880889988701e3990c3c5479dbe48a85753f7ab309a6460967e7d0e2b0868f1f4fb91eca9ffad6b18e01a98582494c2b0a2d12938e11bb5ee26151e85571094d5ac070e0b13bcad 4c8dd0d74867cc7489d93cce673735df2ddf71ccce06d535fb8d26304bddc2b0168cd47352279ecd855c2e08fb120ed08b6e436d3e449d6a74a35b54155f71c9933451c7f2b13eb41fc080027f4121762b461f3d38aaaeeb61cf00127a4554c2e80635afadfafeff3f4fec073db07e82ecf04544cc9507cdd3d5ca2945b5ca19e4472ee38bd34c808743a347f5c8d62cb320af11d2e897c30280d044a816ccda4a7171dab4a8d2bf0c171ab65b171d8499210ab1f2828ed9d1d709b0fa6f7bae1d5f565b6fd103e9 a3f015a6f228c1ea6a592c43c5aacb7c65e0d45c401574d54f912712379ae79a3c86f26d951f8bcdd11017e1c6c9ad57e7b34f161907441f6d1a80d76b442d05af103e6b348f8241ad7df550261981c2b9634b4713f2260ee585ab8db97d15246da4908bb5038dff4bfdeaabb71c4ce629a06004b712a02625a888939ee7bb5098d863025a7156bda1b9127b9d6626f0242f17a096ede1f347e0c0f40e098be4bef8f5b4d0e4cdbffbec0703ebb25b49a85941994049ec901712ca10c7fc00d1d82a1abd3b529eec d4170819cc0311721f6ef1abbb0fa9593b371009f422ef3b128a065290a49d826090abfe07066b293b0512f8927fb00f647a10a060760f858cf617c022ceb5087e2572b270cf42cd61459fdec060a12a4fc8686cee411f90487099315af68ca4fc0fc076f0457248c09b630b83d2b7df38af6b3f564837bb0331a9eb275131090cdd34c95802f4bccfc0fb4f66d18f68325dbc87039a7df9dd6ca869835286b811eb705bb10f458e45734fb1c2b8d3c8a7c17102a53544018c5f7c0ba525459b8018a491e1a3cb57 c5cd69a5f3bed7b8c254e99b53d8874e3edfb068d79ced120bc3a48f718a121a8198faa208db15ea28c0857323191af8981c7472ae2ff6e4a8f934db4be119b3045429683b25c885272b67c57edcacc53f2ef98f33b47799730a63a16bc39066774c6f74b1b159c5f52e50713c41d3b3f5931f2c6930a82d2cd9df662d5fa3eef4278dba417bdb034f8a8a9b7fbbdad726150959e710b2e86b8e2cc82d8a0f74145b45bd8551ee62acdcfe589fd56615c7a1b2547d9cc9cd10ee6eb51742dcecdf1d96b54811c6c4 bd6041b886e430b8ebe5c90be152311556724148b750aebec47ccac0f6a18be3c8a49b2a4b1c38cc3024662238d61b3cd77343053cb5a92f38f2c287d136081ac560583f95753d87bf82c2a2ecbc3e2dcdc6f99a541baea42043a490c0ef509edfa91c6f613f8df076977923620adbeebf849335cd9aeca90c1e00633a0b54f44bd3ae2753355cebb84ddbd543a59762e01e81153a9e9195daefb1baeea71cc1c35b83f469614a19769b69a4c5e6ad7e9facf3a3183c677d22901ad4fed853fa746e52c9382382c1 8dd4f342c2444d6dc3164894a8c99c05073cd4b9fc75487de315308d691afb673cfd66e56f4ff00a84ed9ad8b5483fb3c8a63ada7574c4947fead8e03e98be8bb0b67c4e2be91f9eedd204267b8e2a4f60f66023c23bd10b31762c3b34b89e742acd7e2ca9038bfb8736e649e2757ac1362cb08d648c39b45b52763f8411b3c87a7b223d46f365597005ff60c8b504ff0065402fcfb4f7b00be46d96e3aa3c5d85dcc711b7d85223a4b9d3622d55feba2b893bfdd3339b17051358f1f9242d0b92b3e7bd84dfdebe
d165c099d0a19c2a8b73c8b883df6fb5105bc2e5ee4f579af8834ee58848801a667112194388da2ebc81054d4d2345e5a20877798b5353c23d361b64042749502793b6901c8459623e3663012ce5cc7a7062c20c7dadd199bf9984166db790b826251c2a084814d193905bc6a92a7861a6bf2c2d880c4f3ff25aa1db14a4ee239728234c81a5c9b07f2725b009f039423a5f13c47d263930d8f7c3ce95227e8d7844319e6ec459be58c1ac150711a672f966b02a616130d3482e99b0c8ac17fc24ee19f77813aae9 96569ed5024198c104cb078c5e37c5ca3cab0a6343644a9fed8ce35c5adc19acbb31b86f8553389df3274acf39480a88e46190a3497bea5c193553db24896ac9951f782fe65ef9bac2af993ede09a7b502e5b68b26b06c2df2cb3ddcbebabc1575df3e5d3c9b35fe9cfe457bbc6833d952795f5c41eac019289e17413e6f30397198786fc0a34f675f7d33efb684b54dc8c40460fc2f50ecefeacaf8f6f7391ee6f478839fdf5fe12efdc2b566846a751a7bc485a0681a014a8c4e90f3043c394755e6bdd3c69592 ef08d1108113363e206ec84860700ee37e79c6951bd5c9311fde5fd618a8b801456a3db84a97ba3595b28eb03f0d16591166b63ae10637b62bfb7e45998ff9447490784709fc9e788676b7ddfc9aa634d1b7df257fe3e8a5376f1ce3c2e09f5b8b63ab6a96b88f052346ee3aba3e434382d478ebed5a84ca046f2cab4ab2a20ebb46e05a57c8ffb117967bf0d1e7096318cfaf300ef89f1d8b387ca759eae90fc9f4a75f95d6a50536367fe790d5aa11033ec57096b8eac45efed755e49951a708c730961c5b0bb0 02eceb5d9a19ef3d4614122681c7caa8f3b61e87431cf18b6ad126f3370d906bc7d5fbed10d747e46d890b10c72586a980fe916d470ca6e437fdfed9bd7ad3831efde02ed3d3064f77aeabfab5a7b369eef41d1dfa441e152e5715cac48da015c5d6952362a04698ff757036eb7db2bd607239d620a1559613f9734becd628466e23516a35d14d9d0c13dd35da2ca2d8fc11ac43ef617bef1adee9d5e21eb643baa24282923cb569a71bd5e95a5f3e5557e60ebfaa5b298685515e4c9e3395eddda190863dbf5fd2 cee796b4643160498dd88b94fbeb4732029bcb7cb6fe9de72d77f3c93a50c6a4f5a6ed9d690a6e512617ed891948c6018d664453a2c42abd2940b92c5363ec69c8cb1151dc3fae55a302243e2484a263dfa8259c277ad84ec2d5a1e94511067d7ccb7d780a53f9b6ffa1a4a85b91ba0abfe923e94ef3a9d60789c81caafd417e6b6a888e2f33261e5f651ccb8ba502265f14959fee9dce465b9ff1b92eea741bfb5734f8fb7700c8a530d57a85bfe535dbe6e40ef8eabcdf92b19119481d4ee4144d5caf02d18091 61a33e14eafac23105a8260ea0293f81c15c83a6842014a869fa31950669b0771c77b6c1e5bbefec4e93a9a3aa708cd06973e7dcfaf18a0569d91c77eb92cd98719f1fe7ca3c4cca098d95ccade82e5a5451d5926a4b125248458ef148379144506233866db1704d6180cd5e5a49429a75d6f5f40f3dc45e2430591bea4f28dbb044e5da6485b5c1a151e7f4942455e05a21f02484661a590c8858e6928bcdb37f39e00fb79c8459fdada746a935aa5a95e7d93fce1e9c5b60a5d87633e0fbf18a3cbb6bef7a6f04 49c0b98a5d99555c5c240c9322faa38aca42bbf7e8d9e5b2d0d5f62cb262dffe771c7257586aa8442aff7820a29613710c000898c1be46e9cf5fbc0dfa7198b11c52b986b0f0935c4b9c981a47c62c78211d42e0327cb61e6894d5d8b016e5f2fa689466e87e2dc3c81b5c30901a5ff818dfd7e2ca36c27b5c168d9d6a62b1dd6b10599dd38624adc21b9bec010ecc4b8e75f84647f00c93702f5ac7ca4ad144e5a48e41cf5871e253ceff3819986534403ef820f04a5f847950524e4691dfb45f1cb0f0dd07bdfe 9eaa5babac012b10f98fd52925dd7d964992aa433c7ab2ef172773e85d2dc0dce772f2ea48db5ac0a436efcc925141d286beeb7a94734a7af863ccd161796f5125b6124a1c0de06861c4110095ea0dd4ac408c3ecf781cd113867fa8eb58dfbd9157d13cc221a4c23146e501f535007ce9efa7ebf67edfd5ce2e9d87fcda12b1a5f5463c417a988932a1e84b2d9c93eaaf1e5acf7743fe97b86998dc283a9ea7e68da126d50d1da17298ad0ab0249b471453244e02a5ce0bf20f6076ce8aa0c995dab7b2c00add98
aae76abc3a7683dc99c083b7f36bdda73f8c0654c4a878d6171f8f30829393b147e6c308426b6e2d91e94d51a640595fa9ff8fe76c75582fa103308918ff49bc1097fa23d52a9d069d662ceff9342748b96d1b8316b0597ae5cfd4587735761695cda4afb305b0b7a399bc6ca2210a63808402cb4df89d1924dbf2b020198f8644abc9eb419e7cbf4e43d6b22dfc72da00761fbad88a3fe5cb6b4174dfdb3f5b7f1d958664d7e453820330ee035533759e375ff9a5fa6cac55343ee2459cd40433e563cdfdf7b3a3 09bb58b9f5917e1a021cebfb388f249352920fd6b66f8a479eface6f51924a13c9c6e8d0a174c598b4d026259ab2bb6ea1b7402edf0d6c3697555a11d1ec7195b65aff35c136aec8c44ff48c700fbd3202203681b6d05e0e8f8658ea6ec816e333e80f36623603e4d39344ccad20cdbfedeb7cf5f8191f80e067409ad34780c1ac2c31e7abfa47ced9bc3bde68c60f914941c19f8f48acc8bc6962abb56b7028785aae93bfe1ae74b530e9dcbd0531d72769dba5af9eee8a7f392c2b50bad1285f6d939b3c6f19db 054d989b9d2def6b8735e6b9e30098daf3af99d786aa8d8170363fd8397a51a2a22e2cf23c02160e8481f2338fd06642f3dcf58ad270c589bc460ff9d6e62d13b8114c3bb1b132f679d8414a3e379f89730c6953326069da2be06ab56e032e066092b2485c86fc7ea9e9e94c982d71dd59d66e9bd689c611f540d68975aaba252733c2ee5da749774c369609289e9115f64de17d34970c4dceda5a979506bc75bba3b3fc56061619a14cad717f013c213f3ec295cca64f7f21669fbed89696d21fe6a50af92a9a66 a956f11c479020b9b487260ab1963cc02a6798fef2ab6c182c84e09004c1f17a12033cd900db11583de6f1e1e3af4e85c9bf6a34ab0bf0252480a181e06d9c5dda16f6127a70d33b64811128b9da115981755299cdb85aec8d9a4eab945572087b155b682fa33bbf652e560305e11b882c017744bb2e59fbd721b84466caa3bcc9874537eb334c2464975c664477324067e1c6c54c9e0b97a9d963ca906233f058a74c0c6a002ae5688abb12ca7265ae0af886d3d325e6a376c0476525b4e5291ae2efea406b0e75 85197f55e72380c01a9305346a13571f0709957cbb1f685f5b5d0d95f7680e9461626b18af3b2f7ef8ce46b0967ebe3c7ff4d03b4944c9b6fa36bf22ee2ec283a703e0784a90e167966cc76b879393f7ab001895f6302fef933ac594cd42c9cd4db4d1aec42eb43be461ada67aca7821d22aee01fd167e2b742eab34fd8922d0239f4df0b1c992b97acba366e0b8603c8b008304257fa76dcaa2d780739c6945569639c48ca2acdb34973b1b166d868411dcfb52805a945b6e60aad6d1a5a38c1c4e8f94a8b3bd2d 19668ba7aabda816f53d8684e2f5a15ba008b458a27333f4abd0c2c92e1ad5103b63131d944dcad5fb1f0f9c4138dd9e4f94863761c8aa0e34b15527b190d28ecc64fb8eb3dcddf82dd4051a61b1e1981286d309b212774ed585a81d1a3fe5a76750c246dad33fedd8428aa22e5c95745623061f4b2b419931683fe7ecf7ad0120aadb24607f65b8111a30314dfbd0b350d7fc64703d2ca745199f40540544ddb5ec1d322cf751d9e2eb2e676fd97bfb4c404ce495e923de77e1977e64db914c68957e443d177268 c0fec4095ed9feb4341f55dfde5c2d2817f954aa6197890ad9b9c579d5ad0909e9691954181999c7fcfa319747204cbb45cbcd96b56d02bcbaa18553e4d2c0abba79f94e85862f1bcbcf0e48f2cc00091a74a15c7bb0fad9e73e96aa1057798bf25ea28ace5c5a5bce2e8a6746ba63975d7a2c16a20643fd4e5ed4fd142b85241d56d45880cf858eef3f16e9b83fe27c356eddc46ebe50ce4dacb43dd19c7f5835d1fe39143f2430e2ccd0c669170f2c0d0238740a6ec5c5da932731c839c9ef159faa301ed59646 3ec72c18d9af919c45b253bea2c803ee52746fee61bebb9b906c0b9569daa0e5643b0300dd262346708052a1b82272b4e1b12d11e79ad83ea27d9623cb9a07bd699fb4a2aba460e496a919cbd03674dd799eb93fc63527a256d669c07dc0d38ff2917e31be1d4a01355718640fb148f8bc0ec4c6f79d5501bec5d1bc230d2696399375abec7571f5cdf8a3471e667737fcfe56e6c9068eaf87d87bcc092e6ef1f4ce3fb12299acf53397958baf873c11536117b3e49f69bd47e6875c158c4e7cc3b48b3427e112d9
1fe02c216bc153c9e1bcbdf870c3e441bb9e0115a831ba75e3f945a33a2146f85dff5b42fa5af614160d2edfa664b3b3d4ecde51fa4855596972141c4401615be165d2244f0a1d217e2f7800f3c3bc19f09a819de02ad573e7a1f40d0500af6de7843caaee82002db5948374b221ef331648a171bd3be7fc6e1f8437916eb90e8acb052cd60f787ec106d37a443ccba91a71836662fe168436e0ae1fa10c94ed4f58327d1775c7e23bdb916bfd471e5ee41fd613feed1d6472595229a5ea40a551a0ad1d82700eb8 fbf77e424f73c657fa57921a121b19258626cdf1747d4cbc3d84a825ff8dd01cec7ffa0c8caf0e00ab2f8a0c6a8213e75bee87fda860338090b7cf82cc99010238786eab30156d997dd9a7c2e68951babd44c53166d7a07acbfb28725e18d59100127bc36f4669c21908ece637ad62c749ca0c9dba57366b09a81a43d8f5a5614d21c1d64f5525aa9ca21cadd1a73e567fb3722ece15dfa9c9c4bc4db7cd75c2deb8fa0869cabffd8e67e74175dcb15f4a3abb7ec1e29d25449cbaf39a78c6a888e72f2df567032e c4b294dc6de24b32bbfdc74470307a4670eab90f0c149cbffeb14213bd175692703a50ab653378a3134c97b4df6fcab6dc4e42622ef0e4bf5abcec18f41131dcced09a13e4a3e1df25da1cb2801e2c4746c9c65364a194eeae4a8178b7ffa02e4b81ca882944fc56342d617867d59caf65f740fa646eac3781c4af6e2a0a467b9e86d73fbf45bd416c725ed293d82992d2580ec6828b6d488f290e63d3ddd8b95562600b696a3cc03dcf55ef8bcdbaf54e5900586f1f315718ab03bd0e1ff2738791966fc7e0541b 5be992b2d104dccbfd310265d41b8e1713d65a5f981f465bbd9a4df3b442b969f61e52c8e435f0884cf85b7968b5912a2f47fb5b6670328f5ca44a339e3ba40749b6c40a6a01458cd14ca009e8586444641bb1092c4866c93b6dd86b5d8847c6a063126992503bf1af9dee0c7e103a84bbef25a358108cdd0d5fd59d5cb84dc60495fab137e3536017a51dbf05947d1afd9173635d69f07a6f541d6f3606a2ff5fe625c31e8a4ee276d37dc44b95283240851ee739944822ca90896df220402201a082c8e2850324 5bc95896237bdcf8be36dbb4101f8e484533d685f9a1f7189ad4fbaad4ec6093369a5a2b13b0687dbfa42c4a0bbee40873f98a734d498f17d75367a3264fc9f1a3d37e8fd6c453c7a6b2e8de62231cbe51c6e71052fae2d5f7e149d75b99355af0f7ab5bbfd1f5943bcafb9f70825285f8753adba4c03366866a1bdea33676bdd00119b74f89fab50d4a70c29ba04f23aa8f11cdec1a4b15e623129c8f70bb882d1ece52b182547d548dd19fbb4cf9256d52862f97548eca74b99c7d4d7ba71192858f517f7fb25c 3c05de5ac49317de3c1658a761e0736fcd39a571029837b21b5cfa6a724d8b6e8270c2858ddf9605702bdccda12b50ab8b6f27a9dc2b8b45e88a2dcab028bf68f6e8be5b71a3417207f2110569810063696934be04a9d61fcdfd5ffd7dd29226300c0a7af2c1e60db1e34263c20db09d7abc3f0aca3eba8c223224b03340cc8a6f5b0a78e28a984d2e30bda279f3a7e14026ebb925f32da70d5dd5585357c03ac345439a2ebc296d8ce0ba4de9d1cc6d36395fcd94c29e2ebf1910c3c70e55fcd908203d1479b395 2bce62a71208ab3a312851e3288462091df2148a685e938c9e7d51567bd82bc68a750f35988a53f0b4e5b6f119bd8d1a534bfc87d677d5f9bfbd0112f6711f5fd62bceb064cdde1ea15db1f3c92bbac69964427306810b98ad6d3a80524b50dfd367b632f34a77b4bb952e679783d56352c6e4181a52301ae3aad704451ddc03a7ecc3df135a3b93ecfb7a2a7f34b8c115c177dee31963f4d9bf2aa6a35a698ba62fd1768e610503505780e942d8d9be27c28d8646e1123bc982581d9aa38003d556ed040b70cd3b c5fcd97ee2c43db5aaa68161ddab0cbbb4993ee6a673992ef84eb8af60442f65f7e6e7ad345a7bf53d523dfbdfef43091b34c710cf16d2dcbae6e60e39cd846f4dd14160a724e8a07cfe529473f5b6da726b5adb3a24b4e2ca9b5ce7e1e4ee2f100269ed26896237ed160c548fe6f979f85b2d33fcfcaf9e7a787ba8fd6aded600633ee7e670dc22ac2b403f6905a1fb1bca593cb24dbdaf1c5ccf6bbdb0a778310f3012270cc1b7200c28e7114affb2e5074441c55582fdb1edce94e48bd2f63818d94be6c58b26
5775f6debb4a5f2dce630daaefa2be11e8b3959dfb1ca21502d1efeaebfbff2b5b8689000512a0eafd9d3dab6c339646478e158eb6e29cbfd5943e8df9c8fcc69561ed624166e0c7c01c641db8409ff8a90dfe28250d8ca1615623ffb7158ab4df0b88474c030136037fa548e513f2524fb800b7db3bde6e7cc56163e108195c583d48ee7f1db9efae82acde7b815f115645b1b38d5bc8800eea517283a49efde97de51bafae69ae61f586a6c729e16c309258d6255eda99247f2b826a03f23d076a6b12616c87b2 564d928b47d6ca93a124ce6956561c6b665705670e39072506335dea22c233c2325cdf828fc1ff3c2e832d5a0b99433aebb5458bdbb565b17372865492ccc0717fe24767c081eaa49e49c8696ab81d1e152ac9cc3194e25af9b5590a9482a118e1a7877f1ecc2a4cee514eba8a908f933d10c52e5732947b3d7bada042672775ccfcc2d1dcca0be2dc45cf4e1cd3f8d3474d8d72fb98a9805615411f81f355eb7a5030bd56e5f89a56ee9c4961b9d6f7061acc378543b7988e45cc8be9c3255213944369dee8a0d3 104fb06d113470d71f6567f00336f0b67ee93da936d1941e5be928ce4bf9bf606405d9460e5119938a7d4b767eb809800fdd27d7c376e78f502908d28b3f6cd63b91823c1e5d1dad9611e58b655804a4e8d022711ec9150e8db7917742f127401b3424b745d29c78c5bb112780bced221f8494495f02bf5c942925a64a1d039b5b8d8c8043cfecc2cc8f3bd34b0da5c98a5993f73f99b8b83bcd6790baabfe44b4d2cb528d80752ebba83eb63d73500eaf90ec6e93d13eb35814a0ec1d53f90162de38f63a35a3c6 987e211bf0804a77be77a88c6800a4be5641e044c607794c1a02f1f81b388d97d00142c81cfd9dac5a9480354f2e4c3488147fe4051ae77a0a8292a6b0b0d05a7ef08f91c28a9d609498ab11080e8fbf1e1c02c0795dcd65a009a71db68e6f7b7df995a3ccb67657d6080bc9e1a9c0176141325f791f0d4d18ac9294de999621913331b26351087133787cd371170c29159bd47a996afd13ed16e95c0b7871f0f5bb4a6cfd5cd84033132d7c2fc354a99ab74ffff6184bbe171cb6347b8c89edcb50864e93fccdf6 5c92ff2d6952b4147f01a8654403f0a1f18ebd0078f15b141de402e64b3d1efc967f58d764115632cd8dae8680782f0e00d036a4b3777f24395fa6499d4054cdaf34d57f75a4191cdfd5ba1f984c398f586f26c3a9f448ec39cc23e1d9828125d9cee6adfb4c05ea70f1b7e0677ff88c79f453559385072b1eef8461fc5cb456df9c38965e81b490ae7881c65d00567f07136f8f22dce8286c83cefc34e00b64befd900b349ff1b66ecf27b099838ee1fd2f4fcf8b8ce28f839f0982c34b4e7cfd675d8a2f8049bb 413ce5d452b0fd07c6ded81b12ccd0cf4a2b51284c6af9b29825f2dcf71bfdf6532cd6889f483fb02b32a0bb54c01a289ba296490a0e1b64e688a7626347327cccc80429e3ae15c29e7feeb326ee9b8eff0d07e4892f7ea468e73ff256d4a50ff4b396c360435e7a4be2a43172f4478fa04a27fc3b781aaad1195e55af1b5af06ebbea7057ed1935e546ed6072733400daea7b768f8b8c2f3239dab7e83acb5f095486c0218c2ccdd48d18dff379c6a20981fcbd757041b25032e272ebfd21c93ecf683bf4571b6b d3e099a0f5beab67c6e6ef8d81a0b13d01415f84b6e1f2941c1eed4ca2e0786b0cb2295320cb6e712227491bb7e343fd9f1488f9a6cb20820fe973473985fa2eb01dd30921b4a01d17fc629b7fd8f9c4aa7e93d2ebb69b0b0567ecaa89d0fb4781ce9410481050801c9784bc8c331c0ae86550787f045bd2e42b622592c36db0c12b8cd9e4a88ebf15f7a79cb295c0f3decff3f73bd91cc9ab48a722f6fd4ee615e9ab48080e03fb3e7a2221b80836dd88c12b88d09631e91a9505802b3719cb134d979e9289fcf6 c3e48095c9635cecdff9117acf2d3f5cc476289278618ddcf03df8f3b6ad7b3248f8844015b8a32070e0ecd523b76d9fa70318d16890495119b806a52c2fc98fe5ccaedc4267e583ac60d767d7a7ab143cc21c24cb7e9fed49d0defca7ded8dfcd4143627547283970598f8677810994e6f45ee12576e05ea61cceefc7b2e1bff03e50a97eac74748958b2fff094e5a91f4ed78337130364d3e6d8e940a893a942006d6d831fb3277f163658b2583e352da21906171e06c07d7f57854a0ec9a81f5f2e5aa0899098
692618506740424ab9537152e78a18bb9454a2939cdadd41d884802b6e95db377c06327c872b6037a5ed0063f34d057d9706a3b584f150dca4d708a33adf71ff7e9571050232ed65a56adf58e156eeb8f640e6ab55339acd2a8c9269b6c5a34bf201e46c73b5b36dacbe18353fcd9dd6ed2b0b0c778c409716d1b945692aff290de9a1150517ecf0e956a993c65d5397614af448c727f135b56d4dc2c9c0c9671de2fdad46c7b54daa8fef7c550e13ea97094b5430373a1e1cb068f7b448698d978e39cf807b3723 d1e0e9ec4514baba7f5deb18fee23f85c4135c049a95b9371f7609f0a1c6ce6be540e336e4c428ba21c6ae196a4bfe87cbbf58ecefa24d5dc7fb45122e7f07d2608d5d408be6947af0a53277f45d7fc5164d61741b4957ea3971fd627254b81a5c44bf203f94c5d122de8f3959e7357b950b200ee7608ce21599d215cc289991b4dfceef35fb52751f5b96222a4b6ea8c3196db25f50c624ddb4481f66a909f7acb1a8a20f0fed6dd413ff30bf46d2c8c2741ef40ab2a6c5a33a0c0f5a2455ee325a733f3f4b104e c2263a33f557faca7d9e4dc1d4db0b9d6c5c20abc0cb333b27bc897601a90aaec3252b68dca99c16dc2ede1f30679b204791ff7e8b94ac78d2f93f6a71f8437ea546acde3b5d3b082c77214d50fdc30eb0cc2e651f8714e7ec8ece30eb0bf34122fb25fbc31ff76f115e7753083c67a0bb62c56500202ab5bf16daf127e341b6d14245c117078232ee5fc9fb5dce5c0a523dc95f3a67c1c9e35e22256c7412ec7a97d19158c80eb16385682992c1a133597d4ea6a7a69f4d86a13902390f3c757a5c4442b5797d4f d8d12c6627560eb42b1219395a3cec6c6d0bfeea7bcef30acf294a8bfdf05e3653987b72f452257cb05f79a54107a6306ad0e5ba4c412fafb9f2af936c9bfd15e07ae89dc66f859edce6c70dde74ad858eb649f4ade5c58e402e3ccab0c199fda94ce39d3d46ad67915b07622b52e1a435e0535c9c56c628db384eff96b6a1abd5f624887f03d74519f6140bea1548d44de49a6953c05678ccb24266daea96542d2debc7796adb62ef2955d03f746df9b55b132f918a45f2df9126d4b23461300d4af4257764a7bf 61d7bba21e16f441a86ee73e90ebb9d6bef301b53d4f1173c87a99567e164254ea204d738cc9b532bd5addd15094391dbb7d34e5f29e1f42e39504c13af678aaeb0f7d0dcc627e6e65b4ad6d4a2a3982f71e4fbe1ada164e09b04399ab0e0206682881251bffd3b167b7ef4cc0693790d37e0c994f7009fe0d641e8c9b07b0854905a94594eda6191112fd048742a34c04b63fe96d82a3e8befbe3d859885a4986a0df4e361521bb556a6d04c4b030bc0e5b5d72d722c56693e68039396f8466b48329dc38920336 c0615dbc1de59b71c3f676168929d116586a834fa42f576004d8bffa01b2b1c25cd8f57cb74600998dce2f41e7a59698e693842b797c7bb9926060549de91bd58524645e1381d004ba7c43dd55176e58b0599a0bb1fb9d3a171b30d74098649383f389eaaf141a7242d5d409ce8c3b2eaa444cf1089293f2cc0a6329c24e5b3c7c011c334f5a665e0486ae8a7bd3900b6406cdc24b4bb14f5342d5bbd3dbf0a616ce85919b1697603a9a152f0240337636260ca964a1e3a6104084e361c0629db8ccd8fed0d434b0 bfb92b33f597212637a92cba76893d0271c17ff736759a1428bc28bcd7a87b0f315dd9c1ccae2c7214bbdeca5ace2a5c66220b0b08c588d95049140454f34598f6d4d4c6e85ec3604ed5e6dd6944c1d1f041fb7242385dcf5df10a24700d0f7b60fbde25e3482bd8e42f683799dfa7a581a925578647a81c5851244619233091b25817e4b4010f7c10a079aefe4cac317840c7bbd6d87a2dae6f0c4f42cffaf58ff36f4a0eff706486df234f489853cfbae9639939ef296207c028eed858d25890069c32b391834c e6a05787ca56925bff440062b173d7d6d12155d7b5bb0f5d1e3626183a74f6efae13bbf522c257d15ba5728d1b5064b1572948b3cd17c2c91a1d8ac2bf1728ffa28dfd4cd38c7850ba8e004100662031f333efb869829da845147a2dca9098adcdf59266759f54520c8fda1973d380517be2fbf45275b6233b215a157a2b82346b0e9ca4b770cfe9f7a2ce92fde4ba4dd18ed20017f64e60cc9903863a62ec478a62607d50b083a42526f00e7a5d48e0187b25dba67a42e633c0a258d3ed893a43d256f769c0fba3
6085932a161600884632e6751ec29afd0f114b38bc2f6da63869e46d484f3381602169e7409c32e4d3b7aa2b674e3ad1adbb0388c262cdcaca483502ad35e7047d128f8dd4f48a1020920851b04e03d799d3bdf008c37f69c037d1ac26a105e2a0cbbcf4ee8459503d0caf73726a90703ff0b31cf916be0cf6b5dee5a99c0600c0a8e0f8d68907cfa2063e47887e0fd0a4d9214e8aa951b357b0b251ac71d49a956d992d8d34f2bf3c71d305c35bb3d8f9b78384bbff4d83bc760eb46e257af65a1cadc6e01f8fa9 efcc36d2158adeeedf6fe0d36db0791c839f1dbc9b15c6d138fed800aa497fae9ed21e1264e97b589693e6a29b4cf8e94b05da43946b18d876a8f4b0c4e9d6742b08a5cf1f804d6e7c28492fe9829d54f79aa003d664dea9f23f4a7ee9f01898815424ea6e377fa775c7cdd18196b203ead49019cdd37833effe9da71159a53944cfed18f8645d43067c911a3344a74d0c06f48d8515346598c65017b34505ee74cd7fb141df60ef1a2c849c2966452519343d667224a6292b75830f52b6fed4f3d31f1d1ab90e89 0b51363dd90e3aa5aa4beef556440d7f2c234f0deb4367b01451b50a9c65a0b13269c13a98d8371f71c8d4d2e9bea90ddf574e2e45c69a79c3c228b167f448e8e415758fc36f897a24db69628d5e721ed034182e01c2215c2dde0c3115b2c29909b3f713c9f807572ace8fa41004f273f4b89bd3c3abd1d0d894d91f6582dfaf3bc1d0d84e65eafa7114264bd8560fa58ea578ad8a6c6bf2556ae535f1f5d75c011f17757d54eec1ee421dbd00f73f7f3fc09437ca12f98cdba14e0b432d3f72d8d3491ce96db0d3 675d7e0ef98e199b1a655521e463afc4e165f29de7bc444c0c1dad0fcb92fcf51d041ec37efba4bc1e4709acea08329909a1c1a7e02144510bf11a1b72944f0f07e4589bae77438823c9850af740dff7a98517a700f9c13522257dd2885dc57fa54bbf0c9e002ca6257f1497f6bd8bf100b44457794b2173b2eea46294137257a334dcde3f809b210119e706d13cd347992446c5ba2e6b9060460c99d16ea35604711212bc2824dff9e0701a7ad07d654252dee59097f28075b2e13ff65347cf6dc1ecca79462f90 4c0855c6a4578d17f83ca640c9fc6f4d378f9f72ea26995fe63eb2880af8e9e3dd5b0387b02ecf7da51045c3d30a4cf80f4353cfebfe97ebf35ee8c810fca69c67dff92c314563c0a98674d9c0ea9217f0c11f611d8632e4fe4429e9f4b31f953a9342ec3792e81728876df3b38550967ebab300cb39fae0606b641042de610267581e62da037899ea599d079c13d519de58b976411a90e0dccdebfb42ec8424328c24d5707cc5915e674adea0da7e7eaa8c4561bf23b9ea48f4d698fee9fe0d33de6d4a0e9d0886 b1542561958249179cf97afa5d25eab3207a19912952241e22980a8e16c6994c881b110fecf97a784f8ea17a67b9e9887df224fcd08a27e43f0e560664742611a412c08c3f2cdffc57f46ef33fb222c2a7bee6c1483834f8e10ebf41f6c517d2fdb0434881fc558b0d418250db9425ea6ea3c985fbea9d5724f1be0d305341488141559953c67eeed27d5d00b8a77c19af3225e9097932ecd4e551817b0de73ee95021aa059c69029074c1b41800de7c8df718ac2b27755f30015bd4524c45b2cf663be560b94a62 a17cdbd1bcc51c807724d575b66b095fc08ce8d189a4299a0032d5d3ac57d3368c693887c581cc2540da9d06c4868237b3db7a90fd183020be2084db13d107b13431bb5664c5f8c2f622d9d47520d21b437f6da6233ba37a1e77289f8ec6bc269ecc750cc13822886aacf869cdbb1f951e78d66b6d21c0d51db00910abc56853695f63a3e9be9426edce4be9d5c33e979942ac89e61f27ab5c6045f2be3abfef5e9b77257ab24b99a8d75a7967d02fd4b89d9f949ebe402e9cc3d3da3127ae2df9d524f357705b51 4aa1d56facc5c34e6b964558e18f210521f6e74a488a76d7f0494deb72bcc578b3f863c693b1b089712bd44593a6f291dc8322ecae648156e7476f7a01ecbfb6c56d8211efbed65f86cca2a1e11cfd7248fa625166a75d151e2074efd5de8b443eae8f12d9f2c08e2eb2a0cd870674d084ea82ffdc9e6876e9b73459af683e52d8cce6876c85d4c85a3b46e68bfabed23daf13be4416f8c337aa39eb8086f9e7cef9979cb368fbf2ea06dc75d73db91d6002f6ecfa8b673d87d7c6eedde76d68c6a6544cd60b73d0
7f13ab9773793e019dfc40300e9623c621a8c178e63e8a52f1fcc0e12b3ea2d79072dcc8b4e39fe81d20c03a2cf7720c068dc8ddae1ad8fd8a8b1f61307f90dc542d34fb652e4d87d44884df55c32c1fcd2937e0157c3d25a0bdf5803f44087591932bface148825f6724090bbc5ac3da59aee3e9d52bbca5174117ceeb2885a63e74b2d1c6d18ab0eea79c66fa9202b7b31c97e9b95602be8ab7b2cc09738da4b3487e86cb1084a0c45cafc0e40d26eb37406ee559a293c4247113ecc2de96ef9f711ed42180368 c29029ca24df6040dbceddbe7761bdfb3a5340d8a70ecb2dbdfe1d9d24f09e51367681a14e4c3c699ab3a113708203eec9b66287016913895bae7e954a5e8898baeb8200ebb2ed83a19eeaf44ad135e8ec28edcb31569c91647b91df6036d9a2e32f49aa54b7f48b9928f6d91cd1383ba3232550c5e38179c5618a6bc7e9696b58a6e72e0bbd6e77071669ab31e64a23b96fd953875a9a96bc33fd335d0642d33b50fe6c479517fc37628c9a0db1ede79e4f48473be4d6cafefd4a83a2c417a50492cf537c6a6c3d c81225bf19ca3edce58fb872b7a6f82c1efcabd48161bf939a815d42c09ce31510c9531ab9ef8e49d15790d881c7238ed5e9fdbaeca3ba7a0072797064700774aec7b42ce1e55f4aaa20807ea0c194a359c6a0f41e1fc2a6f7a41174910d01e553f664cc7f05a2a05df17372eb4f3891f6512abb0c2f5c6958e946db0ea528791615da6494001bce7d9a8b7fe66113a912b3ee2047a1720d5a60d7fa0c02d8bce04701c29353ff8395ee3efc270b8f9cec3727f7d6b5639b8a1b703275f3e31db930e906f646ce80 e21ab0274b16cecb44f4e881e0714b1dd454c0b20d3a8e415f0267bb735e1c3946c7dbc2a9e0fd038849bf7c789fa305d17eec06916fc95724d9150875d096fadfc58a19104354939b3da8196e0b3be432acffaeb3119e992d3ecd4019abea0da9f14c474972b7e24ef7203e06afbfdd086f1b26f5c582d81c3711ffdf30e6140e3bebb239282250d22fe875d39d17bf02f792f68e18cea24c71366fdddb3f9d0c8d379dc968507d5c8cc7de6b92d31b2c8e472e65754a4f194be7f954db0ada97aa285069ef9da1 de0378285a485023b4f170cf4f544c754ae3ba99eb5367ca7e2d4ba43a1bcbae8418cad1c4ac137dc57220f6b2d3af0699f7deb8ad2752640ef0604501d3171a6296509b3e4d5a09b626d50eeb58b313e16dbb9fcc5e029c6bf22a2fa2a8342b74c8a167846a9673de55109beb3d2ba655b7830a3bdd5fcd4af075f959292afc9fb7c8e0353b063d48dcbcd6798819cb5865b890b78759635d74f3faf6fa91cc3130346dcef3549c547f7601644f67bc3745fa930a9e51042285f64c961a4291bb30c7e362444c85 30a8b28206788681c5e374e731a33abb1b36b9631be90220197381756cff0cee185f7f6417e821f0ab44f2ee4c9ff06034ab169aff2d55d7fc75eedd03749fa14a2dbc2fd7b0d426126ee40445c393f9c24a4441e22f93c6139a67130b3a7254a6ef71e52020fa95a9f93a03f2b8ef097dfb9e1d8eec6e147c6b4351775c8e1345d279a0c57c4f70161df26d13e647a050f7647cbcb2bac2a6ad491053ed35b317423ae8b6420a62270f598fc295326fe1dcdf2a3b64a6df9ba8cde67f856577d57ef11fde39953f 125523a975854d2413f7be6ebac4c13d06b6e1bfe5da2befa7021ca399706669f0bbfff6f23a31f946a973f23250809e15b11706deb582520ec2f777ea0f5b891afa1afc263196301a1a1d302603520ba089553a5e84605dc10d34d77ec134349f05ad2d899c6c805abe1bdafd4aa98351925450d8b43002219e70a551239f9193eaabe85871d9eb5bed57d4e3c6cfbb2361fbb15b2d62d66b2e892a305e488560f81b14f58a097efc7db0d8be73be07a38d7c38ef9f4b2a7be252ea8bb5f0f8005ebacb9f291f2c 45ea2df3f392df369c1287797dcc2cbbff15b4704c745bc6764fd9ef3f84941d89d5d3f971a99808459cccc80944789c307aa27ecd3c8495206f478215226f393aeaa9018118ff2aa864c903149a92c49d37357280831a41efc90d90f655bdd1152fc046749c8dafaa5960e341abfee17f8a87556a302ff76d476f732c65895231ad017580726c0e882c909b86933c2bcee0377ed642483e1d5ec4e2bde3e50849f908ced262408af749a1cd914b1c004113776975f46f2ff87bf0d3f758da76239786104673c169
154e75c04d600afe26eddb40a131a436e9eee4f066dec7f93845ef9dac03f45119e76fb15f3db275eb661770fbf6e373f43e2cc87efb6e6fdf57d132d53ae06f3f58ad65fddaab791d0ead70b98497d654b25e09cf3c2c0e99b167d40294c406cf9d98f767d7b3602afe89253d01b000194aab06677f4b165a8e8c9ffecc1b2077f8b5d97b5eb4489d9e724a73b0c542e7bbdadcd3f37df9c35985ce7c260aece25c6df7f71db30acdcd8510aeadac93d6167f3fb1536b0576a616137b6718757e9856237ac63196 0899315256b374bc6c97c57fde30931aad855f9c3ada619904df81563cba3d2343aaf094661469f04f49d789e90079c36faf27d37e3276aed5adc63894f2510c12148b3e324748dd3d8db82b2aabaf43a511ca218d37bf7de2d8ea1f8c932475a0cc3c0e288e980588019da7d37ad76b264b19e480493541a648cccd131535aaa7c3c5594668b442396d7409a04c77ed9ba3aacdaeb6be905a7ed8f0a4443ca965a7daea68ca9d53b9410d8c940ee79cd998b429a649e2582eb8a7033acf6cc1fb68b9dbfe71b56b 9f8aaa6d3811696ca11e0d50d404f2c94999a43fb739bd73443b967212d47190c8d3340f21ad2a85c265868995059f7bddfdec2e6814d01b29006306f0b8da6f7d9c17a160eae7a0dd1185fc890ce468606582f7929cda9d10a7521abd5fc39a197227a069c31de1e65fc2aaa12f6dbafea3ae93d9266aaff3b30781bc15b3c839f553a702501eb5cadd425a1c5412907cbeb292df9138a12e546e250467ca75c7b3b7c37a67afaaa1e4eb309b20b85afff13cb67a436fc5be5d7e31fcb0b56f14087dda4afebd55 2f1b2af24971858b2492b8a0dedb5eb6ce28a49d6a05901669f638fedfb429449df58abf67abf52e70be74b5a32464667b1a6817d2b1d44ec46c3b45711e32eb59d5ce9e83b23784469183e27c83a14605d5ee7130e6a914d9545fe127db8dcfb2c92322f59f5f31eea9a32c7d69a031c64cd15e32592be6b7ea2545d0790066421fe6bf95c2564aa09e5390f8d6aed7b5a93696c150ec8ed223572ee1be5d34813c91eb957a38448bbdf7a1f1e96d1ee1915d741602aa8bb6c70a1ec733aa1fcdb91558ea6a90be a043fc6aa3420100cada1aa620cdadb323a13232899d1fe0b01c46bf01b973086ba01498d9f975c95e5d2ec5acae5540d2bf1f6d46fcbb87adea4abe957ce1fd9aab38aa09929a5373e71cd7f0ca7dfcc492aca96c46201ff3aa94b69bead530d9da83a0c87a7084bf07997f706c68ed872dd0bdaf7d4e30586c7edb0740f4df199c0e28c993e307b796dcb4ee93f88893bb6b75d7016d67750dcd811dc6a101ad84a105557377ba77510c1fc5afb27c812f8e0d894a30c4c06eabf5107f273285826c12a2f5b94b b7a7a94f10ae5588a442f3416aab192ec3e11f17ba4d9a00d86da5efcab492d13d75702c9b6f07d7f88be9e16459148871345a85e3d98e443bd98f0b8872e504faa855a2da04b843bf5d02d733209b35c2f71a73c30aa87300d7aa7befadc9144a10d8e8a3b6a9fdf1b017e2de178394cd9363a3c0f380374a459598be2238a5e082bc2dea5a3010846df84319fc7f99e29e56e8dee83645cae22f5b0d578db88de646698ad34b90a9832562c6ca8a48ed5b67517e5a45fa1c5c6e2e783b3581400c16c554fadd9e c71519e0cb588daff36835d5c56780a219f4abff32aaab5e4993b49bda6c7c381c9f3b1269b09581aaf3a18bf28cc99b55e8bc3cef0142da5aa28c5330f8e0c453164f63b3d25ca7a70530c8b9f1489d66b5700c0f78605f4bd0bbbcfdbe0ed2f56939b09ccb5f12fdabac9b2fd4f1b27fd8a9ebdba99a749de28a740a5f80cae8d208fe28370f83efb04d9dee0afe3980320e99ad06fda0b62213df41f6f8d45ca42f1359f25f78d09a9c848794cb9279e7283df9d6b1112c52d11ae6bd75b99d6a4b4c805d6ea7 b9ce8e7d5e85d924173cf1afca4c7b7125f7132243ae774525b0e2e41d4173ab8ead42a8802252df5ffeedb7999a56936a3907d2994f3575a919bbc5deb8dab5658659b0ce397c2a618063e2ee9a3c97544ec2a5128ba55776041d08624c9fa36048ff2c6443ff0043f3510b4e08e1173c19c5806cf4bba701b100d1a7843257a5853398ff91b114561612aef3c756b67b226e9947c5409d61cca5ac40d8446ac43011b71cb0ecf50045392841b6823e50ac02f748ebb0c0ffa93ddc5ffc1f3cee3a56c14ab51c9c
19b322291e113376c1f3f4c788fa0caf7e508301af1fd08ef97dcd07425eab991789092dbc777de2e29fcdb0c28221e1861fd0c893ebcbf69b2d669a10a044bf2d20e1158480b3d87980d47f6bcc290a28e8f4d5bce0b36c0c55252c26599248ba0fbdffee0491ab58256baf6fc872ce73dea5d09dde099d6bdb41994a82b2f85c104cc21d07bd025b181186172dbb74f0b0727af179d946e16fd65345fef9f5cabaf0496c42c1f6af91d14c773e7f0822085f5ad20372ade69d3e3dd6e1128898e66b7d09b36440 87c28fac7d8eb6945524749daff3c7dbab0cb3f31232c71516955b39a12823d285b5f8b1499d56bfa5f21b28230aa82f832eeb1472fcb309b015b520a5552dd2b7a4b3bae53112769262235808e20d6c6d8f847c1af2632af3472434d3c4bf54bd9598a725951fab21663bed0fc1fb1dd03b00457808488c55510a4f4f6f193ee9c2e9466b3aa2bbe84359c8c4aa8e67c7bfec5b62d5c8379aaa7727191f1292e8636b0b026589c1391a001bd15d02c4af862956c83df02475394beddd827689a6dc31f6f72f0c90 70048538119c150fccbacf648f2db6e26d25aa0359b682666a5930441eab09741e092d1a89078daf3c6189080d8770ce405efbe7779d906ea81a1ad670dde02edbac251a002c7d955ed11d51c06c1f6b34bd58c79da429793d6c23a6a1133e45446241fb195331a63328e4f9f4436b70f1bc085e33eabc08e2296ae8ed6968993c77db67fb8f5fa69c002423f3b0e56c964d3e53308c64e506e8482af6c75dded5d3be3a28818e421b7b11c20a90f5e9c673d7f0f935a76738747b373057e1a40ba04e088df88ef9 bf4b07259f4c71ae09924281cb9a95c53d698d1cdc893b73da62ac8c998a4237ceb1dd8a5f149b419fea6d8ea2d3162db3ce6f0a0e581641fb80e7e1a7cda992122fa037e5e0367eec7cd50ee88af7d1b3bf4e4bcbd571b2b051e5289f61f49bea2a418bf39ba617d4c210251d156e0bb3aa166a57851b7da28dc1d3d183bd8618a49520063b13e105c58d6c5d9e1ad41bb528682997a0d589ab1f634ceecfca73d44520e023d36c2f0e659eb174be1004eea176f5f540d1d0a23684d02d34b86169c83299d18ee5 de208c09979885f2e1f332a6f193caf09a9eea774478035f7b1cf8c8b25dc00e3f1c151595d1cb587562825be0e9a8b2508a6511ab630c94883ca7967578d5d332824083016a675eb0b8e070cb2bf2da230a066c934f16051e094fb5c99f227f110725c19a986303ac5889bf0c814862bee7d75ca134579234f061685cc388909e420168dbd7661c5ac3870882ce036e7720a69388eb5ea4e73b81dde78120ac18a98da9c313d7bb0a1712ca4278693465bf7658e6d3e7ba1a86f0f467769637dd2404e6c9ed4c09 60ac5998ac409ef1c553c30d4aaca3bba2f7f6bc9136f21c9294ada16c8dfebbd2966adc60821e85b7ff71aa3ecb7ec404bf2449656057f070478c9cf3c52d8720cf61bd4edee86f3653d0cb5792c4517379e8b6a46001241d518696d64a6ae583adfe4760ba7c91d0a07ec19dc08fe883acf5d51573e01439b596ba049d9596bba4d282d2625d7801c7453fbeb7ce680db56dd878ad4954b70896a3f2024f18a1cbe179a363930108868a41b7ae0f071ef38b40905ad85efc457b0f464fb10999b7bf017dc43ac0 8316d7aa787d5897037b687965152714930ddfce5912a2841f2b87ec34ef13921842a73bab8faeddc8cbf78f5a020b02b78ae730ddbb77f4282915070298dfb0b8b61459713f499b4455f8f29db14343abf73438ba2efcf7e2e5c10a4de8278f5b47de3d185daf54d225ae9faa91eb960dd13c7e4ad65852820d8931459ce2e3b475925b3b085bfaabffb29706de9a25658e124b90e3621aaeb58af0c31ff18fac3725669385d2be943c4081cec57abb4a22af24fad3479777211c9503a5d30a341ec3785dbfa702 65fec06066672d7b562a554952af1d2d2e147a235182cb96cfd9fd70dc84e16f68b8cc4762e214df0b742b24a2dad7a5f7f59547a7b0acdd997385bb933a73b006ba92556365e507e191be6bb24cb00efe3d5b527c5279db28c096debf10bb2c45d9f6d9413c0d7642887974b3209c06e58e76a453e3845f4f36d076bdf7ad33687b04cfd1db86ecb49e9f796cf4445f14eab11f3d2dfb936570b8c0cbab9209804d80c03ce28e3b4223bb79dc4b48fcd860c57e749a5121b8a3fcf5c227a111e17817184aaef816
ad85d1513e30d04b98a76f8978a6ea5f4e85c5fc36173d6558c5791f43de3045747a9cf3554609d6a027b5f4b4a98a423fdba1a452e01364bfe09448744c1c5cd85bed81bcaec495e5b98ade46935a61da4f1be88c057080c53ce02a956fb56ad141599509cd79d994d8f2dac72a12fc0d97b229039aaf223ff10b9830bb9f1cefffe8a95d830bcb2e21c7a8940c61493cd6315517313e7500af82f430f47290f4bd3073fd8577bf7dfd1fb0e197ba0b70d3230388a192aea1e10e1994c1d308095bf9130cc142cd 1f2c8ea023acdeb6105b4e3e205eaba190e600924020dc59f95c519bf39edaec54c0b9bc56678b7a9abdf805d0d575d10eec4458219e6982b7a7d85906267970ec01cd3590f19b87cb7919e899bc0380a3f1057ce6f9ffbf3dc79a6dc2d5ade464584f4c2469fa1083a9c9d81c9ad2f5846b82cae272931339f543d2bccf71f07865d8779d63ace90f2ea6a807839ed42ebc29dfa4d0accd1c04a9f86fd4bb7b400b591c99ae90da03788822c55360db31e98a02c272fd61d5689e510270266d4574bd998c27c32b 09aea415771785f878e65cd7c224c3bf8e7adf98d38a2fe00fb87edbfeab7e1c53e552a25b66265052ffd0bbe668e2d5b3a67ee8f8a906d8147c7acd2d48815ace7c86af8ba09b6c69e2fa72fb337b1a9a01925f365088cb4de3602b8ed254e29c846a56c9b96b344ec3ce0cfad24332982dc3739b9f3e8f6e275f16d36e1e73d91dbf568c6eaaa6f3218cf7f81e4af3c6ecdbc521ede9612e1c95e7443bbb96ec51226f419e5cef89fe07176177510d191c937fa3e3383d67c0b52a54c7119e78655dd5c61cea8b 8e36a787dd09994d70287d00ab85204d0bc16ec7b64a05c65ed3fe3e187e30266fe9685d1c87fb919744351a277936fc860a869ca504bf02c1b93a2f9902ec5af22203d84465601adf01d0e70ffdd636f0980f9266820ae31459b5847746eab62906f8812742bc4efca2d487bfe8ab18ab0ac11ca40bb3bf161195ec51201790ebd97cc4b7e5cfcffc7a7507603250ee15f020f053f47d147824550175f51c2caf7a51117dbbe0ad5fa50423712e0567d0234994ceb9950dc29095a2e71c0b9a795283adc141d4f3 b4d70da3f518588641e342ddd32a802faaa1e8c35e97efd54caec842580540ea2ec587c20a1990800f5241c01e912b144a397820900d07853c03a36e860c7f22591de836dedad04635888e8361e0a299318863f28b88d9cfea57bbe569ac0732b88079f39b70608c0eeaf9ed47e614136c1892ad92b2e2c1dba01f8ea38e40cb848e44bdc3261dc971fa532c93487e0db297bc920256877512b5e00656615743fc65f2457050ce3edf7f5c27cbb7c439df4c706dee48a47489e688dca82c23d322327e78c37f7e87 1e47500875121c662353ac385e693a81c02e8aaf44cfe70f590602cd8e1daab2b9406564e9f63b2d95eb2aa51a8c0f7af722e55195b371f7767ba8b94f9771688c5bfc737ee3fad7b9d310bf53d120c5e9ac7a080bd758cd5a6d5d80e6e6ab5250a73cd5298adc8a74c8cf21606eefe95b1b9a8406194bb49397ac29005a5bc9bd2197e7ec4e7a8a88e09e61ec67b1b469b1a5b3780e81a5dd812ea5fb167554041df73a27f6b8b00e886be7a21ba4f7d6c7d1baabd79d06a5ef1dd31f25632d815f71931b24ae4a 338064a111e130bd7ea0be667acfcf6c58486e29fc8352fc580bd17774f0a42228270bd3b274079c22757d6a183d83d5abe471878bad34a77a5bdcb7e807a5a90dba43b68ed819a72793662b6a4b0e74a5c9f2832d3337c832c3299167ce7eab785d16b048601a1e77e0798a0cad8fae7807abae591f04cbbe38b8ed6cddd4f0c1782263b37cad3d03bbe18d23683eface8a734a40aab87400771d36a5a874fd149e6bb4cfb7cbcb727882e8348e1eb3a16ec3b221041395088ddc1fc08f59e6b7f074b97fa41dd2 4f01e2d3cffd79db736ed05bec6a58b5d4c5415c4fc23f46f211348c48b30594c33e0741af257a3a6a303956108cd460a9195e199e085b17538581a171be690b895e986676137025371307ab04cdc9904bec421dc4e99675000a8022e0a615a7e773addf94a7f581dc172bf3633fbecbbfc682350135c1ccbbe144a5c835454a44c8ea0e9639c3ae8de48455a5d97e77926ef64f49799744ed6c4358ce9e0b44a50afe9495f9b3324dd5d961f4b73dc344406555c83d351d62203377bded05447065a1d6018ecff5
34bec41028bc1dc9d6113ea2b1fcc4015a20b0bc9d2cb62d1ab72e543abe612fdaf3f1240290b2cadd93c389ca88e108d1cd4ef5dd3b87c71458952c248c6b510177b1037e70b479ad34a1e9778a8a2d125399a995be5680c4a036e920cfce1c3be30fd39176b86c3f0ce5aad2de8bbb4d5d73033e8aff05c1b34ddd70c1d6a8410b68ed9d2e812acbf138954d7d3e9748219a0008299077e599d8d8b65dc43fd17be43dc0d580be4bf2a35fb4d7ff4066fa1504bf88f4e91a287cdd1682d20dfb4e97665182793f 87c3ffdd6af677a28c3712d9f1cda7ad415091603dd9aaf88efa624a29bdd593db84d825fcb8df6db81ed4fc5505748446cd36f5e825b4ad57f3cbb7ae0e1d573915517e35308ecad88f0c30f11ffd3034fec1b253574ae55d2f8ccd6021a0a400ce02e74977dbd3bcfa1a14a267615199ac93ef541f6d4b9a80feee53d7a08a8d1d08be32564b1c5502c6080f2b8dc73efda3637dcee145b5298848a4dded5fcec49257d0408d05d810d6a2cbfddab0f9bbbc2f58c243f7de8111624d20f55d9ceff023cb3737b2 c531c3e27cf110f9b3c42a83de287451b994283a4b7eb67d3e724b70a7e4c0fc71d20a987edefc04f394669f75d5c4cdb9e3bf51925adc354fe905a2a18d6d2f4387499e95645447bf8cc68a7e9793219fa67656c15b164dcdc8426737d70dd686e3ffdea8d06f08bc00f8cec6846685337a80c55a02dc7dd62b724783b80239a3f4711d1b53925df3b265223d48a792b5aa206f70466a87ac8e60d1155235ec20ddb7abdfb0d587ff9b1e969ed39dbc5a80718a31264beb25903c0912f8c0eabd8564b2c4d033cd c005e69f038d7c95f7388a92667932f0382eac6b32facdab596cf54414c83a1fc857c05a6f4b4d84bdb92b35e637a2817200ae5aa78a9ab40c134f3963021d0eeee0c8b6cc8eddf5e7f225559022277bb4ab186e69c8cfe48606d65dc77aa2e11c49e2b07228d20583101d98abe5afda0b7b167c53fd025ed40573b16f9debc9560427cefc87c40159c49ef32e01e50bd5d9027bc29bbf35e5263c58ec1f37da8b70cb7e73d7cb4c063c7ce1ec1678fd579ef61046a6931b69ba81ad46770d41d27e5bc37f63ec98 2e8c3429689c4100d32b1ac2d561ae7d03344d9aa816b06b8000abd2e6f4720b4908fee40b513590c18e713310a6242a94df1649143aa1dedb0ba807176aae96af118404b864dd59fe1316180ebe3d05401eb20f34aab23688ca20959dde165a8b3eceb7401bcbb6b668a005d96434664d78b0c32babc1d4e8bac38f7f9f568adc5186dbdbe10d0d4fa39f0ea526a2ec7c1a1fea5d6b0448d85088ffe6da9c50bcf7d6e2a0809fdc5d8c26499aef4044728ca02a389328d90ba0dbe0b113133948be6f2d1f8ac190 ebe1e1bbf616421c8ab2d5ff78d1d6b7b1f1424d7a3983967a062a6b9ff2e7489dc6fc8d8938e13037dfbff182a3b61f10357cfe0a884fad2bc615c91bb7a02d329090769ea069c832399d0d12ebdf63cd8535acf1fd628a2307b1c994e3c66b99a06c5954b00c0956fd611ac3edda2096660a80e42cc0034039a33d40483e1f6505ba44a1ed7ed7e7d7471d894ab3ff8764ec46a4f7da5160768762e660226b5e0db0c0982d403a7f63b6aac54d664ea2ee36a82e6ba0558a8c3e33ad1b3574cfb93c5ea82b8a5e 3e21894c816f9aa4bef94aa8d450d9577cf20819828aab3798f11c2dd4b6ca008444fad31da8e354ed8cf54b505eacf8abbb43d96c2c8ac7d206f837e60d19fc96fb35174ed5133e2baf4773805f39de34da665e2975fae0f3a3067c2852dac0ac18044520465cb0e3ea9a47716421ddbbfb518d7dbc99fac7ca5944d64ec0bcb48d343cab6aacaf38d087b3a4edea7302c937b1dbd069ed8ef4494ecf290c4aba9723f3f4066d8c293967f2622544f15ff13eed868faaee88566122903be04bd3f8bf2c08f3b507 6614f7c1cfb7d66ee6a96142b5f52138d190121124186e5dbbed8374d475dcbec52c0ae5deca998ba87d0faa9e918f9ad836c25d4f14a41896771ad440ee57509f6d8943733b8574093d0e25dc1c38d13550c9741d1cf91742b8753f0d28b293c05e90ea5cecb150b2e9ec1267eea2fb731e921490434368be8de922e3a2c8896316cca0a0de456e9c7b600a8cd5d827419998e5b938899b13e3dfedf35ff1a239fc7bb1e6a5a7f785c06b432c5101b9edb6fb6af2d3c0146e6a8db8de42cda31d5cf0613e1761b9
55b37493423a53e878129bc782ba36c5b77a2e10dee549d65eac0b69ec33f2f35779c4719aee5ccacab4c3176e7fe108ec4884a5395452ed61cfbec162ee395f2723d4a93979288e34d0db555eb9902ed14542dac38f59dd783f6986a26a2c848cfe5645271498f5a9e694f0f2edf45de2d052cf0fb339ae92393d052920bd955ec7fce69d4296b870b0bdf1e38a96d5610295a6c462fba25f8ec2ac3e6e754868770240b9d4cb5ed84845e780ead1bdcd388a23889e5c452e81bceb7a3897ea29e9486cb71fe32c 4bc001780c62162eef59380e475d65a516edc54b61c84875e26dd17b9987f353beb81efff033e053e4252db3a6aade2f846a8a8f2041a4e651c33779b77783a1ecc89697aa1580a03ea2965c2225c224ed1b3d1cb665802421ab7509862d42e1710da41e50aa2b7744c325127a87ce2b6da7c97191b7cdb04bd4f3227439a3766bb86d9770caf212bcdaf193279b9eef953d1dd6baddd4c6ff88ecdf8c80064a79aafc0a3c55ea1e0f217bc72108294c3c1054966a15818fae0cfbe4ed48fd35868c1e421ac9dd4f 14f154a4480ef7d38cad7f8ee9f17eaecc4f6845891a802ecc97a9d44aee84e7233d8d2c943419d4bdf8dd057fa1d5bfe095a584da1c03b8941a5c4b2b2d5a0c58b042468a08d0ed06d3aa14ecc6fb9a990d22314ebcc71445fcdbebdd9d6f4a570d47e3c32e61c9c5c0f2656211618af87ae16ff9e7f764992fffc4f1b80bb39d03092bbd7283b4bf0ec7facec18926a99f5eb59c71bd5c79cfb805a9c9b1ff533393587040d5150380fc87d8283fea84370c1eb6a429f98b84162280e0c431f6939280953e9982 ed9c55223212f3c4a75db66b4e1e546c51300810be47416ef70228d34bb1ee326254d2be9e27e9a158dd5c2d2d5b65ea245af0a7ec72ccb3819c87c2a7541053df427d90ab3e10f29b34a10f1d76a1f1b5a0bce6c04a0eecf58a76ceb26b4268b90bd3b98e2a087874c088de8313203868f0068a505c85f328791b0cdf93cb250b919727aae0a2213685476ee1d53fded830c26206df5b68b2017f99cb44cf760558f7f37046955ce7233b3f853768cd069627db797e25479168b43959e303011224adac20217efc 3bc70c69250d7aeff07bc4408998a733c22c5d9004c270ae8b748771930500aa6ae91da20b4df4a2ce8bb76bf9d13294e0e564b969e771498b4e4c0a6ba3a70d4b494877ccd8932078d10f82eb370e160e4c848649b80fdb79974daafbfb592aec102c770514d74a3ee496bb5d4d1ae7adf99e715fde0cbe7aaa704e944cea1d89946b10d47ce786e7ee6279e8e2a5d6f353931ffefcd924ee1dccc89b66d76081f7e0070bdf37e63ca507a5c7d41fc30b656254ccff0b093c0237d56800012128c6c7a62f42a4e3 9c752355c8a101475315d883b5ab903c8c9656ca4902ec23958f2c4855ef92456b0d32c4382676b950d4d482f8b3ee032d164362c0e0f2f539424da8e74e9d4ba4b64c4bd24ab61dff0ecc41c99b48444168dcafd4cd0c84855402b5b3a12707bcdb9439835114d8e04a30b77f797e00fb410ccfd033d21bde7c2ee1965b533bfa84eb8bf4df086ce64b7c4ad900b05197d5923c32055f1e0760e134024751c3a5f1c31c5a84bb9708bdf45e45feaa7d96b9e603f9eaa757977d5ba476aba3ae2bdee772398bfdd8 67d2fec8366d8361f375c9350ae3e8d95fdfa8dfeee1c863fd7cd90b833c048bbbb641d908f83e1809a3c2467dc60e1fdf57873ea00b024f9074395c74198a67aa183cb8a51b46994602da7ab87983063b4d14c9fe764f406be9af707f7609433f7b0e669b8eda5a54496d166c27f86208782402a1d0a0269a57e09a69457321480d5b1b998671742548d1ce2ff8c70b22ab1976c62c0b6ccfafbbf91936b53f05ad4e984493d47983cd8cab79157a9c2e5e5b6ad29c4137a84398c8264c72f601926735d796ea0e 796a314458cad2e1f5f9dfa3c9fd089e95f52b96e5527936b5b167bbdc35840c72f0280e6eafd9454cd29a0f9c0e1889fdf296ab6f65db5c3efa38c5260a35571c860981a839327655609646996a38b0e0b4a8aabffd86ea44384d922684cfa0349a2e138ecf487c2423c51c0fd1a2eb8e2f5f07d865415331f2e89316c59b7eeaea0cd585a9b1564a3c297953d070abd27717ffd4afdec6c2ab52b824d805860692754f441d5c9e3cba4a912145db743f079b821186d37f331c8f5fd7d60c420c5dc9b665f9d83d
c1f501c48b4f50ea49b10b8ef6b368fb644d338067d5a9a8481cc733473ed400c4f5f400355c689177c65d94461077feb89698f43423eaeb62c363ba861cae7790d2f98f4f8359c44b5eccd222d678349320508ad99bc332ea4d38ebb809971ca9cb5897fa871434096ad4aebf0f9bc3c5f2372eea3d80039e4ce85c2ef608928889c2a7782008024a1f3081e3bb34ab4e9271d83366826f321209a2dd7f84e682778846b1fcb81695d80a491fedbb6025c803fda409a020b650210841a6e6ada17b3a23e2f4a723 179f94d0504b403eb41e5002c56a521a68e7c52e9deed1f9d34e4d906023b0983ffb9a153ecd37767241cc1b9994dd8dd5fdab89dd7d997f457bcf1448b51711c1cc0200c075d0b08aee5fb573ec18c1deff15da30a77bb68df332165d4f2fa9c6e13456adcb836f3eb9e53ddfefa56580690bff4a65c52fe7d38c3d7f9108be9fc6da951c02c3388766263448d4794a2e7061dd271f0687252b0179e7ee2ddc8e8acd2745ce24d52cc04ef5365226985e6013d4f7fed6341a706e6d8952eb6276167cad5206b4cb d56536f512e3d6641812c59e696d87abcf8e22cc234069395b10aa9f65deece017a7406e3e1ece7cc7f6d97b7daa198ff175f1d943ca6b19471815aca43b323d5701d4fbe42ec0bcf6bcee383dea931ae3cd378cba4145d10bba03a653fe88c025e9077c699da2c58a8087d97ed2a48c1c6a363c28b25df7a934a16c1d6860b6f11b5e9eb75419c599c6313d29bdc2010f5a14167f19c1432a9fd1bb7f7142070adb703762531975760ef869740fadae1ef928e227a127a1e678589bbf09168ccf06819cb840193e 33735fe4f26ee891a4052c7908f723173117b841b4babd2d7fe0281e52d0a5e60ca23cd2b1026f38491c0202c40d6d625b936e1f85960ebfe3a0333f1a82e7310d26d6a5453ca3f6efa22ec04c56dd4c2b5a14821b804b5a3a906395474994b37d49c63335c268e246f13826ee97144a72e2e07c740a438d3fda0be2095b4445626a6b7b49fa01c64076e0573e7a27c91a72ec2803be6e5574c65e58b64a553f8cd1a8232c433711366f16aa77dcb3f6c3d4c4db6a1a5350cdb5ae702450e4d9b45c967e2b6f08c8 1dcd9057ae8fd3d3363da69cee1b279cf97c1a048c40154dca808f5a50d5513e52149e3cebd9e8a73c90ff3a4338430f0c78a0ed15ffd142e9d62d50562bba233edbf0dbaf8bb3ec14c315be6061f6e774c5fb31eaba0b529662fd4778fa41f4c344ca40ec829eace00378b0940a69ef6ee30f89d44d596e61b2fbc1e9675b152e1bc64969ef4c5642cbb3faff0f8c9ec9059e36fc53674c36eb06e8c2648fb9d2eb8f93ceee15ebd38b0b3501b7529f1eb3524f9ecc9bd849cc8bc3d4d340d01c82ab6976995f14 69410efa50faab82eefe7cdd4c1255393c4df84e03a35c0156b675c35f8ba415c80a0f0346496a30839fa2ac1cc0d3a51645ee75e2094b43430b9db60a3011f47c2d3b7d741a56ef752a4c251fbdc91cf3e1b53d7ef36fb8188a07539bd06fbbe72d4dc6e24da53ea9b22110d550bbc92dbeceee4e1d5fd3d4ab0c67282276788eabf344fa82d1511a74f9268b67edd9ed9172f83d2aff476fe1bc0b8016e5fb14adda6462d3b5a1510a7beac142bd41655ea4c3f29d896e4a3f9a586a63ebf432df854cecd2697a d6218111b6d8d910835c2c788de904f5ad04260bf28e2e3203317029404caa1193b9641485ad6cd2a64132733823fe8edc157929860ed397fe186574397dc1cfb794cc9739f543669605d9e2ac0e95cca5ca58e143ed93323f97aae21060ccfe7b60f82c1b69d069869ee8fb909d63243d3f838ea7bc6138b71130ec74c4d851f1f972c44f72d2e79368a86524bff728ad9bff9401d6c13b95be31460d5686944cfd7d297b6ed167c518fd66c9b22eb285ea21d66ec6c5db2c44d0f636f41d8c46eb975ddcd020bf a48cd6291b690c5a136e0ec90cdff5e0150e9b29d3dee16e976d0d30a3f3fc14f46120aae0d2fd2959d7d96c2fb271f1e3863fc0348994d37677cecfea95853eb025e61efd96338ab25e39ee96152cb1a48aa75f112374816207c01af294c375f78e047d3340c6c6aa9edcb8facf7860822d3a53bf039bc0961ab629cb4554e76b0dee541a586fe03525d5e9f49e2bc71fc2e225f7404de47f8029082d530685acfcbdb02ad21d92ae7cb44b7a9d05a58d6b4bb3041cdba56ae55c89bbc0e27bde30d29753ba6d64
0134e0b210ed2e0deb00cb431a7a712fb23970b0ab869a9ab1dcc0e8750bcd00a0e16ec0173dbbb74e559c0cd33b2037e226ca456179351dab0f80cb8f5634358065b30fa9818c6d761aaa46f8a76eb0e65a95cd9255ce2cc941eafaf22c1600b8dee0996d0e13e77fe16d4c4ce53f986e782406f8b75a2cdf9653a9443aa7a337bb113374e109b078ff919eb915355a7503037f63edaf04153482a9cb538e189e4699aa929dbda3dcceb53960b6b003684eead3bd8bc588f12cb32527743562e46a246e1f223100 1ec65c03344290b12ddef3de7f20f61dcfc2462ce39e76f035527e2850817010dcaeb9f4370574b9924a2bfa21fba92bcea62dc6e428836da8adb38f186ffa9840a9d48e6c642756ba3ec37f803a9aa306a77228fba7b60f2584c77279cbc3883bbb58a9f500c0082f9b8c608e9ced52296a70eddb5c1eaf9e76737fe44f72caabbea5270b344f54aa20e66586bbb638895a283d06f1531e2cbbb0dcc94408cfdb6faace3bec224b86cfa99827c4ce17a02cd06278892ecac4f28a2bfcc5faff53cd33674464d711 585918748e3b89bee06fefd739eb81fd2d5fdba0be62eda6b37dee2c789b1c1ebe46992988dd619d67de289dea89c6515317e0196a4d6f4ffd3deea5ad6057e059139d89998f5e5c7c2c58ff43cb5576a6367d5674018d6c2c0651b48699381c12da3cd8129f9fe320c7fba7de61266f96a857208bad9b19492c31287a58098acca21f82c5e6840283f232a7db9df5a9eb9672fd9226836f4a90bd2c621153c8fec6c237a3af1562c904b5f082d2f0027f9ab3b8c59d8d182ba2699229441de3b91057ce433819d0 2aa9f742ab941ab013fd6be516efce2c40bd7c5b77a515c71486ed9a164f6c9e739400621cc92e42a896d0ba9a2928d3df17c43d1ab82843de250a7469dde247b7c645d762be75acd54e74457f4d785c0e3061290026a3db3d6f7744b47b225f6243948521547673fcb40e77a3122b653670092a339ba669874affcb7a99aa7df06985d4069125b641bc609111d050d7aca76a1d1f1a9fe87164593faf7165e36b01d32c5e67dcdaffa568b0967c7ce364a7ad402eab5cda3602a4e8c772eacf36e017443aa8512d 9328a5a77ae1e2b0dde5aa99e789acf11326ee9764f18b4c05aef0abf8f3fdda4b90f27460be569f460156d3f77a54c7bf50ffabfd31d7ac10ca75d77fb7e96bf30f31625bfd19ca8c4f1b31fc8972db7de50d7c4e75a161e51dd1b091ec9e84e8fd26dac2b28e148a0b7e5b65c1346d22b80bb4277bafa63e21963ff5a997e0dbab0bc77d0d31684309de848bbe498f122961c64bb06b10f90588a28e852e12bd5ddbe581da9c512411f33a3bac86bcbada746d0cfaed5babb26985420b9281832b35852f562886 59799b989e8dac9b3332398f833737bcd1993544e6edfff9dd47e735fb97b4dc773c4f07d0d02647ece04c2d58c7f78fc4ed74e3658d3c19adf786a7c7f04aefdf10ee233c0246f07860a84aa658f17fdf4fe776cde2431c76634aabb76684fd7326e70edec787dadd09f5a86d4e37723b1a82e5670b00ae2370bd4520c595c5541240fb3aba941ff2d412db02c71d73231868cf75394abf8d0df17033ca4444cd0d61e968c012d916aaf7de0787f6d6d6c750de8d7ea527dcf9191ef3ac87500f963efa3de81601 1835cb71b43421174ab109918fee44807a101e0b92ca7a2a1e00b463338fc1a66fe0d57777dd48e8bf1c13c6350a42ac1e4ddafde1e05f7a42eb6f392182990ad18f5ba6c383e68e8514a2caa7e59002e4c429141e89c3ec94ac3de727a39a807b49259047ccd57f4da57b09ae14edec3bcc86d7109c8c801ecc587ca8dfb268b05bb35905e14b3fd468729c054c1baa1b4e4416d555036f36a0a1675f29272ca7cf935b2e412b36a5c2caeb3fcabce228ba2521b79b053f9135efe139969d357daf04cb4cd012f3 632f260e5abc6e10b5692fa21063a5ee29eb671bff1920c962ffc41aee3b0c3ca0c46f896662c8f59379010737cd31010e0aac237057b59ad2f4d172fb8b6a093d275d1b2b8854d2c03a5f4fdfb45dfa1ff260405ae5ace4b2e3c9d0d792147b1be35b996621b7deaf9b86041dc77e4b1ffa4891a0c3250741804112eb269197a0f014b24c64feff71e59ce0a80f490d72780c01a13994040ac5cba48732c474b8c409e88f3a1008b05bc4a16ba88348de1289f6db483ac6f03a10f17f9d1783a8ea9dad46462fe7
e80f7ba4ccd2c76f3b69619145f2ce33bb01213df5d11f4d269f9b16b138c91feecb9acb110f3f21e21425814e45978e43bb7c9e56045720ac87bd3b85b331836bc13be18d270a573eda204c7f05f86765e9203e110d0d3d602b4396326c731b95f1178febc68f459a8fac6aa46cfab0a4d91df6e03282f5af45381b1748b49c9365accc827fd7f39a3f32e01be07296fe7fd5c4a1fd4904689f9c502a610c1cb0a9461345604d06903e8c187ea1ca1259e3ddf1f93df9a1f2f1c4d6df35acf85681b05375999e85 1e9c39ab0c19253fa6c693cac9d377d0ae05b551abeeab066aeacd00b1104c1ec35cbd7e26aacbc9cf0d95a9dfd646051e65a0f32b4a62c0038f377c5b1c53a767afd558986664eee06b544f382fe0efd58bdf2d23bb7682732915324ec2a246b03e054145ad3124931db3f9e36f64ad68d1a29a066c1a98b2329b2f8ec2913a7a5a6400957b315882c77b5d4b7ecc81bc3c0e49dc34868ccbc970fb875bbcb5133603419dc48f6b36c9782f2398c7e46d88d5940d976024445da304ba379bd32c80c7d45b555921 dad38a06bf6eaeb4fd65d96836e5efabad82294bafe95a9edd42414441bde4972d7280697aa44e8a573f29d3628c07c5429f9bed62eb7fba2911517c60a97d403946de7d4de2afdfaf2b13fa0cd6f96d4cd9e6a8853b27a22afc1ed107dcc4eb18f9be9757d80bfca70e149092533cc5ffb6f5f92bd63eb86ad924cfee45b29d97fccacd9064c84dee97784464eebbba47a8bbe26bf201f92765b15a3aa2725dc50fc622e3e409cef2b3d8546173281e32a5a4724b12d3f9efe13d9f2ce63e848daafb470985b8b5 9aaa481ad59e6929fa1f7cd18e4dcf7728034d9b83b2443fdb0231e8ad198f61c9f5f53024677143fd6628348daa460f60a6516b62697a3baaa18cd43cb96433f46ca6cd4dca89613d97ce5b7e20ff5f74deb602240d1ce6df4d8268778ac0a7a9ed4b11d0910dbc3be15d58a85e2b6a843ffd82158471c93144bb57b319618a8c78555d4f4abbbd495476da6c860f63d7fdd6398d66acba2df0331b5db695d15c4e77fe5da5f3b6b0c747107f61e964258d66fefe7982602b994857e59eba145c65038a01bf5ee9 c7359e82554b0ceb678027cfd3fba0961ecbada7ff9184e9967d689ac6523998b32eb86e0e138a9fd1193d34b1a5dc98a3733a607bf84be68f2283cacf8957cce6374290b5e6019c3efe688312d6b6318f18ea3d0fc0baa9a41a98a0a0aec867d0c49c27fe46c7b06757a061219a8b7f402ee80455e4cb3e0905779794c64e6956e5431c1ccf88216719f0cad7808d7c855d0731d7cdbda7dd54f6d40dc833b1729a0dc6bf47b0ac85814ea6dc7c4bbff2c86d8b93371cb56a4affc5765ca18e0ecf0358e4481a60 6208b5c05b93344d1ef0ea1ee3ba81e06d3f16ca1fb4700f4827177028e873e3e7541062c05338c4360f9cfdfb0cf201fc3a2d3aa70b9d9decd33fdb0e4590f6b8822dfc4d48be9c21529089bc0150b33c2606c083768c8b8bf486efd5d158b141b172301133e3811e2e0ea3113e6f72e6c4cc92df793ffba9958774645d04e8edbe1b0aeaeb827e4176e30ccbb4514e112394466f5ee0518b90391c12e767dfd88d6d6646803e5b82aa348c89431d5a5a69df9d6b3035a8c7152f6c0f97fba4a82079ab9a4f9b52 8ca7090fd6dd1a78c8a3302987bfcae28f450cffe2b6b1afa372c442efa4c94b6b8999f6f6e17669fea9eef3604430aa5cddb98cd13f48a37bfe0c2684759a66e21950e6106c66a411f1b9f4af3ce2e43b5d6673e40d2e195ed0324bd9dbe98fc49b2d50f87aeb068a080049d3a7b332f6d5b91a26197b853e30485903c68224142724bd8d512f87adfb26b7a291099fe85c185159d7fc4ba33216050ddbb5733d7c0a912aaaad287d9e0f38e3539e62ee63901ef45680b30ad365ddd1fe887d4dd48e292aa976af 8012181dd4f405321feca86239f783537f949fd6038fb541f0037e2d6a6de6bfc398ef51413b97544a01dad8bc781db1a5c398b6a297062d1d5d10a3827581efb44c2cb15bac3d53dafdcd3311063c7ede4a742a6b0a4829ad0941fc3e0703af3deacfea9b7626cb38a005e9cbcf8dd20cf160fc9470917f5c9fcd95361594d8eda07b83041fd23c57e0a97136ce42fa071a04c7b2460d3eaebfc0f7de407c3f6bb732d987655ce9583ac2f4b27f80526c9075603d212fd497722c54c941faf70a1d54a263bbccf5
c330fa6e337711d45bd97d0ab46d547c72e506c1c4eb09af88bd4a600aed300fb3e829a0734c526bb5b850355aba483b83edeb989e2f701b38cca973dbedc988da3c9b91f291ef979afe0d430baa54beaf2d20d03396a476b51db3e53f42f7d9575e3b520d19fc61e570905db7a899d2acdbc457f338b7fdd39c226be83d63ba28081190cbc1abadf0c44b805d3c700da531ba43c05f691f02e4df2a1483917d85e703d458e7fe80b2dd3934328aed9bf08cb03a6c674696b9b5625f6f6749045316d59835fc3fbb 7dd8e5a06bc389ff264b8440b5f186338b7a13e74bee3b0532fb4b402f93b629c83310d479461f96ed18e646d1f337b9860ae1798ce7c4714cb0c7b51063345930d8803849e9dee4f9a0c2639bd2e3e30548433329abc8f29b77cd1abc19ba06fad6dc0166887262cf742038f6e5e1e1f40d790b5ac6462d2f1b9e476488f703b0c448cbcf99a70d4fbb454142bf732b8e86c5b54ff3ebfc43a135469946ee2085bdc78714329ddb44778dec0bd852fe3616872d8735fb08a08aed5643d35522513467a6c5010af7 97c1139827566325845585e4321ce2e0346b212eb4e130c1851537423247952b1b1c8ef064adb8da33430bee94fb107a8b33f3d80e649a8f1aacd62c0d7193a84842b06571b7e4603e67954e5bc478d1e21af0002352ee4da4dac0d272f4a7820556b261e2740a162fccb2570110eb81782b5922ca87c78e46d4db73e14099fd34a47852d084349444eb30fe918db3721b67112a5d94db854bc6cd568bc9f1e6aab6d94fd2a460e7decc5f37afc90dfc5daf6552c3e9407c7db73e6159dd790e03bd649a8891912c 695662ff419b9dbb75819081266e2a2fdc4209dc7196f7c0041596c9d308e408b60f9b072819d93a3306db05c0fb7e460f93dd5878bedc7e60deace3a475f01e1091c7f9f3d588cf461a83d209c9ef510e1091cf71aa9439e3dd4d2cf7a8ed236dc5132a2bbdebf4477fe673771d579bcf112f85d4509fa4c367fb381be3c1e7fbc5767d451b0bf05bd83d99c0cc9499d60280faa9aef5f255a45634bec12de93ae2bdccbc56acb036ff17b396c52ca910c1ba512f9d28f83d950bdc83042b2e52616e9543a2a6a3 8d6baa9c6e81aeda901b0b5c8e992a41cb26f5e3da41f25d177526e95f71c4101eb26b0e5cc9ddd2a3635cd7f21448788002ed01402b3ebb7a882b2d91624f1d5b2198798472b1cb1bdfad114c021a4b5ced1f75a47c62663651a1974c5a814335602c66c1b22dd30c236810ddf6920115e41bf1d75ae42aef7d4bf9e99eee7fa34969926fe0a1fd1ef6d104558c8210088171f74e793d918b60436567a8bfa08cd67c13b2d5feb0817b29b5d51c70b9b1c8ba9bc56cc25aa9eaf72a181be41003d831a600772c7d e432917512873fc693adc4084947f0f637f4f19e51630e6acad5b77a7880599130e4cd4a49a2bdda5df2b076755320da1fe6e7951b721fd8b841ad68e30a74e75916491e581f01536228c8f48b8662b36583563fe68fbe0d44514564666aa18a88f7ab4c56bf2e4dc7193a3c7374faaa697c839ec251aae86e565004ab6145d45b4920f50f93b5657afc3d5759ef6b18cbe8b98eca0f5ffcce761184552baaed526cb588ddcbf1a20b9526e09b384b672f826395c5b42c3884153950164a7f08e5f4a40381e89cf4 994fb9e24f059eca2f34dc05a6b2eabc34a4fd53423e80398a7773d94614ebebfd76445a86cd6ace7bc49733dbd663cd75813768ba44646e0effb47a3052d292bcfe0b6a1ce0b73a91f6a1da6fca83cc9386ab98e7a38a814247236a63b200f2cf087263fcdee6673ae1a13c23512cfe148d550f644359faba562243d613b9301683d0641f2f125995be494061a472195c74c64f71d77cba5b70a26173697bdba8f46de8bf414c42d5d831c7ab7dad7903c263f452deefe321dfdfea80889ee4aa0e51f22b23b226 acf167181d5184d194e98a47a847816cb7d626f53dd415bc64bbf1ae1708625dbeafd4bf93fc8d8deaa4a24535302140a0eb4169fdc6df68e9e78980108a31681c04c53ddac68a6ff2fe2f3420b1a6982ef4471fbc359029b1aa621e99f13cdf79f96b09d2250ffc858764906ea5dc455c652aac6e1d2e26692d7107a9d908b854711e945119941393b2a617b788f63459ba79901f65f298ebea5cdb6d8fa694dcea4c308bc388d415babdee4a04f2bbb7680ebd918a494c7ad2fbab39c2658b805c231c11e8279e
c436071e35d3cc56f59454f8fc7dfc2ee0b5667e7cb549fdce3af3771db3813fa47f999e6ed7c1bca96c469bd11a6c64487a5b7135adabf373c024c05bca5d094677d174257b9069a672ad665c64636fb1913742ec2fc5e4fe55f2f0ed196bf34e5dffb9689025b85c0b16c8544fa776c23ec8ed6d47e63aa5eb9b68e76a686afdfd85261df8c26e37452a1c8039720a0c17f1d24732583aefc6e84b40a85bcd51d59c4108a2a95f18d8cffd4a43d1fc19e9c33e1daf1f424a22c9eb9fbc250897f0cd48e2c8a440 b473760338dbd52eae15e2d962469d14e2f747f03bab4b028c12b064845fb8b30f51b8e3cbb8b9c07d27136a7a04bf3ebdbfb9dd53097c46929f9276f1ce21042e12bc5bd16c70a50014b8320eb7bb13fceb7fd8b0d26dc80f7503c58feca4c197dc35d3b2625ffeccb83969ec796338b5151bbd9cb7023ce1f80b583b1ea07cc3b6daaf027dc7724d904cbc05c402b75124365d2485f8c6ca6d1832974fa40e69077a6a44d3dff16e58fd7cfd84f396eba0a2ec8528649fdf3201603d6f56b2d09263a4785dbe4e e4903d2a1798f3e11a8a2cde95ed1edcbf7ae6f69750313e29c4756d53ec3b48c69486b1e28831eb530ce0ea3d49d0ca20fe04881eb9e1087d0937bbb716cb1e4efec822466dc5d556f5f40266f09ee8f0711d2fb5de30c9027cc2b116316049890aa90c8442dafc38a92b533d9e6e20d9698e714e8f708111a35758b58657ae25cf80fa1c869e1244ef18892a6c1ceb4393c781fc67ae77def486f2ae3339459091812eb0018dde847dc1fc98669a6a0f15d998655d73cd07dd8c4fc585cdd6357292cfa0f2e904 54da7c54efb630d4fd9345933dff52703a8143677c986b266debd6dd07f757c935f2a7a1650671aa73f0867a96b24aff73100e0965714535f3c9081a65673bc2fbca974fe22f260ef0dcecfd0a7e0ed357e10a54f1896f4daf0a8f9155485723b8a720784d305588c5ed2fdf7327112a8f4a8b4a0f30328fb9b4458091cc4e927d5be26c96efc6df8e32daee81a17d65de784caddbd078943e469af59fd55a2087491fc58a3d2fbf3636d1024b8bc5753f057c883dfc9e097f6dfa16d80fbdf2c8be62c88f7b1a46 e74142bbc32405dbb1507ef236cd1b7e8ef0b33be24f5ed7ef35473208a5aab98e2226a0a29ec9559cb1c9909fa032acd2e862f2f138548171a5002024bfabfdf96f2285c1c1634e129bd43c78ec2d5044bbbbe1b48c62329bdee9e3e67f85f7f29fff679ac2824e63e47e42d10a29b1b26c2cedc4abbe3ff436eabd03c4e04193b5336e79e65e87af278701e59ddb005c205c9b1bbdd7770170e64aad4d3a686878190c65e7dc290ee5fbe634af86bda8551e2e2cdd54d3409f7cd9fb7da7d2cb84aef8cbdca6fe ac43ad7f955af8838f543a62bdfbd1778513044b38fb26abe8dfbde70e1f57fee743b98cc74e75feaaed32141c3e035e16d857aabdedc4294255e7d66d8b9e6787214044d5b63aff3b3357074075ea993e384b5f7dbfe3c895692f9921c9f7c24e0974a727f936e793de06b61154a7580835a46b17d5fc6e5109f4781f5643b56fd8f9dc1139b2ae9537c2d01ce166f1dacc1d38d08ef274b11ddb3faa054780b6dbf99f6d4dba832654a7fe238986b03e76bc75741d5660c06c9baf7fe496efc0d6dccf4298b490 2c0d960eb2a7276418236a4e5ae8100b75bfa335bf254248797b80357d05fe2d992e8fc22e0cb5e55a3f408c2e43f3301dc3c7b7f9b88658495e28709367117adb5cb5b17859b1187fc9780845e11b2567a08ea536377e0daa3268a9c64bf2b9daaa03ff4896fab19b8786b237d0fc6ae1ecc54346877cd67c0a0df6bbcea7ba279d8e28af393bfc1f5bea465bbbbf87097947e650dbed05927788da03c1e20b8411d3368cf80fd847dc7c8dc8283d7f8be5b723d7decfce5cdc346e9231f03a976ba2561b398d55 c7f5966f6253af8e38973b20fe4feda1f3a4638d7a4b007e68032dc45d79307717f66bd11a0794c63971a12240d28e9ac2b55f3e4e2c5d8f19b4ad53caea09c01fd4ad3cea6885bbf45da872abefdd63bd3e3da3c6b1096abaf6e4c6ac8b592b0a55f980f6221a5ba205be58a8688c5d16703cd5ae9367ccc8cdccf03f7a9dcafcbd3ea09ed9663f4d54898fc6a8f93de05cac0497ed7fa83a50a88177b2b1ea19bb7397de13616a1c36111131d28538514cf21132d051020306a72eb9b3aeb1a348a74dcf838d6d
05318cb67cd0c4904d543af24a16f67ca488363ef60562f9b885fd1f07a71cc0eeaaafdc665bb2e534a454656b43970bf66bf21bee50464749968c1c8c06b361d3c1445452ed5edc39c6f1ac6d547e204a56ad34f6bd08308c50307f7a7fed6afe0c868271dd1687b0498879d1c8650de85131f2876d17a225687174e86587eda37fd59f9ec7bd57efabbbe04e47da233ada52b83f8abad608e5f5cc5e2835fdda5f7012a196a5777f374c140b689115cce473a26a74d6b8cd6fd59c85e80f269ba49b9ebe95e9b5 d59305aed63cf7fb4b9b906e570394135ca652d62eea38e2a1212cd5bb44f1002505cd28965841020adf2929c4d5b364638596ea520d3fdba6dafcad7cb92d80d6b0b2ae5c190ad5d74a1a115dd212f0f6efaa407bfbee2c80e5e3e1aa5ac0ede06044a0c7c2ebba1be18265eebcd7145792568e9652faa165f89ec27e783cd84c605d9b55395078bb34d8384c9760f975725ef6299977966435becdaa33d9240243d799c3e081e7418768a0cc3208378eab76ea545241b4119173c3ca4057db2f9a74bebeb84119 14ae748ec0a99d7e2261b56d6bc5d19de30444ba316eb2f8180103d8d3677c00490fd220859c470e57a4ab77d7a6d1ed570c30b23e945c15e08e6236750ee71b21e743ab9c6345902ab687fbc95bfba74c8c81192c010067a88aa7845ad659d4a057154ce9268156fad6f3db55834391beb74fe477fc94b805a2f2c7a1b8f25c37f6119f15f887930523d37b711ed4bad408bf897835fe872e84806126b662c2cb4b441c9db15f7c1bdea0b198c74b6a917f9a5a7b387e16f1ba4a8843f951f591e3a673bbfa10d4 71c56303771aef3f96642087c7ecd19c5998e94b1b885bebbe1420bcb13142ee3500cc0c3fef45642232da2c97fc27eb8a53ebf6df71b443298d5758fe82c1c0e3c480a46f1cefdfc3f71d8395e2d6f26b2b9f8a3da3c960fb389ac4dc5f6af5819341253a3fb09406934e505e88396663fa447dcafd1340f1b55fa208c48c58804c7b8bf6532808033765fa15c9ae54dca981aa7873c8850363cc62011b55ae4ed3e066363efd54f58a45a2071a48852dc05815a27c0147a3a5edd6534470677c0e5a02676851c4 6e5afe5f8cac5eda3ef9f4702642d337887a9f9b2f04ea111b53fa4630ef1991e0c0eae033b4d23cfd5682ee91200da95da5544fc00d9d901fa33a4c3cad391dde5176f7c7a825b840f42750c4e89d8def40c1fff0e56a8b61b81528848c41f7d7077e6cce5723749daa49bd74d27917a6965fa64ace405b8ba33d098c9420f41d0ee601f2e52998fe911daae9b6f87f37705620619a1157032bc4a13114d196d4d2c733b4f3d8e6d146d1988e22a70ed0fad9351e38b5bb74d2f5662baaad7a4879640cbe7e9e36 848fa81e2473f5d76a8f8033f4341d01f18c0928286077ec316277290fdb0265176730dc3f49798b3f5d49ac278405d9a1dab7a2e0ab6a3f19f24fa2353f4e158bc30aaa29542cf6df43d6c441f6175a0c0ccaf8a517167725879cbb13405735c1842916e11609b75c6539d4973aa50e5705e586a68f16f7e203664b6e4ac45a16e55f965d034d41325c46bdc9dbebc1639bdf12a910d9e30d22c0ed6df9c98e2d5ae98ba827f5bfb1ac676bd570907c1170e25c493cea658591a1cf450cb72bb1aca955b34b4a5e 4cb6d42fca9dcde008c0181ffe929bab1560c2e5d0eb049d213b2b425b4d806a8ceb05e373740de10f273425ec808be8cd33a2a84026a7523f55853219b38f3933e00109cac3056f342a8083dd8d2d8007d5bc2acc9f0f698f7d1d81d896ff5ac26bf95e2e977623a8951b45cd1428b0e39d3d351945ba3f4d1a4efd8147edc7c98d6e066a7276ad1d0d742b2145ed22aaf94ce3fc7eebdf023952919514ddc9afbec1292dadba1e56b2f866ba297cdd95ee16112fff0dade325edd65406aadcde3f74e78ebcc351 c9d51ea49829b216cdd8e362b32fd9f378f6feb63d5924a37c491f20a4ba5bc9e2ac2566263584cafe8b5811c67a70ae4258de6b55f2de4d75397efbb3b5a6fdab7029e9bdab90f3cc823ce5a04e81c5853334e1c5941656d154e149c6be2a9ddfe33958c18bd8dd8454f3a94a18cbc26f90cf75e58e61c0067a77ebf5bd60e7790504a715349faa08c1f7e1da26d6c5dd27b952ce6aaf93a72c321cdcd8168151651ec01ab417bf6d188eab2bb8aa527b9689a9365ac29dd09c47397f56ab5a480f091e945a0c3c
e91a60d647e8f78427c56f20e68577abcfe084b8b8cf9c53bb3bec08ec03ea47723f9111ba71ef98ef515e190badbca1d6027f60c3450b77dcf5133f17534037f1bab4574d49351dcec650b845cb0792ac7f47e4283d2e4e5ffd797b9e4466020cff49f8a5cba140460a21777c2bfb366f2a14530a0d28a7bd24bf8dba4b456d1b28da97836a338a19a131091a3305c1aeb49dccadba5e3d9d6a770ef086e8ec35e6102f13c4ec34f8061bdb32b715df67766dbe3910c2da375bcaf6a1e4488b53e992aa00eaf521 d92180fae3cc10324c3cdf3b7f81541abfb093a3500e14f33bfa2298847e99c01b3dda63a2d3352a99a8aab8f5e9b7449911c8735a75d6a9e4c9804129b99543b8fa8cee220bfc7bdc68b978780a8531a94e75de18d71a45a1029b039db6db33c3a7dc8beb501a86d96ed549d52e9bf12046cbdd0ecf2eac266ef1f1e4c322a9c0941ed99299330f7592d7bf509fea1b722ddfad8ceb4c432ebd9a2ceaa868536534b0794bdbad49adef6c79f1bbef573057c46a19b47c6f09a1a78803c80525f6bcb62f817c476b a090ccf842975eb956f48c7a460e77d67174c17d4481be2aab05dfe4edb382ef418facec3c28318c8c7f41076684b2a94aaa5c1a44ca08b86f9e5516db235fc7299bf191f21189d4f9f5a990a04b92b1a898bca030b6c275fa3fd4aaad897698f2e51e408c3a18e9ae4cbfdda2d082ec5158e0bc7d77fbdb06e5e5b5b16856f64da79a2c15008c6e0c3a115d9c698760c9bd6a9c1a09978ffcd9ac81f8af2c17b4649faa8da890b64be39d87eb2c19c523918e081ec334acf6a0b46c7924fb9baa986f29ee2dc492 81309126f553b28bf980d161c8e513ac43053bd651727783ccf0008c25d7b023ceb8a510de11f2070fbb1c2d82d2bb31eac0715a92839f8e6c0e9bdad1e585c52d48f948aca670656ddc1358e6bda3a2f301f08416594eff7cea0039ec4021bcff21f6daee2bf19f62aa212681ad577146a6d22b57175903bfc64cff3d033529f38c403dac5cbbde54f245f946fe819d1f66b73bd682231bcf7fe6c9e96d8b4deb20bf598b180fd2527ca497711c62d71c8ea42bf3664d0de768bd0ac09cdab80e3a2306009afe44 e92f432b5f17376898299a17ed4fdddbb1d188ac5bfbe4a5ffbccc65a89832adfbc93279ecaef994585eaab60e283ca0d3ab86c719d3c466a7581d9eb4fd32d4274dd5ecc791ef3e4ef22256b0200014fa5ab70e7e5c9874344c8d1a1fe59610e6ecc4ea39781dff7b8ad2605dd323f97eeb81bc82bb3cd99704ffad39be22f41f03e0191c488dad3f85bbc1bf51d32d537dcc81cca5adfa36aae4a536cc50c8749bff0175705a719e4db3850cc5a78d59f8391fc39be4250d1bb857cbae4b9860cd48889c79e938 eeeb62664eee40d70aefb36afcc96e950e06804234ee5f22d20817a58bb77e2863b5b2a9d8f1032e845fe2527fdbbdbe89c8571d47b160d43e1ee7b1dd2820d5dd568d679a548cc565667512b6918346be26673601f61fdf1c081852b3ede6ce24729339d89132549eb1ce9b91005f982167df01e48d5b8bfe48da67dc65173dd7bb3967f6c83a1cb8cfa32e8639941f96beb0343b90a671d5c906ae65a2edc006e38c70b2fa1c1f0659bf684c95a2984d069df6bef9d70db62f76b2a70a2a1b09e4d763b256924e abdef20b7c01edc86dd712c9f73f1d4f78bcafefb8df3b9f84c77713b46530b38734c55f1edc30c584cb00cc8a61cd62e20d8d895b02f38dd860cc2e32f38020348edbb63a34e6abc92e7e494c9c1d6242c0709192ddcf5e7829ae146e7defe9d2f11d8d4172571e74cfde9fe1743064d0145112381cf14961a4d2f384c489b6b1381957543a14002e2cf50657713e1c65b9ab2f37a1a69817ed3c956ea1b0cebaa329ba44921b6221d16600e748b7bb7a7c15fddda57613a127c81503c22cbb26fb4dc02a2500b6 a12ae3a35d2fa5a85552d9ec88c2e186987ba93ae93ed02f1c4273e6c9e021058773f4c50bcabf4f3cb15e1bb81f6443989f8a20b7904d80917ded34b3771cd5ac4b4f89535aeed95663b1a59a2149d05c588e1507c6257e52bf130a68be6e5bd1f404d754575619fa515953efcdcd994461cdb280ab6ca600f0e14a6f7eb5ee1259638902b9ab851c565019c7ccd30de9ad356cfb8808678921e9299e05cb0c6557eb5cd21c21569698af1ed253295bb01d4684284a0596dc1f31768a704669e752578803846314
5ac43ffc3e6fdd3f787a6b5bf57ccda42521989a506886e9af7e6a29fb616bbe1ecea0184acf2c66dc76554b790df40ea754acb2f1fbdff1c30026cd2a5b463d30c937d1da3a886d337a3bd4c41511ceaccbbc5653e7085e1b061de29cf136f3b36ab1ff24c8cd291641e75bf515c8b842e858d49687d1db815534e4a883a05b4a88129a058dd637b953879c36190eaa3b890700200058db5db97071d445b9a83460a97053666a7c38aa051d81da5e812af7543e4d42edda04eee07ad6e06d005c15531a3458d72e fe86f7c9c38e74567fae1a5b8800a0d75d318247cdb73273b2827c156a926c6b0ef4624010e8c5e0ed8250d1a04c59931538a59e2ad5845b2b07e90a285843dc41983c35bf4554740a8b68134bf43e0817a094bfedb640c914f4dd218065b16b17b19c0735a580ea76b44995841ce2ef4dc574b8d3a84ef2bbc93bad5578fd08bea67badcaa4bbbf12e5686dceb027f05394ab393778d3975130a82a43f3deaa27a6ed4d35f97b5c3b4654e454bb8d873ad4beb38507630143904500e84dcf5f420283c6fcc9ad45 5ab042b6039a2a9e8c084221a9aebfa1235b80268be74e7d6958b621089bdb0b7e1406236e7051a8b7af8f856d17799b90020c0dc51835f0ebbec1056114017252ada8b6c59d65f9eb3e89b974f9b098cbb32c2f1cd31f26e417edae072d96cb944806253df91bfc49b7c698e846109dae52772a69f44a498369bcfeeed2d6e4acdade5e35241a9151020ae343a36fce6d9ace5aff20f6e3d7636500426e5cdabe426d792aecc29f2ddfbc80883945556591ddf1dcd85f2ba607972a53ecf7c44071ca1a0762bd3e 7ab5d0c81a42fb0eba06846cd12d7c76ed87c3b7b19490977ad294069244f739afc064146d630a6d045422c565ff4af8a9094f5a4c6086b541a3929dfc44bccc18735bfeded094a5b2d61e8539edfbd27eae49d714bad3748405003158ad18440799191de1675ab1b01eab1f04fa82b469bc40addb020d2e75dcccdc02a692cb0e8bf66fc67d0c13493699d65d5bca470f2a92ebbae8f3a0087aa4ea14e52162c45eea36977b948b96f3f5364d16d2ae0936a9d4a067c4e798632d028beaef79cdc2d7483ed2794b d17bbcc976b5223b4d575117595d8fc0bfd65aec70c94f72f18399c81b37a5cd15664793b83c22f91aab9fac35e0c0416c89a0a5348ec6510b91581f0e0335d2f4e61f7bb715886b23cd9ef80ff0e5f8da8ef0ab1c6ab7742e47aa8ff5ebfe05defdaeca5f20c4e84a0ebdb5e4d01e53bca744f63e377ddadb23d325fb1df06f7511fafdbe02e715d9d05cb5b1924e30265633cc7df26cebc9308acc73ca92b7739e1438b4edb93d7a6b6cc219e83a44d5ff1e8bb2b55aee1d4875f3ca54ef830b3f5840f20b7704 07c87fac5b418880c01e726ac18bc9fcbedd11d8f03b9b2ec6d4258b4e29240c2b03a5e4e96f2e0c5dd79d07791ef066aab6badef6f65fe8ee33e7a4ff630d4af4510718101d2114c4180515254da3fa8241c1c10fc70381e0e7506c10bdd2e8b852d38e50cb48063958a08c993075a030d6a58ac9faa41849fba21d52d35b816daf4d26db9f9af4880bcbe33ab16f5dc9fcd63f6c4c4b768d0af0d6b96e97d97b65e862c66929299242ef61ad3ed4727e4ef7244694ccc9259cbb20891d61a93b4561fae07e7622 dc781923eae813111e39c5fcc78f6a14c86bca91cfef844a9b7bc846f567009750651b8e3022ca887152ac23db5e549f086122547c4ef337281f7a2c30c605a7b5bd4e676c5100310f85dc3d65ffe7628b2c44bb7003f27dfcd0cd2c37aaf6e9ae190bfcd163b56b5c5d652839ba5c9e2a58119db25966b46408704ae8948da55cbcd676559cda8c2a921be8974a403de1f37bc0c4d17c304f3fe422c98451414999f1867ceb6f9c5b15e6de7d9a23636e2c16c30b575ee621dd42551381c8854d4466a6a18bf1e6 51b7903197c9abb6651649164d5651daecfb1e92cf7dc308f38d6dead106b76a9b692f33eef28444de0c17e0938980afc3fdd17b58bf7176545c6b0fec877c91925872b97c51747c7e074be17b22d245fb04bba3b5a08b1bb9e6dfb0e046e15806b4e1173716fed5ee471f7338016138c82eda128d35716b9b3790a36a95d110b8290760ffcf1e7c8b317c8bf77b17f35cdd0f7a5a778e55924b4350d0936e04f0745a8cf4d595400c6a5d512139a7d0930c43d1fda3998140da85d1e0096ac386e5aab34fe09733
1de15c3c8ea569a0b2530fcdeaf48f3e2302e0b17f987f813f66f564005af3e6f3d5c5b1c01a144eeba9858d0bc85a7ad7ee5ca29a478d60bbbebe99c1c8066c8eb3ecc4f4cc199f63b15e9fc79ec29a30ff2b8f6e4d0bcd418601c525745ff22fe03fe9888f165ef511a3617fbfb4f7665c68fb0955e371f7bbfef618c84ae42cc8971134249342912ecebc736e15685f49a9990a47806808c17540d95033cf311142def9cc4f11479b66c36eb90e4d005a127ddd581621efc0765c8ed39182d5630175bf597d78 de60e7699cee425a576132cca2e4d67689241f556778ec2e251374c809fac3e94f6dd53152b090c8f306d6c2c5737838ba8188c038ddd6d554dd5fede02d2e88c02eff1a0f83336eb56979df8b54406e80cf47433e694e72111ca35266a64ba5b2c11f504fbf897733365f02b7115bc0a759499e1543c850ac047d4b2913f2f5fc84c9d282cacc2df7cf953dccbc1586b8bfda633a24962a7f2951c427630cf3dfd7c978a063ba47fa872150dc352145bb9bc63b1afa674bc5dd1a62b0cc972536ede7df65304b73 d831ac16526e4ca81105e5d509b024a1c468e5f1629b330724f9c8e7738ada7322445c9dab85b69e5d36ed706af78bc9fae44208f84c3eb46cf03200d083a77ad75534cd18683118e01db8e3d8cabc60eae7d9a43f70589174a8a471630e6011a0508e42ee628192dd3ea712503cb7bd3122fffce52b4baa5c32d8d49a0e1606fb4e75b18f4c4a124a19bb78aa2e5c2a4ba9f21dc83f704adf5e93dbda0e34e3795277a674fda5a8294209d786c5395ae62866a3fd20353062e0a3177d6cff4e5db3b7452cb0485e 31baae7815e72169af9cf308476edb1f4c360f15be6ffde481a62d65e0eaa1266999c6602e7e9914acf1cec31aa954fd7f7c15e9fec1719eb8c4dec647c927919285a161ea4d90b087fbd78fa79ca6bd76ffa42a9c396de6b6acbc8f6f6f6cff87549447e9c50e23201ac9ffe6a22325da3f50d49be3574ba2806ceb66a97a7f7df27cef5c20c7f0cff82a142134bcc991a348c5222bd1eaec275ff539f17108d5bf4c7e2addd0e9a62e3c88c508edb233c4a0393b34d0d39c542cd12efd4b05ed46590e58aeba31 18527e440dbfaced9c41c4c94cd1264af041317cc32dd8f8a04ad996529a9956cd0b3c85540c67e2b147f2f3d7bcafa2dc6d3668f672674a64bed08d68eda7b2e56ffac331480bf8ee1c75e3eb21da8bfe2056a318993af92a31f2231d55fe85d05695bc44641a78429dec0766e3cab7db929ba09fba298a82e8eb5479fbd540ef1adce3d4b34a197364ebf69f2fb447a4ebe831980d5035941a762fa598d9d4686cf47ca031f4c0fd488a6dd0f78a5bcd89e270bad36120c81e741ba4b4c34638d11119251b3411 c118b4aa9d4be00e8f41b3c6df782323af5d9759235e2d7ac1e194402790159513dc7c278061c14c0a252bd92627b2c7dc82e5df9026b2d7646982dee41e491bb517cf990525ea9c79c379f9cb5d2656103df8c04f0612cd97da25e90e405ae461f45b466be5f3b941f4357ea01fec874018d68cfe6711b42ffa95d90885272be95c52325447bb9d7792eeec668b69f6969d1dde28b3b4c88587363b17356f389d2553e410da9b23f0ef1b1ee2bb7f192afaf817f7dde13435a063b4c95dea0a1098bdf376043a2d 3565da0d6885072e1d652d322ee87e59aa2b22e321fabc4723f651dfa6e62a0d6e6bb5e06cb465b3228d71e52ea70da354d70bb153ad568d48e0c779c7f935a8387c53789d0eca84c0fe338508a67498d2a85e51a201906e9227c98d0e20ea0fd80679a29a70a135610c040ee28b46fad54d54c04194b86735f7d2cfbea2f4f0615fabf3aea87054b1580025d7605101f61b5d8d2a251ef329c4b4ce3e6827aa219f09b8f59ef14cb3f0549f9fc1df023b7647c67540bc205d5ee01793958d5e67cfa548a4c8dedc 5a32f4c9fb329a30b9e6e03a6831198d7e140a6a06460e8ccf7d8139d446ec6151d627448d50d56974ecd6395c934fd8a4f2825f6d42bc0776e2c69d72efce7cd50d5e70997bb8312d918729ac97623785676e7a62165388bfa3a008ae4e6bd30b9aa05ad9df2698f7aed870368f4be9affd47d28a07d47ce692aff4e67999f33beff6a21f77840ff24bac6fed6e1954bce3829ac1332e4461e5fcdb38f7ce5a99495b3913454b67654869447b64267c74db450acf49938f344350c7dbc793af4f3dbbee02d1aca9
ca46052c8ad409bc09dd71ec33bcea68e6f48d64127d138f7402ef0e777c0f90d98e97b2ccc7871e7c94034746ad0cc71980f8db96771dfceb5daf5b0810bd06ecdc8df80c145836e80776381edb22b39d5fb846bedefd09a06afbafa37b31ea2cb3cc87807a8bbdf9d08df59877cda672ccee338467cd3ce309a39c2ee58e20086b308001b2fd5a6c4741fbb8dc1d609c43d27c782846ad146fc6254309f405c2afb76d1b3d2a115e2678683e2148804832d32ad09070601f91874e22105081eb87b7ce52ff956b 008730642b62594abd7dd7273663c85ace723862f136fde1a7d99ca9425c69b2564c6c8b42db9c0a8adf7395882682cf2edbabd40b2f2a5ba8857ce2d24ede2783f35b0ef73242632036dff79a44bd59d52e48a90313a84946026362857a6b5f21877e69711dbaaa7e3d9ea9c8e5338d136f703b0a72783d88ac9d10204f4ea051a0bce906feb2853b34eeca7454b3232cc41b8dd10cdc5bccc3847ea133c9c8d296e1d2ccdb69db831f7a08ce3a72bee8299c4f809897d10ceb037656fd51f2ac4b9cb67aaa4eaf 2ef399c4207bae79f010f484a49fb5924dd3535a44f01e2e7473edbe3f47520aab1346b0b85aa687f0b813e9ade7906740fd17a0616fbb514493a3ca715539a2438a46fa584decbb4ad40e9a241cb21f59a8736bbdea809e4bb838225005490ce2ae8a0756f1306cddf79d7e5c34dc9542b98977863811770fee6b2de2c5647f6490a95f04bdff80d9b8069c7d575e3c6705b4d86b4e492e346efa2747f063a9ab3b40a724679b5fed14662515c1ea4b3ea8d70d0b5830aa84f5e0302767a666a38243756e7b8f78 c1419952f5a0af4c2493d9532841aa182d3a503859f14b0e48efdbb92d3ef9bd4c265d39c617701d75d8df25b4af907dd0da5942575c84350d189d084878cf6b43b97684a8b2dfd4e860daefc0d9f1f7447ca5edda8418074bdf78cc2e7e197569d5028a5fe5749ce232a75bde93d82c0a70efacfc065506fa9bb41e3a068edba12d6a835ff41fe46c94cd28220c8ab1f87e9ab3451282b4d900a34344953946cfb446c28ce82f18dc5ea8ee6abe592a534de5c8a89e354010a4091b318d35eb4a910dcf0dd5e765 78bf9a1cb6229d43832cf4e5323a2f83bb5910cb9eda4e3e96b423ebd4d959c31b8d8075386fa072326e042c67ae5633357a7af39d75de1f84cc7e7e3dcbe3c408de628460b389ceb48dee0976971ebc15b8408777bdcbdd518797b1b375d2cfed4aea45e8d74f9a9b908f75c7baf023083cd8d4d37c3f13040ee431ecf6141387ae4997adcb09bf55400cf7db0c994924f697a028d070547e4f529c964dfaa5206bcf41935a0e347bb5ae853005322cf4b173b95c5ca55f57df7ad4e523ede4914c02afe7eca2e9 abf3d65ae27d4f5d2953eff12fdcf08598eb8b48c136ea9e342e842edf4d6a4f9a2e7f6a68b83a402ac88fbc55c1c225e754efda11c9ba393629c42d4ae25662ea55f6b977cacc2d9c521a12eb3355b668fa2a496b626b137b26a60ce3de485fe06a40d4ec8fd02bc8fff08691c134de20cf69f5a0fb3990db53caf06319a0eea50e5cf9c6468f286e170a5449a9aa3264ba27c9cc9d3506d2aa9471138acde30dfe4ff79e73fdf6d0aa787916ece2db9afc71908e8ddb3e0514d3f3aa05893e35c919978b4deddb d541b8a092ddad64a7517d32d3db425d986b1e97e39635e26409971afdaab1d718fcbaae98a96169e08ab3a7b478c23520656b6bb1c7fd6c7988175d54f0cd17d4cabe74e77fb31baa389605a25f44ffc72f361a762fcb567526a5902e3be05d350d05f58a05c3dccdb4bde4181856e9bbd0d58a9340df4eedec4cad2393b136bff5d434392213a0b536bbee87433d7303c31e12d78bc9e68ca5d0d4940b3a51902fca547ba8f8ef4eafe5e0f6e5f007e1b7d7f386e6adb579ba49a492fb4a81ad18e855fcc65763 e42df1f88ef4b48885be24f10d08b1b1bfb74a3e4e4bc9bf1fc988b2de82c1de53c71531bf23ea748dd99ecf296b4c65c908402372986fafae489a19f1eee23b3fbb6d486fb0700199de9c61ad87f078d1a16272b09f62bd02b21d9dd90360970e45cbc59fc4a0e9a59c032be5a406730b893195304658f865f64f5d48e87b97a371ca4170f6f76d696d891e8d52605bb7507e654362538027d3575fc71821888897ee9a0d63c47667e0d23e46f634a44e53fb909b97869d14935e736bf059fdb09ed13267c76d86
fae86c574a07e2be7f2b05eadfb34d240a3b4f7b495d6b7284c379e7b7803ac71edb08831d742243f8cc80459a260b15c98803629cf74094f0524887a907d3f3e05dd19ace734eeeeed718cf9eef4d7429e7397dc5fa27fb4181925142075ace50df572af2ff7afbd539b281c56cd6d6a2b58d56876ccc8fd3a09f9c400331ecd685adb887402cf5263e847fb3bbe47dae03620ca8f7b84d839c413f251e2586742e67aa673c962a5d8e53ca647d24a3cf4c0936a994672db1df9a133a1fe2e8d35d4b7a57adbd12 75e6ceb6e4d9474bd9f4c605a642bf753da0549a2f60dd0f45ec281459ac7bf8f4c2c96304e2a0f95841571292d2335f469b080406fa209e60594a07f7339fe1031ea9105d8eb347c98bae7fce0c4c1f321ff1d5cafc425b58258b53cfbe4fc467db4ce74487de78732366b180a19d838ae6d4c1c7398b94057b34fc4b2d47db147b534e5dab7aaeb3f517692d607e9390aa697eaf12343ba6cfcdb6c159ee279bc6954de43b61e4958dda04d17d0362a966b7cfe177a72cb5b67827a570c93e76b772649cca82fb c9dc094571da711d918823a7a463005d5188a50ceb4c2a49bdbac4caca0b142162def56897fad1435c300bb0c034cfdc3d5042c7392d1ca5a798fd56d89a9f5b793de996363b94f2fec1503855239599fa22ecd18b8daf0733e2343dc794640f71c0a5d3da3fefd0900de26e66f80d4a45e70e7232a0156017197f5d22c994480dc6640c01523c30df9ff65e42509e0c042e7dc2da0505c74877840db5e03877afb7da517d5a61b411bf9d38511ec1f7f4aca30804b75cce9fb6c9514e7662cb497b5d5919a24705 88aa3f35d976fd6012c35147f20eef3e5632bdb5e0a4705ea41c4bf19433dfa1576643029196d386943cf917582244cf9715bdbd1f73410dd48a63889020a2093acbc8ed7e776b1fa3954daca304996d6f788183f36df14f02b14ab13062da3b061c048ae5118571e702b5313bc2365d195e43e0e4fa66903b1014a87644f274e67df1f23b74847cc1b05c7daa27594ec6a6e9bd31480c97de0b592decada3d07415af8359e46a041448469e2e18ccdd5208abcb0c212e80731994057fde9d3ad404c93c86f822bf 45049ad9623ed5b2cc5a81be88f7fd12028c379241e3107058e43d3086f929340965a9dfca1b4fe90907b10250d94fbfe97c0042f5b51281c702b9b2171819f7fb9662c0506246958fb3868e1e57c93e92dfa63f3d2a8c6aaf2cc790e5ba32c3d55888e20aef8ec7f15525e803453c2570b05f93a2197213f4e6b296d56a1e749edb76441c033efef738b94e29b8c131e1070a64aae6e0c18974c33a07596af0bed87044f7ec1096f153dd805e346aa2f0023bf5f4ba761bc6b147ee8f155a1c64cf5ae7a107693d 4823bdf21bbbaf3b4819dd1ddc87a2d8e1d74b57d52e38e645f3ed22ea10d60f56215e8946cbdac842d83fabae8dc830c28a0464772cf946472e8b6d2e757f3253540f060ee09080f9671bc23b7d45cb586762517d6bffde0e50e0c3467cb25a58c599dc84455db4a3feb1341217e363b19e494429ba200f2a98123015c39f3b9cd0bde27737b4b7d1598dfc9c284903c395c36c6b8b079ef743fcf3382b22841599dbe0777bb90fe72b74cd417b3d9b458e40b26acc0dbbd63b38d0167005474d4fde4ed837010a 6b96d7220dca25f38cc1aafc5262bbe2129313bbf3efae0ccf2a22d7b0a8dbcc6409fbdd6d3c52b457aa10291b512403d879d606c2ed9d60dfb95435872c7b344518ea722385f832f7f7d7a56ec974f5cf2f5fa4e8a71b198855f71d293ae9969884df674273d0dde9221049cf26fc77d6ca09a47b318cdde4bed4c84ebf1dbf842780d6629217495131c3cb80fc5c676a9d097aabd473c41acd1ac2a0550514254e4ccb37eca3a3f073178dadb969e7e327845299a72dfd4ee421f7c2c40671afbb0f301a04e535 02b6481140c8ee1fcd099c3c3ee6ab42e48af92b68555e2f846b9b7758c9a3b685f3ec45706037e8d7da89591371998d0d0d118668d812f52c61e05d6b7c757e4a0ae59a1b1dfaf75154f41de53a4004f1c2524ba3aca40fe2314fb508eb94fcc63dd2d170abdc027e24c81264125c103c88d0bdc44d20cddac2a4bf05c9314326e3659592b8dd40e14fd21d599eda34771abf1688a76049d2b0e2bca3597ffaa0482e3094f346a80ae2547cec73bb7c706a10517ba58529eaa5cc9c15b7ba69dc5f63252454af26
fe17eafcd452ae7913d0d5769623dacce1f6b25adc42d7a3956ee569b4e976cef64662d06c6c76e3f79e15d9f056bd984bbddf5398fc5de347c9f64362833d986f8d1cb773bf59eb2d83d354ed66eb7d9fafd1ea842b03fa5d5b71db3d1a7118cbe84158422d367460749efea5c032101392497164227ca9b372314faab024e0804ee6d1c610174e2a3e21f8a2d0783e43f3065f98aafc46ec5110d2030829143f45b9060b24f9660e552f40ffb35b9139b25e38579c459a65b499d31a77e88bf4f47cbda1e3489a 9423ae3381c5758e4121163d068da99d719a5340550e1ca45321af75d493bc9d58ef17be909b36f0b7d1a54dc1fec5bb411cbec03f714ea62b2cf17861c21ddd91118379dc03a94ffbb2bbfdfdbf38be7bb62c7fed3e8c26c7218264f63a2164586243154a0ab608addf5b80501b820c02fa45f9e462d8fd8d429caee731190f8b435115207e0486ce8a198374e31dfdc8e8440098ff482d068b219034a1a02d8c80df5e082e5a98cb206752b29077b75a69478547afd9456bfb50609947e54fc26239ab0654b565 3d7da26dd3398b3d89a72ebf3e38588c029f58a3f088d3ebbd92977cdbd401e8d7d92a398bdebb1ed6fd11a296c4f9ad5001982248fabad8d8a267285a3dc593ee7de222a28cafcccf98826988257bfb46cb9529ad3e7159d0d416c836cadce0c4a02277b806ce7c42728f0e10f0a03c0f4889c2321311df0a0a863db622a25b876a56922d05d5f00951c75f42c659835508ab3290f9d365f3c94efd23e8adbe516ee0ad4f5dd11cf79693f3c212635a9612abe76ea06616399b97047e52051ccb4867e380e05ce5 5e54e73c9fa3bbe03b505487108eab36d072c5bcb2c9f985a72fdc9706a6074b90ed728e38904607c0f331b50934d46f1d59c91a73a0758414f7c718b78fed9f53d3dc13089337f0c6e58189d05d9f4ef30468416614783ee0fcd171811588ef7cabecc3d856d4c6c4ed3379c0cb8381fa9a36d0521d90a0b8371671a2f47f9f86f32657c07173390db2fa33cb22119a7b391032242509c9676f1f3b85c5a0885d60bddce86c73afa8c5970beb39ed35987edb28c8054cac8a5f0e936e3cb4857857970fd94c976b fcb40d83b12ca075df950378703bc217998958e234ee0efd706a3ae16a40708e36173d38123a3793c76a1040d053cb481f33425d8d058a1c8ede90aa6afe0c6e4f7e74499400509957b1cd3dc0a21648ee5c04dc24491306fb94b319d1981fcb5081ffbdaaf804758dd02df7c787d8647b7c13fd07f38b7e1d3554f9377ce9894384c5c208e81e98d51739727cc70125fd8618657557fe27321020e6d4a2048f32340066b940767cdd814937c8b41c84771b74bb5ebfef69e98f0d6426338bb07c6930f4fe501f73 2ae43706c6241c9d921bd8d28424ace7267ae312802fefac36a170e994041938714beb4e365d09208bccc529fa59e5dcfb44510cc70924e3771f5db04dd205b1b1107e3927b53bb6f695c008dddf1f649c2b7b7bd6bbb2ab322d222ef4cda6a5f063f97e4a89b70a820bc627914713f877e43862395f768640814c9052c8c5205879717355c994b6884533ab6c80f9b416a9a62178642859f914f71d45ca01232a8c2fc9b7e5141e54946078b027ad815f9f0c4fdc3b81a822746b3cbaaca9226853e3b8a1019eaf e01a5425f48e64daf98914b695f3d81137854573a2b3824d3b162b6f3a6d80c2970db9d38594f7285019353b5e4e8071a975bdd792a5c5b03a6e1cf1f7ecddabb878af3f583778af6a7c7a9dd6f42b316803e9af4503efc3368c8e257b3e6a680a58e65ea74785e1d591efd67b40dccf9c27cfd5a30fe20e381b93a1fa64b332b1b221735d9e20a8f2a70d8f07be1f9b7e62f5caa4ad5722b4a275e112f72e0a785ab00be1d3523f9bed34aba21b38175e37e888707f96f96aec9e18e32e976d3d910366ac899fae 5f23083d49ba65f7d9c4b3aefde33b336c6d4b2123c4d2ff3f15e901ed83b7910a7eb1214a2143f9f0bf482294d3ce0a39b4c26fee4a1cf6ad62066dac11f056e9a86e83b999349cb36dc69027ed0e37051d6e7b39406df76f6643fad0e4cbe459b2af33a78c53f67af77f527b661810030cdb82daec5be66441cb9ae47e9692ac041b7ac39a7b506ebfdf08330ced107ae547d075f608a11ca8db9f625239a940caa712d641ed01d27f6c8e2ddb20fd1daec051606bb94c63700c3ab971934c517ef4401d00367b
bfe44d937b7c0214b833008fb2cb01d7d26d716c97711be0e9a2d5a64c840d7a34997c09aee29b4c23547b623f3d630ae83ecb4f618b254038675a6c95217af5a6c54a4e458ed3d295d172a7bdb3e0d329fd41baf85f33b4a6438dc02829e9a7c4d4a1490a3774cef90f8fa8e48ba00ef29c33a9383e0adbd2578ff5a9c8e9498ced63d9b190ec902d4e2818078de254029b9c812d056906dd70da06c480b16450ad088f3e30508514a14c09d0f3054f397eed8c5c9dc9dc2acfac0200ef815ee774e03d70200497 eb362e0ebffb03472533bb428382fa73122ce8be5b95a9617a5cececa063452b10d0dcb742c5b8da1cbbc050cdb98989f6d08d502a3edbbe5fc63c68eff2fe838eef1799b2d9281361825fb32d0743941b536f38609cea40a845e9f8d8e520007b23199f02f0c102afdf243c68c50d18400b6107bfe1d0f982e3caff7cadb94b22386ca71981cfd4f590bc2fb27fa6d942b18567e10c913b81162040fd6f2139596327da4bedd88885ebc9954bab891ad54528d76fbbb0bba560de055d10eaee2b488b28fce8ff10 0be0b0befb32c1b367b76b64e4e36d29158af53dcd166d335caffece4be1c3b4e2b3841c1e73b15675e3612c8b7b8293765fcc60b21bdeae9dd27fbf331c29bd17bfaa77bdfa63fa577fea1671aa6ee7816d9e531bbff086dfac403bebac6e9b240505f2f255a21f1da75033da045673023325bc89161b0518dd647cd024fd3ff494694108c48d65c3556d26193058d4b45872a2b7e51aa1d54c73db502367ee656947a99b2ce6e32a94d326ca726cbaadeb6548a409207a6b64f004a3f5994802ae6e5bb52ec481 2709c6be1a4a4bdde61bd4b0931dc5d6ed360681780b045e6d627e7e17425a6afe170f7e3de8c1a9f6af64dbf721b0c89ddfc65d393ada7c4dd35f8e3b3b2238a56554c86b1a1018e46623ded5821c2011482d910e9b3c58013c96eca962f53253139d679ad51d08a8821ce7ee408bdf285af00d4d273c6726e1c9d72298f8572526ca53f40406dab14f350e8fa4107a0c6b55a40d15780a77d922c471db96e7029a00c4f8a02a73431783d004f1a6beb1e69d1837243e425bbffd0e59d3d1a11fc2a58243a2a8f0 f257e6185a34945666c17245290d6ca2e2c38d5ff3cb94448b33b0ba83588549f6a1c077d764ce1c53cadb1565dbc705259098de8431c9cf088716fd3a0d226e98cb2b07e10f0215aa9b5eb9472f49383c61ea9f127016cbcdd321ec4f9efb9327f01f2226f812ecfa498606942f906ec0bb42c6875d70df6e9fd7fbefee16869dd0ef4b9531383e4e6cb173d3cd82391a7c8fce162436b60ea5d3097f8a9458fc5471c65f6e74120d27363244be3efb0cb053e5b723524dfe4733f4b5d3b5f8cdfe01d542cf40ee 297ff5d1947aa9aef343134e5216c91d376344bc118991749870fdcfe20612dbe6d4d03dfb6071bebfa0517644a0c50b35f70bddaf1ed54a6394acb68d04284f07f5a8d7a31e3826ac6fd370e8073aaca21d6d97984c666be1f7459330631d10a4b4ff93c247e3394b00dc3f45f45e986e696e88540ac690413561658bd1d9677e9b0719a49f348be522c5dc8991fd18671f2b2eb5f435ea5f3806efa60b0922103daa37e4551f7cdb2543275d4e7ce737ccc5ba704afd62592b369ebd4006934d687f96fce0247d 49bb1083c73ba52f767b3a849602c542121c39d040a2cea69bc366fe360c572563189c200a359e1942e0cdb883ded6f72dceccb56271c8816e8c1fff0ab842b79651ebe8f52183b9619814e2b12d60eca1518ef07183205e3b86b4f2558585cc70d83c20b08ca7bf3ec675833d02d2863ed23cd75b56195cbd08220548465a7086c8109ded07306a9ac0703b08fd313ac39c47752acb38c068e5d53f0a44f0856f5315955b193ef357ef3daa66ed358df9636542a59e0fbb9d025629fba7fde64f9486ea08f4b488 b03716ea26c18171377c7fc42ba172415b45b8e8289c034118092cdec481ca9518603757bed692a86820720006efc55eed7d711f4b3cfee1604519d401523d9a18a147a3ec8cb962df23049a9763208c26d5e0daa7447a8c1aaa98b2eadc350bb8f91add409cb7c7e638f7b0376ead72e5bec8c670717e973696b0fec0c2ec8b0016422fd2d5f7e17d4be0e3042831eec8c12d8678e9d6af28456d25ee8b061000e07f5f07a72c2126e1b0a8447f1b7acf2d789371ca801f0c85a6232ce4c84f758732743a955675
66512cb88e2eb9a3d470fb2025b7abf4d041d6d7f8d89a81a00750b9e802b52b56eaf6e67431b7052e27e25fc7dcaa11d27bb28910542419c6d88c39883570f8b3b657d48f5cc5b373abfa33f4dd02776fa941322b7b0eeaf0ee3f896e0e4f7489162f504acd4f6a44ee118154ad4a7eb1a6be1f2c5e2ee3a2f548d657eb81e04fe966c72a0b9489ad19103273d70f579ebd32a942e6249e4e6cda0d2f7f09cd2d6924c32c34ddf6f45e7d2c0d3c6f2845b8344c664df48110b0047a800fcd9a6c18c2d3ad83880a 72a4f369278fd15b8be853d47bbdc80b83880302b9482cd26a036196007e99a147391171c66c6e3d7f5b961c1b5f7517345d1ea3c48a869ad03ffc0071d6688b7c7eb0a6cfa65b7dc591e1060ac6709cd04bcbec8d17d03cb3fa018025cbd0ddda83d7f12bbd16f07200f665ad499152b2f89628259ce802afbf3f27ad5a08d353b38fba07d9cac65a8af88b2517260a4ec20a69f46aa14891288e90e14921cb1f80c7dfd45ef4a29f7fdf12cfa9eab76f212f8b2c11263b9cd160d8db56f9c8214ef6567b88ec10 3aeaacc6838a0b9c2dd8e0a7e9f2707ce1f146ef685d46b19743731df0b0135707c174987a7004de25c02215a1cc52bb3a9a4bfd5ae8f6d61f2b7dcbe5edf0f7786469ed7d6fc331d9dcf6db30632e2d8db841eb285c29fe50858d4b11f40ba977e93e174df8df969602b8a277810fc9e56d1743a81a0ed45a8a3c93816a4a4029cae9392f3c3c3804bd1bd69f3d50d9a07b463ac6789aec5f55e0feaf7bfbdb21d6ed8b9e93ac437fa4e7a92c6d1b35b54b60981fce33d252a632e2b33e0d89657f9c081c6df839 94dd4169cea7c4f52429783747253d4fac0c77154f4c5bf8ef8270b6fc2b1d42e6979764e4dee002862eed61b032d9f1552031465381e4794a0086b162288de223b4113a17af8c7aead6b008862082bf1fe4caa0eddacf61d34ca8308e91c72ff5d3a6197538487f468b4173354b217dfe0f249d9d14a5b637d6c6f2fd64be4ab4c84204b5f20f54a491c00fa6b5fee9f625fd3c78c35c11b98db2520a57daa4b4ecafc253250ef9251fa445c0893c80191c9dc80d3b53e7e9fb0d92b829eeba5f31c2b65c6a788b da03548808064f8236460a254b49091be2637b9663136c06de00a7f8f0e9d699afb7c3cc3fbec9f82da21d2b5aa906b17e01362fc2a68afc068e2789f413095d4952f41c529a17865703bef259bb06bac36aa38192242fdb9c42b80eb6c6e17546002e6ae70dbf0f8627a6fe2279f70a6541017314747baddf2a2bc54494a296b2e53da971540b8429dfda2ede0d4376866a1f7193410e841c0030005cd742000c605ab3d78850ffc9e7f372c23dd5a1ff5c328033e5a629eaba72be4458858a06024b2800674104 491f3d2508e6799d4d71f4cefa634bd1c361a5cc215e0a3f7e50f71fcb2263d2e111fc679be6af31b30b9d9ac5567783d824f911a36811b974e511e9afbe8598fc93c8575cae86a3be053454a9037e1c1661e9735b5c8c74c02b2daa8c20da0fd4b21628ff483b5514f8e0999793b6ff7e0d611500737cf91dc74eab652eaae88a1d2b17582b34d0680218b9612e05a505af867fd5cf8c464507fee5838fbad835a58b4c23415671b0203eaf08a0ab19890b7f2b728c31afc6bde93c5101cd4059d18d2cdc5ccb9c b916a517ed048e3441473030ef8aa6d09fd287b4a55d0c93a9717c140f357f4bd1de91be190da520de8c2bc7efdaf9c2b0adcaa27f3dbe6850e706af4ec0862831ba9fffc2c23ecf06d70ec444d963b2efb47cddb68f0a95b494ec26fd81f9a39c5bfda533ca2344a80999a6e1637219f2d10b866d28dde2b7fcad209364451d807f89a8dc588b741b9b735b379d1359fc3a099484d9c3c9d4b1fee18825bfbab29c6f6961c688596b85ac60eb878ecd798a9b25ca4008e618fd915b12a945bdf5f3b4af942f6d87 fb58fa0cccb269e92b7cdfebd624674372d590025b8628a23e06e7bc309191006a701a1549b3c40827605954e97a6acbb1052b408ab2a0fa512c02cfd85fa2261adeceaa8d08a361ce7f3f9f4b11fc6f80cfa8a67680e0d1bddbd8d2bb8ee671548d94cadda2a24fbb21ece389a0d2811840685bb4b6f7f77339b80aa2418bdca0f645c339cfbfa209aabeb65976004656069059f4153a452a68361c486d301f36dacb093f479a5300b7a8e16f00e78aed5e306a4fefd938fe85d24d23713c68858de6a5101431ba
ed69398fba8b9476999a7ef754f8b0d7907101fc45a70dcc4c6d366e50a7de70518e080fc8611f8f2455c81403a9b5e4e21fbe783ee0f608d24836693e9cc91a0ab03488cf5539686e77d75d018b2624e960fa6f64ce2260d8ea22af3abf58917406351243e8b6fca1203070294da33a0c3b8f36dce73d4004bc731870d69fbf0b36b51b96eaa633e0f75e90a03aaae65af68f6078ebb816cbf5609186f088c72ddbd2c4d1cde34165958a8ff1ec122576ca84a0c2d7199682a1dda4834f43100c1100e6602d163c 56332a93abf94cc80f8625092a44da7cf84e3ab884e29f83b4feb4b957a3b02371a39debdaa49e9e877a963df5b02e42b2a5eb5d9dcfe1c1eb9fb4662a11e3866b12e2c0cb5399f5f98dab0b0965f59e23d82b493754923ada771e632ce600fb43f88d6b17b81413fe22c1c030c5f2377722c388640d19457f8ea7b1c047244de8e7dac88aa1d8fc382c4af800b7311e3198b13a09a3bea322151b6d967d37ccee20e4fb9b9b9d764a7f49838f3f34df88065fe96c6205d42364565ccdf37be3354a9469c8295ede f021313fc5b864aa42df138b3c2177449725c0b89e3d96682b97be6d79624f7668550585fc0082b3cc2a5f09f410d559e8a70025291bd8e8a1b15b362dcd504820c8112c5cad106807a7a93219830878f4b422d22e409a4c10565c9e062d5d76f01d563e3017aae3456c7ef434cc5305ee18e30a5914d2a0433cde90c5fb374e9a664a0c6eeb3cf74fc0e8789c4b453d6e8d47ab9ecb68eceb39b8b1f18df00c4b9cb15239262a589c30136605fedea5ed6daf9f896aa323a2c169f53d7a350909a12b9a43c68c51 fb5573de0f9566e927799536e7ad1b1fb7c7e0424800e9cc5baa15c73a8c63cb454e004b0bd4af9473bb2dec48bf582442b444f66f35b383ff38abd3d705cf5d748fdf88d5768611fcaa99ce93c13feea5f6d2575e85eafb9d558cdea6f164b2e126df70e803345ab99f21fdf6e9bee767458088f03b21a41265c545ce9296c9a49d82c054a0f9baa9f4be30b04b21b9765378853bc1975770ad1f6674fc92f2acdd36552134ba06e5bb802b0e64a340519cb3621b02bbf794008f09370c54de5f9d756525797ee3 e3e85b5bf3a028d5e53a699e4c8a5f5d601cb33ab924473ef40ea279f458ffe35af2c84c9e72003cc11454c4b0e822588f2002df5fb6c479d2b9185d6c8e43d27cd8b9d05d8df55d444fe4cca83b852e5b283455fec11dc207fcc7962f48a3a8042b76b70f1a7db1a084d0ade83579bc5becfbe33bbefca1446d7234e84f0fed25cbb674264dedfa25d3f23574b74c1560be4333065786e78f9d3a7b2d473ffcd01a964f7b19ef8595e15b509ffd2ace4dd9203ea22a98b8bc5ca9f215438aaba6619fe241dea166 b3c5fb7cad8bfb631ab7fa48c57b74adc866057b1f7ffa4d909fc746fb38353b4424c23eb0021ce725215bfb9fad64f5f228eb1a8fec218b40f03d92fa1c13420c4ceebdf4158a88221e4e787cb65ea47e9845c7fc802791bd97f133c5ae25a2c8ce7736d10d4c5fb14fc12897a04ee14843b02fd85aa218d1ed047f4c7942f453ddaac5710b03c2a9c2b8cf6dc721d6b46bfa42bfc8eed103dadb574d82fee259215810151332f14d327cd13d9fb5e5d1cc886154b033a4250b9e94730a19eb75bb73b8150f0b9c c5edb4af2cc5d1a02c0a2ea0e1603d4db2ad6bc28f47aca119d71b26ffb962e59f832ff81baf9530e40c50afe3826f10d70f52ee6ee33606c86098889f91f365a03899ba487d85e848258c57a65e449f13a7d67c5e22bafea012624761f9443b0cbc540e60b4a1b68f0670445c8663834862956ad83f30d96e69a7a04d4e5499c5b626fb28088f3842bc780923bcf19f7eaf9ffb5823e7ca4fc6773d70ed0954147ae511b0641afb645bbad810a3016ffd28469ad685b64f51ac353de718e6ce56e750fafc073abd 47bb1509969792be5d759bf0134525c4ab93db10c47e0309678d3dabff350e8fb537986c993203062898a800149f36f4512bc5465b137ce4f045f598bf78ba0d5566c7612f3459ea75b4f8343d025c612a5b034b8e5adf1d6dcabb02254ea578d3b3e14b29feb936855849154783d663bb00a658b2bea890cd60bd4528ad633389dd634d6d1df4c4449386c0fe502030fe9748be5a4a2fc555525d46fae6edd5691ef58202bdc835db557025757ae58eba2d73fc6ceb4efea404db27d0fed4091aaaf5f742ecce6b
670ef91099820e6da9a947217298981d38c0afd8d6b44557fb3f6048da9592f2676d0452a2ca5354d81d350a0ba791b7442aa93ebadaceaa8ce02cf1b735f540606e17fd187515ab1ee4e7c57760b403ad9001fc3fc1444b4199925ac4efee577d63ca017892357d8d89605c5ada34558ef858154a5e29864750e3e68991cd1c650d5546d76482184ebe6b599027cd028999c3c3fd29d42a2d8bb6a301b3f1896f0526c775bbb8f8bd5474b6fd87aee511a6280286f4f44db5f260ca128242c88b151b5556c6d664 515fec16f5fa04115eb102f6560637fefd7205e749e6380ed93e4246cb1dc00e245aa86686952e9368ab9622b51b68c28c6adabfff49b2262e13dddb00a02d7c59ed26918ea2fac9c291db7fbeb4beb4fb64047c7d68e3b355aa71d10889979c9bb59954cf3c707ca2d5a7a113b49b8b88bfbaec82ee26079a6ae810f68dd7a8c0cf6d4fde4c59db8b513d8a5eece492df938d4f5ccb3ba5246a7da0d9079688c0d67de9f70086c57a3555de004aa3432e972dd574a58f1d03e6e8c761266713deb5800afb9d3131 3cc5316d601260c22dcfa1d1c5141062f238572c37f3b5086a8209dcb042224c9d61b322c4ea793eadec669e3e948aebff7999d965456cb2fce6068450374b24bcdaa8d515d87c9d889eb6da61f22ac81e1156d0f2fec644aaaf028aa0d7f0e5184d96a93bdef855722b56b5681661572a62f9437d5838a632bedec79fb78bf104555b67338cb4989a221fc22b493f66502513985b0fee3a9e2fa00f0f1a86f70e7ed1af11708c2fb511ecd1c45bc06fbe6601febc40acb6cf6730e069e1a3b1bc1d44e94ea0d459 6ae186d73c2bb8d29c366f26bcfc18620c73f063c12e08b3aaa0336fc056d151aed74fafe2721e2db59fe1232ea8e7236274bfec6bbde7ecc9e2261c929d446478acafc0a009cb72ce5999ccde9eb314d15e73d691a76f4abcddb7b87bcdbb3c41452fbf37f5cae9f3cb2202f842785988e8ee6cbbe49a2d3d3ab92bbd395d5743b8915803fa57f8123e15f6e95ffbcfa6e725bd66d5bdb43b2d0b95508238853b8487a963df3af0a0d6612963277010c745480527dac112429c1d5393abdc2a0376a8f19b543483 385e5fdb3f2d4e3a79bfc6b29d4578d431f27e48ee09e5bd0646e905a3c505eef9fd6168e53dd47da59bb7994ecaa6777cbb5f80d1b2c9578b1513c861ff9dbcb13e3fff9148bf04b1e4901e31bbb871c86a430f353d9be61a5e9b5afb40eef08df103b319a8342233c22347b182d506c3685296ffbbc01559103499e9300f20a9e2ae37005125ddc5c4d42acee2d4b9a00ce894353b18c11aa33257549c3bf7a0f9b4c5df0f718a45704727634b32bb0d1b5c143585a599425036d0d7ef1fd98f9196227b42577c b14046aa88e8592bb3ceafa1800b418c338709226170e77413f430279999758d5a4e0688e71f33e0df574a18fbb980aa868157b2cf8b85aca8de69fe01f57e82969f9983d7304f8c5f2828d3f2c98795546b2e8bc1b2949bc54c59dd081ef4b8520929ff97c6e6bd55d1a2fef6f065008751cbd1e33cb9c839c901273300880b29deae46dbf67de3511fd4930936bf3fc81d93867c5d0c95e56d925c9289b23b17e19daeaf7eb5fc85e935c56da63a6281afe7c1b61f70f1e5a7dd77345a2c1b7f0e9f9ae6ef98e4 1cbc73b835a66eba58dead7b9efeabd3a2512b6fcb3df6c491d17ce44ca17ec9b2e3c0082b6a94ecd075f09f62d249da51a8cc508bef66fe4ef8bf3316fd1e5ff0fae53fc059c6efe439141eeaebfb9257a6887f3bfd5f938361b8bf6ab7c7980d80afd4549b7a96fa08eb24d2531a02ec14f0b6025670266318f1402626b7920bf04f44933c83b4a0033815cc7b6c83c6cd8d77a5eb3a1c1f5110fba0e0665b9ff5f3f1d6336c51acf3c1dfe61f5c5577f210c235dc0685b92a6d6f61e5b8a955e7c99c1e5c9a14 49d6519b9d89cb9e75e80d4f65185659e4eebcb88ba7b745f8462228b66fa03cdef4773be3eba54b5fd5d7a01d1eb3ff92610da8ef9d0ff8112989317b709dd23e46ff86e6c93aa50c5ffcc1f2a29c12e0ac600852a69ada544556e4ea84d4310aa3a82c20f7f4bf39b378320433ee0ec91834495923f3c3f5bd2cc5c96d299676d3a552c49952d81af158e08a402230e1593cfe48aacb5617823f6753b1fed1cd493872adc2ec9ed97fceeccc4539d62873dc151595174f41d586dd64eae29a020d5c7cb9777365
bcd45e91475608b5884e8fd8b0129f4b096d2eceaf4b726fabae8ffca17a69bc9d2f0c414f92ddc734f30c3802c1b5aca7f1601adb3a4c34b65ee03da15e76995ea0cdd40d4dd27d02930c158ead3a4939d653af65d5a24d4e82a81dd85ea85d21f8e54ff565d8ecc6a9f64ad9220566b4f68dc20e6600a73b954b11b3cb6af24873e8956a8c2be5cc2d05ad3795aeb872f0f64aab540f26882615b545af8efb0e8e691cbf3881f8d517d6ea9b615654e8227444c72d90741ee40325ccfaf0d575aec8dfd9e19b23 1e93287c0080720cc6c0db8ace15d32a3e277abc83029704db6d27308fa5572a36b922acf82c59d97c410b17cb1b4e05802db354c1ba8c5d3a2dcd6671a872b8780c5343fe63ad625880a065136d3508123f73cd6762e34eb22e04aa10be57a167e91f5317d7df9ec619e87c51e3cacb1048bb85599f85c00049795d1a9aa0c1937066f7a5fb7bb6eafff0a72aaceaa3e288bbcabb089d982105ae9dc84b090afdbf46bc6846dbfdd06ef232d5311b0b2af49883282626c6f42bc348a999d8b7c246980f228429e4 d2beefd641410c9f3e6a92e50d5e455589ac6ea80bd14313a0661c05219e0d49310a2df96f23716b1de203a0cc38724f193503ee0427cbd8912609800a81cb8f7f945130391c1fb0189ee88d5e1e2aa58c6b4bac40707ddef948650c5739d17c61b42144b524047470052d19df4401b7111259c4c84467392a1c8945a4b02e25762d673c52bbe0e41077202c25f49f5ad3d774066ec6465696812cadaa645272d3793a536a83109358ce84acfc1f4c8a3e8fd5eff80213ed601c5fdfd651130b59123c84350c71e8 31e797ec68b3c8e3935b4a38bc21e2a6c5713151fd7bc8f7b1c5235cb267f3516346333fd3d0655bc5fd2cef64e4d3fc616f80ee75211495d58e29836f9e977b8ba84c35d4575a0ff95b54d2d346393d37ff12d27607919ea1973d77b2240bc9efb51478b3394dd2fd4cc5b3ac8e065e931b20b5f2fc313c610f826836e67c85766965967b9bf3e2227f7ef30f25e0e3cb1976217d35e2a63a67eaac45d6842e75556f8ab20351cdbcf28861cdd3583d203bd0df1c565298a35e3c59a2d0e654503997970e9f4946 7be7c51dffa19039609bce12a4cd2c9fecb1e12706e16cafffc5fa71c1a54795376dd3f8b5f778b3bd5ca07ed75d5b07e9e2b521fa0cffc61bf18dac4aae734f5ce466428c5dc1ae00194f8bda1626c8009ee410c7864271ed699d095b28a957a57798fa2ffe9a6f85dbd0fa3e7cce778fdf83cedec6e539032906f98c8ebdd6fd6d8c2897db7fb2c084b21ba1bf5f05e6b1c98534f8d280baa97212212747bacba234e3dda59c797c7d391b2e3a4b10d3d1f7fa39bceffb6d9e6837f2cbc92ebbb9e031be0e3e5c 76b33aed9372e5f595874386167d6bd278786b97f92e9fadb05fbf17c2acc44641e604a901dbb89daa59aac169558c750cf18b99d4ea5a80438b0bcbfecb7d166a20275120014f590b9fe462b9369ccab5db03057163a6534a9170bd722c60745ad6135c217d0a525d60bf480b6bce160b4cc505cb5ddfd370f10c95102ed436e533677e53071a4d81956c0fcb43aeb35127a5186c461e7717c6ae9e469273db6ae6b6227fad9687501ffb7a7189d76048064f1762a3be682f28821beabeee078ba851c5f1875884 897f958c5af62e440fb113c566d1a6336ce8fb9bd14e323d3f54cf2a5d7650d777d36e22306ea845ce46b63499ebf23260eef615f209b62068cfe8db26929d14cbd54ca9a0e2d509cf77a1b1c8661922b4b35c88dafbec25cdb3c062864e23c58aad777ea802951059c825a931e95641e6840472ab92c70cc402332509ba9154d5504096e301eb492e2e0f3605fdadf6ef0e24a9444afbeac3cb2e63fb27f846cd31050a4891184ffd6994844e5ac86ec4fd14f432450bd551deafea59d5af5b864eb7d06895a454 a51c6634ecbcbc81b0f36dfd9569abfd63f854480c520de0906afae5f18d8eb6663fd8a72b1db896b913f89a94c3f6e8b3116623ed017e9826d66012ad3e826f8424d8fcb63c2f4bf3474c22e83abec6752cc150bd57f525031f01979e374a6ead2ea6df51b6499581c843ba380b1a6c607a1367863d269ec827a5d245641a99c28dd974bc9ec0d685e0d941a3d62c525ee43c606071ad4b978339ec00aaba9128b49cc15ca50ba6166b4f558ad9c8988b3d53c0a85a77f4f61d7863e27fa79cc7cf97497590b2a5
8070a1e7b3c7d36dfd2b5e70f97289fe5f2da84b551b7f00193ddd7025f0942837051b919f828df3b9c54293fd89e3756b7ddd8b842d1805a40d27d3e505bc3df06b780d8583198e8412fd4cf5c55f3075312c71c2feaba7c205cf103c8d50862c4831e16e5d3262bc9ecdd50ef09287f3fbd1378afb878842b0203cadb9fbbf2c5a2af5b3ffed25333f6f21010b436389c3d3676d0b368ee58e540cc6e33db551cf584fd0aec9a61307e011a19d3381dbd8988b32ca84884ffa52af178c8add9f03e5d60ae8f7b2 0cba3f8c5185981f3f165d9f5058cb884c06a1e82d73356299444361e8dad042f91e3cff641ea9106c51a7d50ad115fbfe92c5cbb9ab29a8c3d8e47ad9cdaf76ae15cc897bb80370f3b1828baaebd09104fee678846b23179482a0c7b4ce53b00324cd2a4dc3d0107392e985de650bc7108cb5adef750007ce8849e255f80145efbf79d4a85a07ca32bd84bf319469180d05c9fff33909cb23a9feb85f994ed692ba28c8a319b0368c921f8bbbcce7b9c90d4586435f65f2f3249844a56ffb040b042142382f278b 21da21de359da67fcbd269bb84855dc49d43c0cb117f3cfde5d2d365f3f56e61d8c9378e5be48a355d66acc7c7e7f0d4f41b47a3cc3d157ea6aa398c26bbb6d3bd8a2df75e631823bebf079b77a6370d9c7a557645776cd43c83cf130425bced65f9804aa862c3ea2b7f8be29ba4c0ab9e364f426a0bb607a335dd05a4fcb4ee5a6bbc61a1ae222a451f89bd7339130c7b73ccb93491bdb79d3a0beeb88840b6c84d2f006b14b846194f049d2f7698b7eb9c1ad578974d6dd88c7907f23495c60e721451729d74ef e45e00bd87b7eee9111ce5a81089c5e2fa4262acf337e32491abd4cdc23f1814cae1db77ae490a0083b0bd90b90317efdc7bf6d93a85fa9ad7fec77472e7635cfcc3add7853e8e40252f29ccd00e9dbb9dd2399826fa1a4f046d129b9845624b8c1ef561de0e172520ac3161251a8dbe8d09bc479bae0be9302fae9784a07e552735582326cd5ee8e348cdda268d5440185ac09c1ed0e6cd104e2d647159e445dce3839fed015af000d5cff55b09584033681087cd9268d18bf74cad0c8353f62c6c90029fb6e2f3 d148c48b6c622f9a965d9f7e4aca245f655d002f3ec9bfefafcaebd8efbf18cb93c9c5604862482c1de9f7add25d467a928dc3e8a6e21a46eb7924e3b4f71ce1a682a663bd6e672d0c0c3138b914ecb52bf4ce18b47592949435b2bbc44d25a02422b5e7ad8bfb0ddebcee07f45aeea3bfc81f8a239fc7a9a332a874bcae4d83e56825ab3e6eb9c412964c16ffb8a52f058956620987d68b843937e7752aee53a8333317701c9bfbe1bf58911e0a2d69e55584571dcbaf9635e50ac7598fff00adfd6709a9d18404 2b945207813ab1164a146a878c20689c07486980089b4b05b50b53cb866553d5ea88e534439a7ea87e43d719b1cf5059e295d488d66b0fcf989c7f70614b8336399b50d97544fc3432f848d6725b1b372e04b9e23ecd44781a3003a3251d6ff9e978871781a27e47648c1c6267033b7a2e3da34e13d424f14d362de611fe2b6056c7eb647a4a519b86619f69df5f50aa015a56ad5694578a083e751348c1002be5877f6d2f0e22893e2506c03e0a61f29ae38b47ab49792a8611504ba3dce43e12fa8febdb04c15b 6becd69d152aa490914c963c0d4ecc2247751a8e02bbb10cd19065ccc0275199bb9e5fb01cd96e0913150388a28b21601a5192fe77c747e261737fe0c1aec1b6ea380a6f01960c79a0c1bd7e6a1fea968b60335030be87d996e10bf4b2f0878459fa5a14489d9ebf6de1c5c34de85f6d2cee6db4fa076f9e5368013e58a426c65ce4e183f2259cb772d3f8535af800ec34fcfb7ed1206687855c15fe0a5cfd468242215b2a26d687da5fbeaf69d1b224e1b391e4f73964c4975e47f80b029840f76fc36f5dc83453 55ede238affd92d3f1742be7c9856bb0709a4b667cd564ecbfe0c2c665b0ff45cccf4f13b1c8f28b8d767179a45a875821f875173d7a05fb58ca76209dccb047121a10904a237779aeeb877106288eacc4bea703d4a7b6e47ddb6a88571bec6c6f42b57842b071af6a7ffe292179b6bdcb2a1a2e22f3be8f736ba4fc1b2345fb52cc517a75d854a8a298713a122f9b4120169694b727ac301c3d2e76b446561864590035e1e7162bc32c7f71fe4225a49f9d57bfac1867aa7c9be36ef44bbde9d80ff6343b7f7c3a
5f6f5bc4600c64add07ceac5597136c066d58a4190b05bb7be2a96e5fa5c0ba0aeec4995c552bb56b2620dc4b4d5d9a50a75e460abccf1c61e2fe2e3892a6708bd4bde3d521752edf6714e504bcf7a5989f0ffc6f96c86150005113216f1df6b92088f89ec83bc92413cd868f907e55872826e7249df494a325784ce051032ef509748b86b0dc329fde44ca1f21ed89838da80be8713ee44bc975f8d2f847af146b963c052956861297d005c51313c5963cf68dc939f2796eed97f0effaeaa426256fa17da761b74 1e3e44f43cabe692b56721608743386266d279db2c6bbad74b6dc7c132926d4dd6dd96dc69d26c942a8893acf4f10d0ead28d11c4ed977a14c8e271b7d0559922fb0afcc363f7d6863910410a11045625c8ccf3a5c58a8f346559de4dd7a3f8cff98533ba2aee18fbd531e15694b86433de95c527fda43c4cc8d4203a4c358748ac4969e9211fb02f6d608bead8ebb74bbf186b3b91a1c4c86e1b8e63d7976e1469791f6d78054096e77a3861ca23c316166d35d1dd5b21575baaec25d57afca45ab36eb8908f724 952c9a153656b47c32d746fb8eece33a6f9f9f25f5657a4e9ece429738580e931b8ca45501b71863f9b373f17ff286eef98176235da009bd3e4885d452e06435fe2d0ad2a57639c66e76fba2ce06e6cbf1c33cfbc78691e898840ec2106b5644e0bcb6e814238044ea39a23e0a3f6ad171ad01f1d41f7faeb92b3eaca47e4f3031f0ed1802956ead81b0a332e2566e31863dca3f09997f0f4afc39ccbd0c868228868185a19be140b200a57de7e431e3524ddf699c4ec72d47d7128f21134cb4d2c28715294755df e6c43df75a69f4da028a8391445e147239fc7e83e31a77dd53f5230372d6684d7ca70af4f231af92e189e947ddec2256b91f7da78bcd763a2837a9c02272c9e99961296bda71012b303cd215bfdddf94b3712ce1286799261cfcff3e8eaa18d7be45074efe4a7175583cdf12e0d76373f64443248f8815195955f3f568c0bc21e228fb3dbaabdd5ba5558acb40463aae96b796a580be883ea1bac5f3dd7faf60f2c6b1653e27f0c199fbb5f186a88103382eca75b10cefdc97d40f736545e218c72e5e9753308614 f9ee3b16ad5c67ca3d064be486f4d5f8c1b2e247c25928185d2c383171e6bfc987126364d1ee07f52b84e098f400f5f53b30ec5d11e2f99de441200f9eae771c21f6c8f94d73a0495074e992c11c091c6f1b30b069610f3645a5c0d0b04b299d5952d7047072667fd404804f8e71e88f9d075f70d18d5fb39ab1e3f17dbe620e5fcc900f8c460b1e9b07e106040386672b62a24525fc50db355105d69d9ec9f399cf0c98712cd58197d3e546cb3452aa1203adaa4cea402d789a9251fa2a68b6ee026b823db6e3ce d082f2d66c773fa6a6c621fd785c3eec622d5af3a5c10eab778947387d9fcdae86285163688c741d067dba4e98368d18831bebf6d3d16b6c8af2ce2e353b5e41ce9ca5ae090a08e20fc7062d93a5c19c27d1472ad4df13748009706aa3ec238c0395d69d3f4f44eb2327b6e8ca6af57c1f395f8e18657b22825b17f46fa45aca1f3504073336a8a95557bd48fa5c48a9e2685dd8aece855d24602f8dd5d362f98aff59b3aec2919e2a43e0f05e0791c4b91aa47cd6bf8359cb093cbbeb924e338bd7dbbba0664104 1eeb507a7c76e812c97dfb97872c26fdc5e16ef5b212551d6c4d1d75961921a2d240a2b49f1b269608e4ebfee88baaf9c0270667e26888859001594b8c47f8728f770b2fd26f068a0be1eb079a9a341b5dba0ce5d5c596c47f5f2b582e1017640be4bc62f47c0273fe99f4653cd8d498314dd747e072497d9b051ea5b58f302f8c89a5da9f5841629fd1f2c8f51eacfc37d1bdc63d0a76a2d487debadc47ded1ad4a79f5fa14484205ad240a5919181d45a829743ab663fe872c665d8e23ab690d63d9588d104e2d e6baa133c91934430ef67fdd36c29e268f727ac29207451ae56b72e0fca6c5d43edc335bfe25cef435203596b13893321d2c5d0c4b71887035bfb4e5182ae0662bc54d94b2057af55378e9e5c3310fe18abea5e9ee6dcba1dea892964f31a9a9959be9732bb81c8cd95136669213270c9be8a4036e3593e931425fbde2e6e0d1596d95414fc9a503d881afd2d37ed39a0c1b244e6df3d13d1b8343aa2db7a3f3a5ea4d9513a0fe1041f7e8a109e5af87c3e1b9ffcc85a92b15a211dd0cde668e50784a48780beb5a
a82b587cf7e437a92082d3ea2eb67e15651d4d1a3eeb16793f4c4b6b00af7b4fe7e4b2c363bfe5844f4b7dbb3105746ce841d5660a7c05a723932adb6ab38dbcfa1253ca65c7892ebdf9f8a4f4af08ffdae0152572abbf805284a87d81f84a14efadd1c3ca7e3dafd752f759bad064e6c9b9ee08754231c5d95cba4a9010beb81a08139c21c42f667dddea61238be1e554c3e45afe79ad7faa2d22cb38a900fe7b9b8b097110f4d7a11573c88bcb841fa7a7733427c1e01f64f5dbd3c2f9e7d027960361b35d51b3 5c940f8f8ebb5acafe1283c17a4a8999206be5011de075f2fa6e439397c5bc0a74adb929a018d5e1f0fec9c758f702e4a005bd344735ffdb43c3de89bb4e19e8df401297c7b46df3b571fa1da59f2a67a969636b9faa9b1160a5454b6b0cbbe6df5a3ada2762ba12a00a3196e0d5582222fd14fa07337b95a49b7313aeb6a2d03bc6a7f39b22fdeb26368146df4f0e37e3ee5c0c25cc6dec30c49137aed45444d9ae931ca4e515af8eaa728050df40aef86eac942a0a8bf95bd06ec5416d6a6ddcb86ceb1aff3586 34bff838568c3ee8f3bcd68d172f6c3063d8042fbedcceed04ef15ffb0d2c02dae8a13059547f8dc7f7321db5daf211ee49534c181abbea3b57659516503de9e51c9b16c800401ddfc0e0ceceef044158a67a12f27e735fe325e5fc1519fc6b35ced194bbd25fece5a31b3a50dcbac1658b9944776c0ef89e5019e87dd792adc33fe4809cf7c59afd8fc59fb7ed20467ddd37e6fb5eb328245313a286fb01c3a70d0f3e1fececa2e39d827d22e9226a39fbb3b330fe79e5f20b82254d5282e82b7979df7e9d7deff cda9e7d6529bb0015494eb244829c284416fb2d54c211ef9321682da41e7ea6d833f056c46b532498dcc65aebf4081caad08cd142c15ef14b5ea5e090ccefaa16524599edc5063e60185c4fcf77644af9dd76f516bca2df42cd5716c7c24ee28cc0c1a655409e562da1ac7704890974cd910a2916767d2a947c690415e643f1740153db5527c3cee603fa74b0186ecf7079a407becd7b45fcf7ac4f22acfc80f2d540ea5f4a16e135f666213acbc63d4885df91d8dbd96b9543564e47d83aaeccc3786eb3bd99c95 0bd5d1bc1feadea179a4bbdcb70f078179b2bf31afafc0c354a6927b0a624c14b562a56e329ccc7b300dddc224c3a86b3e8afd8899576a6b294c65c997a5de35d88b9f30852e16310005074e99ae48609523bec67e584ac2e74ab3d44763ced30a2a590fbd71536e713729977f257e5cf43ac32b33c4a003aa05ebd03fed5faedd6088d46fdf42440114393d7bb4429642349af853382013cafb5078f6e0e06b34d75d0ae61f98e1d3037a8bbede9fbe241543c008e705f178fd2b50dcd95fb93c380455860ee2fc d454bb741a3d05ba1ff5199f5e1b9498284ea57921978eec04608c42fa1e85c2e16fc29426286af783b1ecb51b50bf47e2c58efb65acb1e4c82a42b14a1188affd5b712492a35c9675fa75f7a19dd15775405e0e7f5f20c69ce879d39efc3f1dc0548c6060a831748658e11167c7bfa20acabb96f12fc7985a52546bb6932d168bae93abd7a9eccf768f3da6b4ac2bea636f18e895306ae55165aa056dd9fd2cb10ba2a799bace632802a15f5e6da84437e623db2f0a439b196cd08bf3ac109ef2706b62827f599a 3a071b36c22a3aded40be89c136a1310d9bce4c75ddebbe08b4ca478a89e20fa9495057d66968239d61ea4bfa592298bc45ed526bbc5c9ee19feaecadf9d5d054d58c1966077a2242682259237f3eb70477001ce510efa77b660c72508240f47a99cd230b13ef580945181370890fb52ff668a65f148b38eb3a518754a7837172b3445bdb7d2666842c793cc6ef82dd6a080b8d1536adb6b7b4d98bf432abb290e8a4945fcdd17ffca5b8cc22c91b02d78c7797c48e3bb52e2dbd1f9e1ad3b862d72e5aba9c081fa b4bd67aa49f521e772945b5660a70651e46a745d57645253a5bcefda5c45f182e5cdab93f579a9348ecda884546f2bcb3b51e9c666acc973b545e22407bcc4c2311e44b8dfa9f4deabfa11acd752c25a6742338fae1cc1117082d52977f75f2ffc685252c18862616d5b1fd60b88cbb35c7ef77abc5be901b951c52c0cade7afc818ea2964ba827e622cc24276ba6c454bf61ac2a534e1efbbffa97fc193b0b9d24d8135ba80fbd58bd223bd8d91757b6d580eaf75725dacc6d1b0ca711b994cabae9127113771c0
aec2575dd33b9123c3883c7c357b1549404428d4b0384503f09043aea14ca8d21ea55d07a150577c039cc50fe945437a26f08ec621f5fbcd93d78e8516221723af0e04e6f8e1a8f2927485239101fac73de1bfce185fb877293e423efd45cbe022b92f18635f760cf705b09d6985eb5af36cca02ee9f9ca38a0d939048a4b60fc62fccbb384bc3882fb46621a4424604ae9f662f2ceb01c7285fb5bae46d2c5fd0db0efe5b4e45d444fe5afdb0b5b2f1cc534a14cf0f8133234272257ac26e2fe70dd67b6090a721 9921e1bdcb50d513e3f9ee25be30c053ac73409089df0cca4d8909713958eadf1be7b6699ef0e88ee5dd6e534f63f760ceb381d5f5fc05ab3c105e7cebd8d4827b578ec2547c68932562b1f46fd7bde8520a259e7d89b8d91439ed9631420cc06ee011212adfbd3a1118f84348bd8f2465e6f6c6f9eac2e18f87bdfe1cadbe9c7f906ac42e7ac80c040ab9fe2833366038c2e189b1f4da95da319a4c1240f43d4a5260e499d6fb0b60caa1dfe009936d5b0b1a05085e99dec8e24b51b35fe11c9820165b49dfcec1 ca8619e12482a75d2c63eb3979091c25d3596dce2905abf2a81ad5e042b283b535110c03855c857f2921d4d58ac0f25b2f70b29fe1d62f456cded46df4fd78b4c3d8817d82c66e68a158ca971ca220281d0ad1d6141f1818cc2f1348375aad832523f2c67a60166f091493a879594a3bd7ca6025a3df929e8e94141abbf7ac46191990038961ab10ecbd41626fdc1a244d5a6b9e74f17e99748644a8d068917b4e3bcfcf5088f4538d5de10d308d8d09d9f1e80de4b7c0885b5e28bcc4f728994c9088c4dea35079 1694d6ca64d52d6da6972967a04a1c15ac81c381ce97845d8bd5c43971bd513f4d500b106506bd058a856c4a08cd858e993626d4a2c5c91c2831fbb9881e635aabca7f4aff374d817cb5c5bbbffa90a01724d8a20afb7448603a7d422a360c509c166287be182fcf6d8d998a0d8cd93db0a88553379e4ca4490242b98510e7ab8e5357863482904b363a3ea4e2711f359d5d31a32ccc2c2d43c37ec48caadc94a54e6ef2dac5dc2ca34283c2edbb21af30297a23f11af5057506e3ca8572be399bbe6c18382fd553 8bd1dfe5decb626ac93f3a2e95edb59f720ece777529f1e60fce8e103107ded41a4f4dc5109b2393b241aa9be5fab7feb0af5f6b58b4ae652192646ccec5dea99c37f5bcd5d3e5d125bf64096f140fdcf78754db3996af1eaf0dca733449bfa904d3c5b5624bd6e459daa6259deb3be2626c55381ebec9d38e70baee691fb6dcdee683d0a4a9c53014225902e1f3555ea9dfcf0f77bda554325cc3e83669853f07f626cca516acd9b09a18fe126b3205140176164ae31d8fe2de72c6ca49e63cad3c96c3d25a62c6 0ecff295af1bc064c7f297dc2648509c8eddf584a4c2ba72a03c18f009dcf0951e1487988ce16a98ac5a9a53765e78f219814ae372675be7b8e104c2169386c44f35d1432ec9b804b5cd679c07e2ea43491ddd857ea94f4efaf95d18ba3d5130fd205a2d156fb2ac35e0853e149128427711fcaf75938d4e378ab6214f95998b482fc20c2e3c113aa1cdc8ab5dc7edf8c08309c8c6f5ae817c76854c4c1be0e7be9d056342872fd3baaaaa57ff45a9ccee66c62f6632773d9fcdf3a79b5f1b8a018280b829eb835f becfa7fb096d9c2d71041c570d1d9f89b4fa563ea0ddb3c11f5e6fd3e63c50f86e289b965a11d72572350b88803ac90d9145f9e9f405afa429c3b5bffb87ab6219a25beab974a65056bf0d26e3e643d54081996d589e3ec33537fcd6d09b2cd4421850977d2adeca08759c4cf44776e5883ca53e28d3c7673770e06ca1d4191f676c0188c4ba204f679bd5b206b1ca4c7db97ef941857fbf7770892d312e5d5f3788c524ab7604156a0c9df3cf3b4a3010e907c1a38ef9c27d7b8a1bece98ff502b53c0d0f36da6c 0a9949d05d5e6159a3fa2c51aa9cbb41ca34ef6183cd2d678de070931c14ee48ad46bd83cfd530a3945271b16a0aa8d912e41e283f8600d4b16f3ff82fd0c203472907d72987c77174981267ce986385d67ab85419f6af0d9994857a22784098c6f901501ec0c78198741c0b463e97051963fe1693b5fab72cfc9dc7e70570ce18fcad431802fe581b4e630ef6d22ad3f91243a628277ebf58ba9e57e9d0bbd8130f388df246ff7acdfe6c7159e3361ebee4e970c7d81f90d893c8086b9589a57d147ae1313bc846
